epsilon,eps_actual,graph_type,exp_idx,n,method,t_embed,r0_fit,r1_fit,n_iter,termination_reason,t_spd,stress,pointwise_stress,distortion,sgs,np_score,alpha,source_shard,theta_fit
0.28,0.28,euclidean,0,433,TorusMDS,7.6048,,,2816.0,tolerance,0.1043,0.201948292971399,0.2688363096497132,0.169405178587516,0.8758586085030465,0.8401362991946714,6.56684,results/grg_normalized_TorusMDS_comparison.csv,
0.16,0.16,toroidal,1,633,TorusMDS,2.1072,,,2944.0,tolerance,0.0792,0.1033969181181819,0.1490799851545501,0.0901907339177069,0.952431268011933,0.9545346592901582,7.901089,results/grg_normalized_TorusMDS_comparison.csv,
0.4,0.4,toroidal,2,271,TorusMDS,2.5763,,,4352.0,tolerance,0.0332,0.200127788416519,0.2674966664952107,0.1767765938101908,0.8620294957947646,1.0,3.783469,results/grg_normalized_TorusMDS_comparison.csv,
0.28,0.28,toroidal,3,400,TorusMDS,1.9728,,,3328.0,tolerance,0.052,0.2043740154078998,0.2800106562950314,0.1727124154861305,0.7882680460100571,0.9490328656092692,4.726689,results/grg_normalized_TorusMDS_comparison.csv,
0.4,0.4,toroidal,4,505,TorusMDS,2.1491,,,3072.0,tolerance,0.2847,0.2023794693261789,0.2703293195933705,0.178887055776137,0.8623202801052005,1.0,3.791622,results/grg_normalized_TorusMDS_comparison.csv,
0.34,0.34,toroidal,5,211,TorusMDS,1.7397,,,3072.0,tolerance,0.0142,0.2341416445986505,0.3046056083991211,0.1954938909192997,0.7380277462288442,0.9861935600284464,4.104034,results/grg_normalized_TorusMDS_comparison.csv,
0.16,0.16,toroidal,6,318,TorusMDS,1.7539,,,3072.0,tolerance,0.0157,0.0997842905402453,0.1385354346989948,0.0863841997297619,0.9530415997789964,0.9274117685442482,8.236891,results/grg_normalized_TorusMDS_comparison.csv,
0.22,0.22,euclidean,7,139,TorusMDS,1.545,,,2688.0,tolerance,0.0031,0.1079993811341023,0.1667300081756632,0.0955370607434533,0.9701925223398964,0.9326125635971758,11.911759,results/grg_normalized_TorusMDS_comparison.csv,
0.4,0.4,toroidal,8,269,TorusMDS,2.2846,,,3584.0,tolerance,0.0324,0.201883766265916,0.2690532632501011,0.1785009070934975,0.8624577012268069,1.0,3.784229,results/grg_normalized_TorusMDS_comparison.csv,
0.1,0.13,euclidean,9,171,TorusMDS,2.3197,,,4224.0,tolerance,0.0036,0.09002272721069,0.1229427901542755,0.0745654846199943,0.9823530293092696,0.9161044838374556,25.893899,results/grg_normalized_TorusMDS_comparison.csv,
0.4,0.4,toroidal,10,537,TorusMDS,2.292,,,3456.0,tolerance,0.35,0.1996294350110275,0.2672027043274583,0.1761543726138915,0.8618214820312423,1.0,3.793476,results/grg_normalized_TorusMDS_comparison.csv,
0.4,0.4,toroidal,11,357,TorusMDS,1.6804,,,2816.0,tolerance,0.0684,0.1995099977894212,0.2654333466727508,0.1765831730231254,0.8622364445050728,1.0,3.783046,results/grg_normalized_TorusMDS_comparison.csv,
0.22,0.22,toroidal,12,452,TorusMDS,1.7009,,,2816.0,tolerance,0.0492,0.1356832457164985,0.1825038609393515,0.1187818749579504,0.9209783886248776,0.950879213978064,5.894036,results/grg_normalized_TorusMDS_comparison.csv,
0.28,0.28,euclidean,13,362,TorusMDS,1.7602,,,3072.0,tolerance,0.0325,0.1346524583068376,0.1974451535332302,0.1195207167883918,0.9515546323613496,0.9549030251022312,8.131079,results/grg_normalized_TorusMDS_comparison.csv,
0.22,0.22,toroidal,14,329,TorusMDS,1.3231,,,2304.0,tolerance,0.0231,0.1331361924639449,0.1813693100816852,0.1157971928663443,0.920754389365372,0.9342634778991444,6.004426,results/grg_normalized_TorusMDS_comparison.csv,
0.22,0.22,euclidean,15,823,TorusMDS,1.7468,,,2304.0,tolerance,0.2135,0.1166729426480294,0.1781294814473125,0.1034456274900967,0.9653148181766754,0.9426069323358224,9.839426,results/grg_normalized_TorusMDS_comparison.csv,
0.16,0.16,euclidean,16,123,TorusMDS,1.5344,,,2688.0,tolerance,0.0019,0.0894922712325759,0.1329652927164596,0.0757466126711347,0.9806075651610134,0.9009826955504172,18.2746,results/grg_normalized_TorusMDS_comparison.csv,
0.1,0.1,euclidean,17,856,TorusMDS,1.685,,,2560.0,tolerance,0.0998,0.1814143248827575,0.20246355969458,0.1341560064489034,0.9144293924897876,0.823546355691092,17.837333,results/grg_normalized_TorusMDS_comparison.csv,
0.28,0.28,toroidal,18,467,TorusMDS,1.7611,,,2688.0,tolerance,0.1489,0.1688551644858926,0.2184042210475757,0.1482977536397328,0.8628661340349004,0.9781234771189794,4.771561,results/grg_normalized_TorusMDS_comparison.csv,
0.4,0.4,euclidean,19,250,TorusMDS,2.1169,,,3712.0,tolerance,0.0204,0.1791257855030669,0.2474685951953268,0.1569046466389214,0.9129810141364444,0.9837830493209524,6.318768,results/grg_normalized_TorusMDS_comparison.csv,
0.4,0.4,euclidean,20,199,TorusMDS,1.7603,,,3200.0,tolerance,0.0123,0.1811520226723945,0.2507238858952039,0.1600795213745451,0.9119961489027462,0.9764113781793736,6.419622,results/grg_normalized_TorusMDS_comparison.csv,
0.28,0.28,toroidal,21,634,TorusMDS,1.7288,,,2432.0,tolerance,0.2739,0.1704995679631732,0.2186113208596926,0.1497042463218753,0.8536362663451341,0.9775208668840571,4.738285,results/grg_normalized_TorusMDS_comparison.csv,
0.28,0.28,euclidean,22,426,TorusMDS,2.4908,,,4224.0,tolerance,0.0516,0.1310241241520081,0.1947744329761617,0.1164966554487929,0.9550213611626376,0.9648582691837856,8.000268,results/grg_normalized_TorusMDS_comparison.csv,
0.4,0.4,euclidean,23,961,TorusMDS,2.3051,,,2304.0,tolerance,0.9531,0.2195763079057983,0.287529047043934,0.1917733693928676,0.8593288466722597,0.9480366188418288,6.663767,results/grg_normalized_TorusMDS_comparison.csv,
0.4,0.4,toroidal,24,119,TorusMDS,1.3224,,,2304.0,tolerance,0.0046,0.2530015972015571,0.3223257398595298,0.2162510946024007,0.7371592430042718,1.0,3.713153,results/grg_normalized_TorusMDS_comparison.csv,
0.1,0.1,toroidal,25,558,TorusMDS,2.6226,,,4224.0,tolerance,0.0387,0.1893352195043974,0.2121762681235653,0.1466204163520389,0.8138029425201619,0.7645120353502705,12.742832,results/grg_normalized_TorusMDS_comparison.csv,
0.22,0.22,euclidean,26,533,TorusMDS,1.6969,,,2688.0,tolerance,0.0664,0.1156190115976427,0.1785312887118231,0.1026806013165668,0.9657760905239178,0.9442091610902428,9.923205,results/grg_normalized_TorusMDS_comparison.csv,
0.16,0.16,euclidean,27,367,TorusMDS,1.6559,,,2816.0,tolerance,0.0197,0.0821585380857998,0.1382174328704674,0.07274359819746,0.9831026515945228,0.9235159898798064,14.196594,results/grg_normalized_TorusMDS_comparison.csv,
0.16,0.16,euclidean,28,198,TorusMDS,2.0337,,,3456.0,tolerance,0.0048,0.0836979393597387,0.1291200492019768,0.0730047596004735,0.981193395169971,0.9137588583881951,16.349009,results/grg_normalized_TorusMDS_comparison.csv,
0.28,0.28,toroidal,29,441,TorusMDS,1.4053,,,2304.0,tolerance,0.0684,0.1694600589013263,0.2168431382010235,0.1483743722817061,0.8562575056434143,0.97323221173158,4.786142,results/grg_normalized_TorusMDS_comparison.csv,
0.34,0.34,euclidean,30,164,TorusMDS,1.6648,,,3072.0,tolerance,0.0064,0.1600082282968016,0.2252670566358184,0.1420809988176121,0.9332079435721328,0.9711936920163372,6.540869,results/grg_normalized_TorusMDS_comparison.csv,
0.1,0.12,toroidal,31,165,TorusMDS,1.6373,,,2944.0,tolerance,0.003,0.1374620804551914,0.1517246621764902,0.1078176014714698,0.9246960546735464,0.8790182642733793,13.243882,results/grg_normalized_TorusMDS_comparison.csv,
0.34,0.34,euclidean,32,180,TorusMDS,1.2798,,,2304.0,tolerance,0.0079,0.1565717614993577,0.2238632964816891,0.1388385178683196,0.934743672460919,0.9675657697583508,6.533762,results/grg_normalized_TorusMDS_comparison.csv,
0.16,0.16,euclidean,33,154,TorusMDS,1.7599,,,3200.0,tolerance,0.0029,0.2025772676984983,0.2316465134631739,0.1568996266589989,0.8797199569901976,0.8271284437813731,12.838134,results/grg_normalized_TorusMDS_comparison.csv,
0.22,0.22,toroidal,34,654,TorusMDS,1.8937,,,2944.0,tolerance,0.1319,0.2158751830713356,0.2975088172436486,0.1800707113974771,0.7683182449132425,0.7205359257133145,5.784911,results/grg_normalized_TorusMDS_comparison.csv,
0.22,0.22,euclidean,35,695,TorusMDS,2.2671,,,3456.0,tolerance,0.2625,0.1104699869732695,0.1749772620484139,0.0988628459685486,0.9711839300581888,0.9567682024742432,9.864207,results/grg_normalized_TorusMDS_comparison.csv,
0.34,0.34,toroidal,36,135,TorusMDS,1.4929,,,2560.0,tolerance,0.0051,0.1846513251479364,0.2331666626362364,0.1598313793271757,0.8413810550534199,0.9925303802416252,4.169151,results/grg_normalized_TorusMDS_comparison.csv,
0.22,0.22,toroidal,37,275,TorusMDS,2.2738,,,3840.0,tolerance,0.0155,0.1300247277126319,0.1777182138640153,0.113079318346003,0.9224167884647704,0.9367311513787264,6.040537,results/grg_normalized_TorusMDS_comparison.csv,
0.22,0.22,toroidal,38,107,TorusMDS,1.63,,,2816.0,tolerance,0.0019,0.1270290567156333,0.1708288469144454,0.1103818722958992,0.9247966010975042,0.9037384734577424,6.416347,results/grg_normalized_TorusMDS_comparison.csv,
0.16,0.16,toroidal,39,111,TorusMDS,1.5444,,,2688.0,tolerance,0.0016,0.1256621254433504,0.149291631278353,0.1029470550318691,0.9235072429899172,0.8829919808382181,9.182602,results/grg_normalized_TorusMDS_comparison.csv,
0.28,0.28,euclidean,40,503,TorusMDS,1.7572,,,2816.0,tolerance,0.0747,0.1379151448282058,0.2031660273780995,0.1221491510642846,0.9484473577668242,0.9555027340349584,8.106584,results/grg_normalized_TorusMDS_comparison.csv,
0.34,0.34,toroidal,41,188,TorusMDS,1.5045,,,2688.0,tolerance,0.0104,0.1894496327396025,0.2398993078809892,0.1630317349331457,0.8441077868011166,0.9953138514296852,4.145566,results/grg_normalized_TorusMDS_comparison.csv,
0.1,0.1,euclidean,42,599,TorusMDS,2.2782,,,3584.0,tolerance,0.0426,0.0620211367297239,0.1086143302439248,0.0537400474125953,0.990798806730726,0.9229802893185244,22.859206,results/grg_normalized_TorusMDS_comparison.csv,
0.16,0.16,toroidal,43,189,TorusMDS,1.4241,,,2560.0,tolerance,0.0048,0.186973843877231,0.2544085825061474,0.1504598085350994,0.82509374035555,0.7018635783555512,8.549661,results/grg_normalized_TorusMDS_comparison.csv,
0.34,0.34,euclidean,44,613,TorusMDS,1.7842,,,2432.0,tolerance,0.2621,0.1576086507202791,0.2278554564894657,0.1389332635955235,0.9338152191299912,0.9604286285160224,6.461274,results/grg_normalized_TorusMDS_comparison.csv,
0.4,0.4,toroidal,45,238,TorusMDS,1.4854,,,2560.0,tolerance,0.0238,0.2619775930190894,0.3329715856564146,0.2228689207870333,0.7123421674274258,1.0,3.740539,results/grg_normalized_TorusMDS_comparison.csv,
0.34,0.34,euclidean,46,691,TorusMDS,1.9105,,,2688.0,tolerance,0.3393,0.1654482116684089,0.2355432053651979,0.1462598922035616,0.9281941039607184,0.970202899514479,6.401231,results/grg_normalized_TorusMDS_comparison.csv,
0.34,0.34,euclidean,47,374,TorusMDS,1.4446,,,2304.0,tolerance,0.0447,0.16724098944958,0.2340486211330511,0.1479932422423046,0.9238562917196476,0.9692242111471976,6.495978,results/grg_normalized_TorusMDS_comparison.csv,
0.34,0.34,toroidal,48,294,TorusMDS,2.3104,,,3840.0,tolerance,0.031,0.1908533073576527,0.239251264907683,0.1638724408472828,0.8401219519370691,0.997352953052511,4.113824,results/grg_normalized_TorusMDS_comparison.csv,
0.16,0.16,euclidean,49,242,TorusMDS,1.3252,,,2304.0,tolerance,0.0078,0.2035971363213042,0.2556551553458893,0.1596450156127983,0.8799791457602163,0.8029613205205941,11.509458,results/grg_normalized_TorusMDS_comparison.csv,
0.22,0.22,toroidal,50,597,TorusMDS,1.7314,,,2432.0,tolerance,0.1017,0.1364232060854043,0.1811561701975086,0.1197105381626308,0.9208430187631108,0.9417106740475528,5.911561,results/grg_normalized_TorusMDS_comparison.csv,
0.4,0.4,euclidean,51,109,TorusMDS,1.8873,,,3328.0,tolerance,0.003,0.157675336878876,0.2256724471762285,0.1392262858883389,0.929496951190834,0.9679473027594502,6.105641,results/grg_normalized_TorusMDS_comparison.csv,
0.16,0.176,toroidal,52,142,TorusMDS,1.3229,,,2432.0,tolerance,0.0028,0.1746494479522281,0.2356353726189976,0.1432419317289503,0.8438337343428695,0.7200212336709809,7.96473,results/grg_normalized_TorusMDS_comparison.csv,
0.1,0.1,euclidean,53,544,TorusMDS,2.7121,,,4352.0,tolerance,0.0349,0.0635337420160558,0.1074011792663542,0.0541956089945968,0.9907430076804956,0.9353269729266536,23.218282,results/grg_normalized_TorusMDS_comparison.csv,
0.22,0.22,toroidal,54,664,TorusMDS,1.763,,,2688.0,tolerance,0.227,0.2174734608815247,0.2932388425543363,0.182198643551059,0.7590487921963343,0.7188091046004764,5.799101,results/grg_normalized_TorusMDS_comparison.csv,
0.22,0.22,euclidean,55,169,TorusMDS,1.8152,,,3328.0,tolerance,0.0046,0.1099259381851236,0.1689618283633652,0.098154664706957,0.9707187443415908,0.943861971597444,11.062763,results/grg_normalized_TorusMDS_comparison.csv,
0.22,0.22,euclidean,56,993,TorusMDS,3.0871,,,4224.0,tolerance,0.4723,0.1100991447606126,0.173520532339799,0.0986066062483639,0.9701756334033116,0.9519590310862736,9.779816,results/grg_normalized_TorusMDS_comparison.csv,
0.1,0.16,euclidean,57,147,TorusMDS,1.955,,,3584.0,tolerance,0.0029,0.1024577170649344,0.1441851992350115,0.0837203608191357,0.9753606197056072,0.9045647818957884,18.363439,results/grg_normalized_TorusMDS_comparison.csv,
0.34,0.34,euclidean,58,430,TorusMDS,1.8497,,,2944.0,tolerance,0.0663,0.1620983154901501,0.2283502750609342,0.1418999196376859,0.9264766982534994,0.9668033914936708,6.404353,results/grg_normalized_TorusMDS_comparison.csv,
0.1,0.1,toroidal,59,208,TorusMDS,2.2205,,,3968.0,tolerance,0.0042,0.2132746054537049,0.2551134053441714,0.1670101394115041,0.8053193518370448,0.7347455574728302,16.723006,results/grg_normalized_TorusMDS_comparison.csv,
0.16,0.16,toroidal,60,477,TorusMDS,1.9867,,,3328.0,tolerance,0.0391,0.1004957018701323,0.1409701719369246,0.0878814850247042,0.953788249410286,0.9339093555291832,7.97827,results/grg_normalized_TorusMDS_comparison.csv,
0.28,0.28,euclidean,61,803,TorusMDS,2.0706,,,2688.0,tolerance,0.3881,0.1375581461064273,0.204825852697651,0.1212796120827929,0.9515376833364272,0.957248770058922,7.931948,results/grg_normalized_TorusMDS_comparison.csv,
0.4,0.4,euclidean,62,188,TorusMDS,2.1842,,,3968.0,tolerance,0.0106,0.1728151886354482,0.2438653061148376,0.1537672489354289,0.920560337220512,0.973739610901478,6.084473,results/grg_normalized_TorusMDS_comparison.csv,
0.34,0.34,euclidean,63,850,TorusMDS,3.0008,,,3968.0,tolerance,0.5474,0.1513461182562883,0.2194325443483621,0.132050719182058,0.9366860250063032,0.9843358858765608,6.351589,results/grg_normalized_TorusMDS_comparison.csv,
0.1,0.1,toroidal,64,238,TorusMDS,1.9224,,,3328.0,tolerance,0.0058,0.1447937072957358,0.1521010770263358,0.1120862337137327,0.901416490934702,0.8840704018204016,15.932409,results/grg_normalized_TorusMDS_comparison.csv,
0.4,0.4,euclidean,65,119,TorusMDS,1.6355,,,2816.0,tolerance,0.0039,0.1759971046768626,0.2428362781754344,0.1564734836808415,0.9139550383776386,0.9823900715321744,6.065027,results/grg_normalized_TorusMDS_comparison.csv,
0.4,0.4,euclidean,66,907,TorusMDS,2.3417,,,2304.0,tolerance,0.8529,0.2075310793051166,0.2748416733809415,0.1818800578419376,0.874931514115041,0.9563626917842096,6.803318,results/grg_normalized_TorusMDS_comparison.csv,
0.28,0.28,toroidal,67,468,TorusMDS,1.9969,,,3200.0,tolerance,0.0787,0.1639778182724003,0.2122736045907339,0.143019960171977,0.857077418865785,0.9804179270504404,4.783016,results/grg_normalized_TorusMDS_comparison.csv,
0.4,0.4,euclidean,68,239,TorusMDS,2.1201,,,3712.0,tolerance,0.0177,0.1698044441795662,0.2400625978754684,0.1503300234064009,0.9224945943767632,0.968143873003406,6.048122,results/grg_normalized_TorusMDS_comparison.csv,
0.28,0.28,euclidean,69,110,TorusMDS,1.6293,,,2944.0,tolerance,0.0024,0.1251546407860078,0.1856081983149121,0.1115498827315494,0.9581878184987274,0.9546474313596842,8.443104,results/grg_normalized_TorusMDS_comparison.csv,
0.28,0.28,toroidal,70,516,TorusMDS,1.5337,,,2304.0,tolerance,0.1037,0.1704478568271596,0.221201091316206,0.1497369726537629,0.8554522845275172,0.973936052952032,4.769517,results/grg_normalized_TorusMDS_comparison.csv,
0.22,0.22,euclidean,71,817,TorusMDS,1.9847,,,2560.0,tolerance,0.3164,0.1149475727502109,0.179361206046109,0.1017417830992816,0.9668037807630178,0.9532009704818958,9.813129,results/grg_normalized_TorusMDS_comparison.csv,
0.1,0.11,toroidal,72,182,TorusMDS,2.0563,,,3712.0,tolerance,0.0035,0.2092097518919518,0.1953320895580995,0.149981918380688,0.853093192756498,0.916625988390694,15.990583,results/grg_normalized_TorusMDS_comparison.csv,
0.1,0.1,toroidal,73,523,TorusMDS,1.8447,,,2944.0,tolerance,0.0332,0.0788954093488619,0.1126453851033753,0.067474204798726,0.9720461393608208,0.9244055964675156,13.251523,results/grg_normalized_TorusMDS_comparison.csv,
0.34,0.34,euclidean,74,545,TorusMDS,2.2339,,,3328.0,tolerance,0.1363,0.1629988265624749,0.2301673597926934,0.1434978576525104,0.9297624942373844,0.9738570728054,6.426045,results/grg_normalized_TorusMDS_comparison.csv,
0.34,0.34,toroidal,75,389,TorusMDS,1.9814,,,3072.0,tolerance,0.1334,0.1893149148836382,0.2388080979093676,0.1620651937057048,0.8346130774802744,0.9991747627692328,4.127468,results/grg_normalized_TorusMDS_comparison.csv,
0.22,0.22,toroidal,76,226,TorusMDS,1.9278,,,3328.0,tolerance,0.0099,0.2093829039318112,0.2867629540244372,0.1736413968490721,0.7738735610902885,0.6911259982809829,6.016503,results/grg_normalized_TorusMDS_comparison.csv,
0.22,0.22,toroidal,77,181,TorusMDS,1.8615,,,3328.0,tolerance,0.0058,0.1287156593946606,0.1773980874283345,0.1122301021134309,0.9254413703914663,0.9353606844580404,6.139886,results/grg_normalized_TorusMDS_comparison.csv,
0.22,0.22,euclidean,78,116,TorusMDS,1.4699,,,2560.0,tolerance,0.0021,0.1098623449347073,0.1636147672380655,0.0980224804954617,0.9688291261420492,0.934807784445196,11.237902,results/grg_normalized_TorusMDS_comparison.csv,
0.22,0.22,euclidean,79,327,TorusMDS,1.76,,,3072.0,tolerance,0.0204,0.1895945911497647,0.2451109834680899,0.1535718888233473,0.900441792665164,0.8340142536841807,8.41746,results/grg_normalized_TorusMDS_comparison.csv,
0.34,0.34,euclidean,80,641,TorusMDS,2.9504,,,4096.0,tolerance,0.2892,0.1615527892469201,0.2314435245588233,0.1417557131362537,0.930137950921768,0.9755243368524013,6.409937,results/grg_normalized_TorusMDS_comparison.csv,
0.1,0.1,euclidean,81,304,TorusMDS,2.0253,,,3328.0,tolerance,0.0102,0.2110067572219781,0.2820924571768877,0.159434508401831,0.8855666370311422,0.829353148337105,21.193384,results/grg_normalized_TorusMDS_comparison.csv,
0.22,0.22,toroidal,82,503,TorusMDS,1.9018,,,2688.0,tolerance,0.0647,0.1352264964223076,0.1808583679202907,0.1183855502377427,0.922347846357647,0.9499015131799772,5.912695,results/grg_normalized_TorusMDS_comparison.csv,
0.34,0.34,toroidal,83,191,TorusMDS,1.3073,,,2304.0,tolerance,0.0111,0.2428288602571032,0.3109343772737925,0.2033015659222603,0.7175991755844814,0.9918309092158604,4.093553,results/grg_normalized_TorusMDS_comparison.csv,
0.4,0.4,euclidean,84,210,TorusMDS,2.6688,,,4736.0,tolerance,0.0135,0.1822656084420132,0.2470802584172025,0.1600183215736567,0.9105351040340548,0.9841667766113658,6.40845,results/grg_normalized_TorusMDS_comparison.csv,
0.28,0.28,euclidean,85,217,TorusMDS,1.893,,,3200.0,tolerance,0.0096,0.1252552827937173,0.1920282004066818,0.111608060840439,0.958548025476152,0.954809147940367,8.373421,results/grg_normalized_TorusMDS_comparison.csv,
0.22,0.22,euclidean,86,110,TorusMDS,1.3149,,,2304.0,tolerance,0.0019,0.1159904754314114,0.1660803693597267,0.0987707212821861,0.9688588636256832,0.9383221279684544,11.423078,results/grg_normalized_TorusMDS_comparison.csv,
0.4,0.4,toroidal,87,719,TorusMDS,2.2242,,,2304.0,tolerance,0.5601,0.2010773755595394,0.268660565958149,0.1774904699040506,0.8593934454912135,1.0,3.784003,results/grg_normalized_TorusMDS_comparison.csv,
0.4,0.4,toroidal,88,106,TorusMDS,1.3365,,,2304.0,tolerance,0.0043,0.256002062613677,0.3238991029923099,0.2184987563134802,0.7254609736523675,1.0,3.72313,results/grg_normalized_TorusMDS_comparison.csv,
0.1,0.12,euclidean,89,266,TorusMDS,2.3707,,,3968.0,tolerance,0.0076,0.0732488850754595,0.1205580399233517,0.0646218906912974,0.9859857319544288,0.8876806948678662,24.063509,results/grg_normalized_TorusMDS_comparison.csv,
0.22,0.22,euclidean,90,408,TorusMDS,1.8049,,,2944.0,tolerance,0.0342,0.1034712777965981,0.1642466703377852,0.091931514598295,0.9724499843566566,0.9522866604624464,10.128055,results/grg_normalized_TorusMDS_comparison.csv,
0.28,0.28,euclidean,91,592,TorusMDS,1.6315,,,2304.0,tolerance,0.117,0.137152183664827,0.2161715488115141,0.1209661016484092,0.9512759153262196,0.9442400353596336,7.963227,results/grg_normalized_TorusMDS_comparison.csv,
0.4,0.4,euclidean,92,359,TorusMDS,1.6907,,,2816.0,tolerance,0.0484,0.1779573539748607,0.2443174090904046,0.1571583567430778,0.911456695490104,0.981966629063072,6.178054,results/grg_normalized_TorusMDS_comparison.csv,
0.22,0.22,toroidal,93,100,TorusMDS,1.3159,,,2304.0,tolerance,0.0018,0.1302110389707187,0.1763442017019536,0.1122132094094697,0.9288057197810136,0.8970093189709144,6.52001,results/grg_normalized_TorusMDS_comparison.csv,
0.34,0.34,euclidean,94,466,TorusMDS,1.6727,,,2560.0,tolerance,0.1537,0.1576142741514328,0.2274159785078635,0.1380698137489603,0.9336459139891944,0.9662748599211304,6.353787,results/grg_normalized_TorusMDS_comparison.csv,
0.34,0.34,euclidean,95,754,TorusMDS,1.8756,,,2304.0,tolerance,0.4128,0.1598023417360782,0.2240463917456661,0.1399972012291631,0.928584377568433,0.9589444710397796,6.362295,results/grg_normalized_TorusMDS_comparison.csv,
0.28,0.28,euclidean,96,310,TorusMDS,1.7894,,,2944.0,tolerance,0.0231,0.1383609355058148,0.2020613569784863,0.1230356892031003,0.9498875228368124,0.9577013280517512,8.114847,results/grg_normalized_TorusMDS_comparison.csv,
0.22,0.22,euclidean,97,392,TorusMDS,2.5693,,,4224.0,tolerance,0.0305,0.1100241844490379,0.1719435382955355,0.0979860837214675,0.969567841697452,0.937871347506686,10.044948,results/grg_normalized_TorusMDS_comparison.csv,
0.4,0.4,toroidal,98,472,TorusMDS,2.1725,,,3072.0,tolerance,0.2638,0.2006299828386307,0.2700298371360677,0.1766492811910664,0.8628978647763815,1.0,3.795909,results/grg_normalized_TorusMDS_comparison.csv,
0.1,0.1,toroidal,99,734,TorusMDS,2.0641,,,3200.0,tolerance,0.0731,0.1827565353980392,0.2476765613263293,0.1482139271706106,0.8286611284707124,0.6995866038845915,12.535894,results/grg_normalized_TorusMDS_comparison.csv,
0.16,0.16,euclidean,100,431,TorusMDS,2.3035,,,3840.0,tolerance,0.0293,0.0885033374423464,0.144433213112543,0.0788960438398726,0.9813808729842148,0.9245593491134172,13.960067,results/grg_normalized_TorusMDS_comparison.csv,
0.28,0.28,euclidean,101,196,TorusMDS,2.3376,,,4096.0,tolerance,0.0081,0.1284365793388755,0.1934133421289273,0.1151196857555166,0.9586443985572032,0.9639718077467668,8.228216,results/grg_normalized_TorusMDS_comparison.csv,
0.4,0.4,toroidal,102,194,TorusMDS,1.3717,,,2432.0,tolerance,0.0144,0.2040072746743252,0.2708329738736096,0.1809446396862142,0.858949112749265,1.0,3.779811,results/grg_normalized_TorusMDS_comparison.csv,
0.28,0.28,euclidean,103,229,TorusMDS,2.5043,,,4480.0,tolerance,0.0112,0.1289060295239355,0.191058726256122,0.1139461536137846,0.9578188727417314,0.9616839618376902,8.138303,results/grg_normalized_TorusMDS_comparison.csv,
0.28,0.28,toroidal,104,111,TorusMDS,1.3185,,,2304.0,tolerance,0.0029,0.2051575050111062,0.2732419821933048,0.1745256846094039,0.7991980488919809,0.8816591521367002,4.923661,results/grg_normalized_TorusMDS_comparison.csv,
0.16,0.16,euclidean,105,791,TorusMDS,1.8934,,,2816.0,tolerance,0.1225,0.0853480181076702,0.1459992216721196,0.0759459944575265,0.9827805389558176,0.9388626081361438,13.371366,results/grg_normalized_TorusMDS_comparison.csv,
0.28,0.28,euclidean,106,807,TorusMDS,1.8414,,,2304.0,tolerance,0.4023,0.2078271692794512,0.2739649468277205,0.1742154988952209,0.8615688459074461,0.815963333046617,6.472811,results/grg_normalized_TorusMDS_comparison.csv,
0.1,0.1,euclidean,107,578,TorusMDS,1.9685,,,3072.0,tolerance,0.0396,0.0652333994060324,0.1107801285175196,0.0561578378994736,0.9899725231772238,0.901020040846666,22.480593,results/grg_normalized_TorusMDS_comparison.csv,
0.22,0.22,toroidal,108,251,TorusMDS,2.1511,,,3712.0,tolerance,0.0125,0.1285360389913868,0.1738759515203892,0.1122233310715748,0.9227262991465428,0.9342167544265644,6.074986,results/grg_normalized_TorusMDS_comparison.csv,
0.4,0.4,euclidean,109,657,TorusMDS,1.8278,,,2304.0,tolerance,0.3601,0.2063199283702194,0.2732604760487525,0.1804268374137999,0.8803143041298378,0.958173684796872,6.367733,results/grg_normalized_TorusMDS_comparison.csv,
0.22,0.22,toroidal,110,166,TorusMDS,1.8942,,,3456.0,tolerance,0.0048,0.1292003021014441,0.1730793294185131,0.1120475970345966,0.9203634114899288,0.9124124303961466,6.203192,results/grg_normalized_TorusMDS_comparison.csv,
0.28,0.28,euclidean,111,454,TorusMDS,1.9938,,,3328.0,tolerance,0.122,0.1296798190526243,0.1986285621760074,0.1150094850425919,0.9564484491946552,0.9638333035817896,8.068019,results/grg_normalized_TorusMDS_comparison.csv,
0.28,0.28,euclidean,112,754,TorusMDS,2.4088,,,3328.0,tolerance,0.3098,0.1364832642472122,0.2026535220184434,0.1212461429539042,0.95176125306292,0.9621112359016754,7.95327,results/grg_normalized_TorusMDS_comparison.csv,
0.16,0.16,toroidal,113,143,TorusMDS,1.2595,,,2304.0,tolerance,0.0027,0.123365437400447,0.1502541503352093,0.0997575473852199,0.9294175162548572,0.9025413441673098,9.28075,results/grg_normalized_TorusMDS_comparison.csv,
0.4,0.4,euclidean,114,858,TorusMDS,2.1836,,,2304.0,tolerance,0.6574,0.1924378374957791,0.2651361433225242,0.1691663234674415,0.9017708573595868,0.9512215532232292,6.422644,results/grg_normalized_TorusMDS_comparison.csv,
0.1,0.1,euclidean,115,730,TorusMDS,1.5047,,,2304.0,tolerance,0.0693,0.1958796157850446,0.2194286379663937,0.1451819412882328,0.8971212277900403,0.7592854955502011,18.209033,results/grg_normalized_TorusMDS_comparison.csv,
0.16,0.16,toroidal,116,899,TorusMDS,1.6404,,,2304.0,tolerance,0.2647,0.2100339001875098,0.3035983977188687,0.1717564937051342,0.7760287758893181,0.6241680158603128,7.653012,results/grg_normalized_TorusMDS_comparison.csv,
0.16,0.176,euclidean,117,104,TorusMDS,1.9825,,,3456.0,tolerance,0.0014,0.1129682764058775,0.1436855683020669,0.0888366354173537,0.9712673500014212,0.9096759735838428,17.561761,results/grg_normalized_TorusMDS_comparison.csv,
0.28,0.28,euclidean,118,602,TorusMDS,2.3489,,,3328.0,tolerance,0.1206,0.133617758769579,0.2021325598340702,0.1185356547354243,0.9549099760827492,0.9698732687350716,8.005915,results/grg_normalized_TorusMDS_comparison.csv,
0.1,0.12,euclidean,119,155,TorusMDS,2.1856,,,3968.0,tolerance,0.0025,0.0810952595665815,0.1254640450119479,0.0699049076282821,0.983255910716076,0.9041604098515864,27.578298,results/grg_normalized_TorusMDS_comparison.csv,
0.28,0.28,toroidal,120,320,TorusMDS,1.6277,,,2816.0,tolerance,0.03,0.1659211301996401,0.2123529942282382,0.1452347201823761,0.8525641983176069,0.9775477869212712,4.784607,results/grg_normalized_TorusMDS_comparison.csv,
0.4,0.4,euclidean,121,911,TorusMDS,2.2809,,,2304.0,tolerance,0.8318,0.2096409164363442,0.2785854716649155,0.1836331832259653,0.8723113015421562,0.9693936071381084,6.701524,results/grg_normalized_TorusMDS_comparison.csv,
0.16,0.16,euclidean,122,535,TorusMDS,2.6421,,,4224.0,tolerance,0.0498,0.0844407968964138,0.141594740148596,0.0755683603811986,0.9823453110684526,0.9384245667362728,13.869027,results/grg_normalized_TorusMDS_comparison.csv,
0.28,0.28,toroidal,123,395,TorusMDS,1.9384,,,3072.0,tolerance,0.0497,0.1688688711181339,0.2163862094072888,0.1481875258860939,0.8502791723951267,0.9788399855959544,4.75255,results/grg_normalized_TorusMDS_comparison.csv,
0.34,0.34,toroidal,124,101,TorusMDS,1.3202,,,2304.0,tolerance,0.0028,0.1790712941240101,0.2294381522076189,0.1544847973540638,0.8500722799944589,0.9883229650806394,4.228511,results/grg_normalized_TorusMDS_comparison.csv,
0.34,0.34,euclidean,125,841,TorusMDS,1.979,,,2304.0,tolerance,0.5577,0.1628542525464041,0.2332761950079669,0.1428048652466768,0.9312120798988124,0.9694476446234324,6.330417,results/grg_normalized_TorusMDS_comparison.csv,
0.4,0.4,toroidal,126,858,TorusMDS,2.5934,,,2432.0,tolerance,0.9455,0.2023230599781464,0.2701522266946451,0.178629499452047,0.8598896798826312,1.0,3.788101,results/grg_normalized_TorusMDS_comparison.csv,
0.16,0.16,euclidean,127,148,TorusMDS,1.5916,,,2944.0,tolerance,0.0028,0.1601609761525284,0.192092223042692,0.1255424096218927,0.9305336437621586,0.8595197273435728,12.90907,results/grg_normalized_TorusMDS_comparison.csv,
0.22,0.22,toroidal,128,518,TorusMDS,1.6244,,,2560.0,tolerance,0.0722,0.1361402148011333,0.1822738368638754,0.1186438104363244,0.9186442039598278,0.9349339669799605,5.944504,results/grg_normalized_TorusMDS_comparison.csv,
0.22,0.22,euclidean,129,696,TorusMDS,2.1364,,,3200.0,tolerance,0.2453,0.1102036152554524,0.1734763189564986,0.0983373775467911,0.9694093470301188,0.9371972924136986,9.843156,results/grg_normalized_TorusMDS_comparison.csv,
0.1,0.11,toroidal,130,175,TorusMDS,2.1977,,,3968.0,tolerance,0.0032,0.1801738477759579,0.1799290284424104,0.1362482029467777,0.8737072435308086,0.8714277258689022,15.461544,results/grg_normalized_TorusMDS_comparison.csv,
0.1,0.13,toroidal,131,127,TorusMDS,1.6813,,,2944.0,tolerance,0.0018,0.222824865251468,0.2110099803902213,0.1529227107376181,0.8356705280412284,0.8174019566969186,13.661603,results/grg_normalized_TorusMDS_comparison.csv,
0.4,0.4,euclidean,132,325,TorusMDS,2.0577,,,3584.0,tolerance,0.0397,0.1778395231808665,0.2459013809273234,0.1574038239157853,0.9139837471241716,0.9821347651624744,6.214729,results/grg_normalized_TorusMDS_comparison.csv,
0.22,0.22,toroidal,133,612,TorusMDS,1.9372,,,2816.0,tolerance,0.1127,0.1354221412886075,0.1819777701955375,0.1183430567316908,0.9209229136666076,0.951779473046614,5.901255,results/grg_normalized_TorusMDS_comparison.csv,
0.22,0.22,toroidal,134,100,TorusMDS,1.4716,,,2560.0,tolerance,0.0017,0.1356759763581695,0.17563215844643,0.1150064414236354,0.913544548332754,0.8837138984571172,6.427292,results/grg_normalized_TorusMDS_comparison.csv,
0.28,0.28,euclidean,135,884,TorusMDS,3.4944,,,4736.0,tolerance,0.4834,0.1333585057460061,0.2009035228558842,0.1188548980838571,0.9549887253633476,0.9739260411072228,7.979795,results/grg_normalized_TorusMDS_comparison.csv,
0.4,0.4,euclidean,136,110,TorusMDS,1.6281,,,2816.0,tolerance,0.0032,0.1649483145572745,0.2332383082744721,0.145722036370367,0.923102478542135,0.9698205172601644,6.124111,results/grg_normalized_TorusMDS_comparison.csv,
0.34,0.34,euclidean,137,829,TorusMDS,2.1833,,,2560.0,tolerance,0.5208,0.1612297286017789,0.2264268240696211,0.1404943487111329,0.9270097647813352,0.9675480377476968,6.377358,results/grg_normalized_TorusMDS_comparison.csv,
0.22,0.22,toroidal,138,237,TorusMDS,1.9212,,,3328.0,tolerance,0.0105,0.1297739770518564,0.1766660955352769,0.1128978431507843,0.9232493322888636,0.924328136758928,6.135514,results/grg_normalized_TorusMDS_comparison.csv,
0.16,0.16,toroidal,139,283,TorusMDS,2.0414,,,3456.0,tolerance,0.0117,0.1070504558914615,0.1443621759858873,0.0924415402072774,0.947019985389819,0.9061653863676132,8.256747,results/grg_normalized_TorusMDS_comparison.csv,
0.34,0.34,euclidean,140,864,TorusMDS,2.1271,,,2432.0,tolerance,0.5629,0.167269761666099,0.2340918002755642,0.1472699248833765,0.9264818954311254,0.9643207482211174,6.357194,results/grg_normalized_TorusMDS_comparison.csv,
0.34,0.34,euclidean,141,272,TorusMDS,2.3055,,,3968.0,tolerance,0.0208,0.1555363564979316,0.2196927638507399,0.1366950338577968,0.9344113031103232,0.973449538546395,6.423002,results/grg_normalized_TorusMDS_comparison.csv,
0.34,0.34,toroidal,142,143,TorusMDS,1.329,,,2432.0,tolerance,0.0059,0.1853157789099705,0.2351754158197929,0.1598034590513098,0.8418726444936536,0.9954883230484062,4.174723,results/grg_normalized_TorusMDS_comparison.csv,
0.16,0.16,euclidean,143,331,TorusMDS,1.6138,,,2816.0,tolerance,0.0157,0.0842097623428497,0.1417005353730859,0.0742276885057382,0.9834822964402944,0.9313140815504304,13.996735,results/grg_normalized_TorusMDS_comparison.csv,
0.34,0.34,toroidal,144,216,TorusMDS,1.8999,,,3328.0,tolerance,0.015,0.2412357266379,0.3080673331855063,0.2022365567831314,0.7203821589924906,0.990642693447592,4.095736,results/grg_normalized_TorusMDS_comparison.csv,
0.22,0.22,toroidal,145,282,TorusMDS,1.9102,,,3200.0,tolerance,0.0161,0.2041585797865136,0.2804896497361858,0.1710188719748348,0.7913407510345574,0.725710612159629,5.948719,results/grg_normalized_TorusMDS_comparison.csv,
0.1,0.14,toroidal,146,111,TorusMDS,1.3265,,,2304.0,tolerance,0.0016,0.1608243073502975,0.1661506535808248,0.1211335584706625,0.9070648013603588,0.8875298008694763,11.258312,results/grg_normalized_TorusMDS_comparison.csv,
0.16,0.16,euclidean,147,512,TorusMDS,1.6357,,,2560.0,tolerance,0.0433,0.0873916668739873,0.1494303806111932,0.0777699686478895,0.9826042421299808,0.9265072974856566,13.74357,results/grg_normalized_TorusMDS_comparison.csv,
0.34,0.34,euclidean,148,264,TorusMDS,1.5882,,,2688.0,tolerance,0.02,0.1615086869808243,0.2266535317084596,0.1419911649383367,0.930438279448551,0.9705598196954875,6.59055,results/grg_normalized_TorusMDS_comparison.csv,
0.34,0.34,euclidean,149,219,TorusMDS,2.335,,,4096.0,tolerance,0.0118,0.1559230285640739,0.2171279976838617,0.1383353992840607,0.9336089959882692,0.9675746827637576,6.583052,results/grg_normalized_TorusMDS_comparison.csv,
0.4,0.4,toroidal,150,364,TorusMDS,1.9257,,,3072.0,tolerance,0.072,0.2632500059833075,0.3336933139243678,0.2247408194795281,0.7125830011591211,1.0,3.705251,results/grg_normalized_TorusMDS_comparison.csv,
0.1,0.11,toroidal,151,200,TorusMDS,1.9461,,,3456.0,tolerance,0.0042,0.1284709053493531,0.1433921737255523,0.1009359601428328,0.9263453357266724,0.894138668950588,14.294936,results/grg_normalized_TorusMDS_comparison.csv,
0.16,0.192,euclidean,152,109,TorusMDS,1.4364,,,2560.0,tolerance,0.0018,0.088146876861746,0.1399703398237551,0.0784546946094832,0.9793502228284368,0.9368837846845852,12.848257,results/grg_normalized_TorusMDS_comparison.csv,
0.16,0.16,euclidean,153,597,TorusMDS,1.7706,,,2688.0,tolerance,0.0644,0.1700473345948765,0.2096714968766116,0.1361381477138021,0.9127107254172128,0.8135177445850698,11.167743,results/grg_normalized_TorusMDS_comparison.csv,
0.22,0.22,euclidean,154,106,TorusMDS,2.3831,,,4224.0,tolerance,0.0019,0.101508202575397,0.1581791712819174,0.0892793088500683,0.9726383831392976,0.9301927924710344,12.149526,results/grg_normalized_TorusMDS_comparison.csv,
0.1,0.1,toroidal,155,822,TorusMDS,1.6942,,,2560.0,tolerance,0.2068,0.1802353602487262,0.2563160339728863,0.1444989935907142,0.8358199687861327,0.6742591089680873,12.409523,results/grg_normalized_TorusMDS_comparison.csv,
0.28,0.28,toroidal,156,126,TorusMDS,1.3952,,,2432.0,tolerance,0.0034,0.1589717807281601,0.2079923830003525,0.1407611683260379,0.8829301850498579,0.9495596026233192,4.954443,results/grg_normalized_TorusMDS_comparison.csv,
0.16,0.16,euclidean,157,551,TorusMDS,2.252,,,3456.0,tolerance,0.052,0.0870239029470157,0.1415936291848908,0.0775455745348905,0.9816851767106448,0.9423434515903932,13.555123,results/grg_normalized_TorusMDS_comparison.csv,
0.28,0.28,euclidean,158,902,TorusMDS,2.006,,,2304.0,tolerance,0.4859,0.1443860090094861,0.2113150230969367,0.1274663811629888,0.945996794978739,0.9546079036383832,8.031963,results/grg_normalized_TorusMDS_comparison.csv,
0.28,0.28,euclidean,159,110,TorusMDS,1.42,,,2560.0,tolerance,0.0022,0.1181368973243608,0.1766183495565357,0.1054158677038821,0.9627045919056374,0.9515149309068672,8.720734,results/grg_normalized_TorusMDS_comparison.csv,
0.34,0.34,euclidean,160,169,TorusMDS,2.7102,,,4992.0,tolerance,0.0068,0.146448580625232,0.2088030172660544,0.1288907962200414,0.9388568019822328,0.9667185751547608,6.631075,results/grg_normalized_TorusMDS_comparison.csv,
0.22,0.22,euclidean,161,126,TorusMDS,2.0993,,,3584.0,tolerance,0.0025,0.096156805518447,0.1517365367937566,0.0855533879722921,0.975290259980625,0.941627244387456,12.00022,results/grg_normalized_TorusMDS_comparison.csv,
0.16,0.16,euclidean,162,604,TorusMDS,2.3675,,,3584.0,tolerance,0.0624,0.0826219246997354,0.144629800798497,0.0739488978457465,0.9840330185931672,0.9314899440434378,13.770904,results/grg_normalized_TorusMDS_comparison.csv,
0.1,0.13,euclidean,163,218,TorusMDS,2.6476,,,4608.0,tolerance,0.0052,0.1771386171993973,0.2062557994682107,0.1399173595101858,0.9081510627751638,0.842236238937174,15.955526,results/grg_normalized_TorusMDS_comparison.csv,
0.22,0.22,euclidean,164,731,TorusMDS,1.9728,,,2944.0,tolerance,0.2302,0.1952768793577971,0.2573069415496674,0.1619407404120679,0.8796497608209333,0.8188461284507735,8.03018,results/grg_normalized_TorusMDS_comparison.csv,
0.16,0.16,euclidean,165,100,TorusMDS,1.854,,,3200.0,tolerance,0.0014,0.1969420886372133,0.2189681688153307,0.1548190477762729,0.9070986950709532,0.8055341780955156,14.691543,results/grg_normalized_TorusMDS_comparison.csv,
0.34,0.34,euclidean,166,910,TorusMDS,2.2249,,,2560.0,tolerance,0.65,0.1644921875513429,0.2342245473557804,0.1442227400450218,0.9287452506410836,0.968735665443934,6.436807,results/grg_normalized_TorusMDS_comparison.csv,
0.4,0.4,euclidean,167,390,TorusMDS,1.3721,,,2304.0,tolerance,0.0639,0.1934265769676973,0.2601773787928634,0.1707637548319071,0.8965151933617999,0.9632763508245248,6.810948,results/grg_normalized_TorusMDS_comparison.csv,
0.22,0.22,euclidean,168,951,TorusMDS,2.3902,,,2944.0,tolerance,0.4288,0.1080250385412818,0.1774142707653722,0.0966862931711184,0.9721545131006772,0.9554888588844404,9.679712,results/grg_normalized_TorusMDS_comparison.csv,
0.22,0.22,toroidal,169,136,TorusMDS,1.4798,,,2560.0,tolerance,0.0032,0.1264055606732916,0.1708900778572192,0.1090155558781842,0.9240282600197725,0.9054884647268618,6.317635,results/grg_normalized_TorusMDS_comparison.csv,
0.22,0.22,toroidal,170,441,TorusMDS,2.0187,,,3328.0,tolerance,0.0474,0.1377532544827134,0.185210833687582,0.1206749875628498,0.92190748298492,0.94496821267944,5.950456,results/grg_normalized_TorusMDS_comparison.csv,
0.22,0.22,euclidean,171,159,TorusMDS,1.8004,,,3328.0,tolerance,0.004,0.1021440288405489,0.1601364097243723,0.0914705909784891,0.9728307233387998,0.9489168198783604,10.851803,results/grg_normalized_TorusMDS_comparison.csv,
0.34,0.34,euclidean,172,327,TorusMDS,1.9748,,,3328.0,tolerance,0.1083,0.1591316445508711,0.2253891372323319,0.1396615323487839,0.9306725220869876,0.9763002685349988,6.422771,results/grg_normalized_TorusMDS_comparison.csv,
0.1,0.1,euclidean,173,404,TorusMDS,2.335,,,3840.0,tolerance,0.0171,0.0663289793504835,0.1072600062229588,0.0574525013054232,0.9896639453272146,0.8829092019092017,24.60809,results/grg_normalized_TorusMDS_comparison.csv,
0.28,0.28,euclidean,174,114,TorusMDS,1.7248,,,2944.0,tolerance,0.0027,0.1263361609978776,0.1903626301224284,0.1130043907438723,0.95737429563254,0.9620872015295856,8.395749,results/grg_normalized_TorusMDS_comparison.csv,
0.1,0.1,toroidal,175,426,TorusMDS,1.9641,,,3328.0,tolerance,0.0209,0.0837703296397443,0.1117661763473889,0.071042607386823,0.9668632680246392,0.9017507770007768,13.668137,results/grg_normalized_TorusMDS_comparison.csv,
0.22,0.22,euclidean,176,884,TorusMDS,2.1461,,,2816.0,tolerance,0.2798,0.120747926316022,0.1855240753552811,0.1081504619265547,0.965549967525676,0.955960604882586,9.902582,results/grg_normalized_TorusMDS_comparison.csv,
0.4,0.4,euclidean,177,146,TorusMDS,1.7971,,,3328.0,tolerance,0.0063,0.1766970399363716,0.2434796419557098,0.1571318326313955,0.913073825822044,0.9856457136099424,6.197885,results/grg_normalized_TorusMDS_comparison.csv,
0.22,0.22,euclidean,178,977,TorusMDS,2.1481,,,2688.0,tolerance,0.449,0.1155657501925589,0.1807023706350013,0.1030294728432031,0.9676101737225936,0.9528001849151712,9.725182,results/grg_normalized_TorusMDS_comparison.csv,
0.1,0.12,toroidal,179,117,TorusMDS,1.9822,,,3456.0,tolerance,0.0014,0.2137642732584449,0.2235924355692196,0.1699842177801637,0.8235844841407931,0.8377603744724488,16.637818,results/grg_normalized_TorusMDS_comparison.csv,
0.34,0.34,euclidean,180,137,TorusMDS,1.494,,,2560.0,tolerance,0.0042,0.1758772615848314,0.2373556174849684,0.148172147816553,0.9070557502595494,0.8883925383650316,6.151547,results/grg_normalized_TorusMDS_comparison.csv,
0.22,0.22,euclidean,181,143,TorusMDS,2.1072,,,3840.0,tolerance,0.0033,0.1024400890829915,0.161168500786434,0.0912715901073036,0.972448101478864,0.9432877689489224,11.032433,results/grg_normalized_TorusMDS_comparison.csv,
0.16,0.16,toroidal,182,196,TorusMDS,1.4619,,,2560.0,tolerance,0.0054,0.1043567765163523,0.1449605145163495,0.0890259353030174,0.9507282632546258,0.928333270593365,8.719825,results/grg_normalized_TorusMDS_comparison.csv,
0.1,0.1,toroidal,183,355,TorusMDS,1.915,,,3328.0,tolerance,0.0134,0.0800259298483766,0.1111050585733781,0.0673541306413136,0.969967865524934,0.8866245976245973,14.254124,results/grg_normalized_TorusMDS_comparison.csv,
0.22,0.22,euclidean,184,106,TorusMDS,1.3431,,,2304.0,tolerance,0.0017,0.1685870725267604,0.2160840711632807,0.1355827872738106,0.919205140033004,0.8286613147826134,9.724507,results/grg_normalized_TorusMDS_comparison.csv,
0.34,0.34,euclidean,185,690,TorusMDS,2.0963,,,2816.0,tolerance,0.3304,0.1559933642904759,0.2212909498055413,0.1367393234459217,0.9325094040884772,0.9697612648085844,6.415718,results/grg_normalized_TorusMDS_comparison.csv,
0.1,0.1,toroidal,186,300,TorusMDS,2.3231,,,3840.0,tolerance,0.0092,0.1333930865558764,0.1366077045651693,0.0948902319855559,0.9284365906652802,0.9168339912546688,15.231611,results/grg_normalized_TorusMDS_comparison.csv,
0.34,0.34,euclidean,187,843,TorusMDS,2.3684,,,2816.0,tolerance,0.5139,0.1586590250765425,0.2258530460382387,0.138436454884738,0.9298496627739954,0.9648069626330924,6.313078,results/grg_normalized_TorusMDS_comparison.csv,
0.1,0.1,toroidal,188,550,TorusMDS,1.8221,,,2816.0,tolerance,0.0372,0.1874129505934279,0.2618016251530575,0.1505768034856125,0.8219258525224439,0.6643931770843536,13.048113,results/grg_normalized_TorusMDS_comparison.csv,
0.28,0.28,toroidal,189,178,TorusMDS,1.7003,,,3072.0,tolerance,0.0848,0.1612535869692375,0.2081238104731108,0.141915269776888,0.8714963472811907,0.9608659631955264,4.855729,results/grg_normalized_TorusMDS_comparison.csv,
0.34,0.34,toroidal,190,525,TorusMDS,2.0775,,,3072.0,tolerance,0.1561,0.190393518565658,0.2358366235756269,0.1638821719084217,0.8302040425819344,0.9987775291309902,4.12235,results/grg_normalized_TorusMDS_comparison.csv,
0.34,0.34,toroidal,191,256,TorusMDS,2.3105,,,3968.0,tolerance,0.022,0.1908180904487023,0.2431391697083147,0.1644250125760905,0.841149336744188,0.997329756533074,4.13156,results/grg_normalized_TorusMDS_comparison.csv,
0.1,0.1,toroidal,192,563,TorusMDS,1.5523,,,2432.0,tolerance,0.0402,0.1817249340893145,0.2691194532625894,0.1462817530273905,0.837908226197311,0.667966411628883,12.873241,results/grg_normalized_TorusMDS_comparison.csv,
0.34,0.34,euclidean,193,271,TorusMDS,2.1059,,,3584.0,tolerance,0.0204,0.1556178362588495,0.215349772101667,0.1365431859583822,0.9331159256031886,0.9713255741040276,6.575642,results/grg_normalized_TorusMDS_comparison.csv,
0.4,0.4,euclidean,194,215,TorusMDS,1.877,,,3328.0,tolerance,0.0923,0.1856974013479641,0.251944239774663,0.1641112011301118,0.9025888800600133,0.9798118261781896,6.32456,results/grg_normalized_TorusMDS_comparison.csv,
0.16,0.16,toroidal,195,638,TorusMDS,1.7795,,,2560.0,tolerance,0.0812,0.1046837376899408,0.1491286008494124,0.0913395265766562,0.9515435010256976,0.9301723666383162,7.900595,results/grg_normalized_TorusMDS_comparison.csv,
0.22,0.22,toroidal,196,186,TorusMDS,1.7146,,,3072.0,tolerance,0.0063,0.1342271838059478,0.1824126736498328,0.1161390928263265,0.9253139260174472,0.9274570334428696,6.14641,results/grg_normalized_TorusMDS_comparison.csv,
0.1,0.11,toroidal,197,142,TorusMDS,2.0332,,,3712.0,tolerance,0.0019,0.2237084028285385,0.2188806001742284,0.1678420969412084,0.9203420601241392,0.7947516431614375,22.424632,results/grg_normalized_TorusMDS_comparison.csv,
0.16,0.16,toroidal,198,733,TorusMDS,2.4162,,,3584.0,tolerance,0.1137,0.1904573218153895,0.2631032728677499,0.1552108753686565,0.810566484189896,0.6757492589200076,7.742577,results/grg_normalized_TorusMDS_comparison.csv,
0.34,0.34,euclidean,199,636,TorusMDS,1.8952,,,2432.0,tolerance,0.3143,0.166929167396687,0.2343944541721868,0.1462791423324491,0.9232945212137156,0.969342188444652,6.399556,results/grg_normalized_TorusMDS_comparison.csv,
0.28,0.28,euclidean,0,433,wrap_typescript,18.7898,,,,,0.1244,0.2225748311524135,0.2390506451504279,0.1711729791126793,0.8327700454894368,0.8292807269159452,6.574337,results/grg_normalized_wrap_typescript_comparison.csv,
0.16,0.16,toroidal,1,633,wrap_typescript,47.0015,,,,,0.0876,0.4296373325276317,0.3637800596394268,0.320561226488615,0.091980632469367,0.3381012167704057,7.264735,results/grg_normalized_wrap_typescript_comparison.csv,
0.4,0.4,toroidal,2,271,wrap_typescript,5.2941,,,,,0.0362,0.2981606031123291,0.3432027847429901,0.2387913079383115,0.670965321164523,1.0,4.228758,results/grg_normalized_wrap_typescript_comparison.csv,
0.28,0.28,toroidal,3,400,wrap_typescript,13.7756,,,,,0.0573,0.1711407967393879,0.2207427970228165,0.1493653056265984,0.8505769927446957,0.9612982742666418,4.762535,results/grg_normalized_wrap_typescript_comparison.csv,
0.4,0.4,toroidal,4,505,wrap_typescript,25.1783,,,,,0.3141,0.3796365664111509,0.4561722443103059,0.3113687041543245,0.5360833587454574,1.0,3.99213,results/grg_normalized_wrap_typescript_comparison.csv,
0.34,0.34,toroidal,5,211,wrap_typescript,2.9409,,,,,0.0152,0.1874129907009684,0.2383115017041368,0.1611762585747303,0.8390280368846772,0.9949096328146207,4.163572,results/grg_normalized_wrap_typescript_comparison.csv,
0.16,0.16,toroidal,6,318,wrap_typescript,7.5159,,,,,0.0175,0.1039416776454286,0.1412698157239726,0.0893820887780434,0.948142791295686,0.9125098855134725,8.223498,results/grg_normalized_wrap_typescript_comparison.csv,
0.22,0.22,euclidean,7,139,wrap_typescript,1.0027,,,,,0.0033,0.1702654154043889,0.1788675930299102,0.1230097912590181,0.9443071008861432,0.933595120018354,9.345372,results/grg_normalized_wrap_typescript_comparison.csv,
0.4,0.4,toroidal,8,269,wrap_typescript,5.0358,,,,,0.0361,0.294485625250914,0.3423721370095832,0.236053383352263,0.6847021658085555,1.0,4.202632,results/grg_normalized_wrap_typescript_comparison.csv,
0.1,0.13,euclidean,9,171,wrap_typescript,1.5901,,,,,0.0033,0.2520670555907819,0.1965807477343463,0.1670213874363202,0.8764061982414757,0.9468090170063852,18.917956,results/grg_normalized_wrap_typescript_comparison.csv,
0.4,0.4,toroidal,10,537,wrap_typescript,29.8259,,,,,0.3656,0.368251704030785,0.4426627570392021,0.3012689719854798,0.5372848649032457,1.0,4.03966,results/grg_normalized_wrap_typescript_comparison.csv,
0.4,0.4,toroidal,11,357,wrap_typescript,10.1955,,,,,0.0788,0.3242696216664366,0.380572469842391,0.2619679369075623,0.635808023535511,1.0,4.16519,results/grg_normalized_wrap_typescript_comparison.csv,
0.22,0.22,toroidal,12,452,wrap_typescript,18.9374,,,,,0.0554,0.1382183207227706,0.184462127645872,0.1204792696536077,0.9160043641119032,0.9223294862060456,5.895595,results/grg_normalized_wrap_typescript_comparison.csv,
0.28,0.28,euclidean,13,362,wrap_typescript,10.6361,,,,,0.0362,0.1597615373504362,0.2027635614587101,0.1367301790509334,0.933012943063677,0.9636502692244092,7.179017,results/grg_normalized_wrap_typescript_comparison.csv,
0.22,0.22,toroidal,14,329,wrap_typescript,8.2197,,,,,0.0255,0.1380239358441605,0.1831499712208983,0.1193279938062223,0.913379583563082,0.9089026494145004,6.000407,results/grg_normalized_wrap_typescript_comparison.csv,
0.22,0.22,euclidean,15,823,wrap_typescript,97.2175,,,,,0.2428,0.174670589297091,0.1908786006922056,0.1321385248215637,0.9161093505273538,0.9656332421565008,8.389967,results/grg_normalized_wrap_typescript_comparison.csv,
0.16,0.16,euclidean,16,123,wrap_typescript,0.781,,,,,0.002,0.197465100577218,0.1660421963825004,0.1209737275716125,0.9196452473900848,0.9044528597871516,13.878694,results/grg_normalized_wrap_typescript_comparison.csv,
0.1,0.1,euclidean,17,856,wrap_typescript,109.1993,,,,,0.1127,0.1695872396382008,0.1383087479335176,0.1052929663893022,0.9430913350707144,0.9517227217227217,18.933577,results/grg_normalized_wrap_typescript_comparison.csv,
0.28,0.28,toroidal,18,467,wrap_typescript,21.4398,,,,,0.1949,0.17758631951464,0.2287858803801442,0.155276600033627,0.8533673121712446,0.9619741077129856,4.747449,results/grg_normalized_wrap_typescript_comparison.csv,
0.4,0.4,euclidean,19,250,wrap_typescript,4.3101,,,,,0.0245,0.2070954827605858,0.2560034675376036,0.179519106395219,0.8663739684891345,0.8701566952160269,5.23593,results/grg_normalized_wrap_typescript_comparison.csv,
0.4,0.4,euclidean,20,199,wrap_typescript,2.4617,,,,,0.0131,0.2095892121503307,0.2621519216324672,0.1834983168442266,0.8704744208349626,0.8745217112589428,5.22897,results/grg_normalized_wrap_typescript_comparison.csv,
0.28,0.28,toroidal,21,634,wrap_typescript,47.1126,,,,,0.2986,0.1876706019042536,0.239603125316682,0.1630624300882816,0.8301946523351429,0.947521583209614,4.727539,results/grg_normalized_wrap_typescript_comparison.csv,
0.28,0.28,euclidean,22,426,wrap_typescript,16.1651,,,,,0.0579,0.1544957542044953,0.1996951080623053,0.1333570781742558,0.9313381089128436,0.9669814594610244,7.086838,results/grg_normalized_wrap_typescript_comparison.csv,
0.4,0.4,euclidean,23,961,wrap_typescript,153.4371,,,,,1.0839,0.2680867558064591,0.3687189664141804,0.2348348693147208,0.7820651580171574,0.890983108505285,4.855513,results/grg_normalized_wrap_typescript_comparison.csv,
0.4,0.4,toroidal,24,119,wrap_typescript,0.792,,,,,0.0051,0.2708611253404643,0.3221769182083392,0.2190938113882462,0.7362605981591962,1.0,4.190086,results/grg_normalized_wrap_typescript_comparison.csv,
0.1,0.1,toroidal,25,558,wrap_typescript,33.3949,,,,,0.0431,0.4242176025084153,0.3498776227686838,0.3142755612277013,0.0937803204687473,0.3465952570820991,11.78115,results/grg_normalized_wrap_typescript_comparison.csv,
0.22,0.22,euclidean,26,533,wrap_typescript,30.4206,,,,,0.0742,0.1664320789241848,0.1858785318172646,0.1256263826108475,0.926024169782064,0.9574230818159803,8.325783,results/grg_normalized_wrap_typescript_comparison.csv,
0.16,0.16,euclidean,27,367,wrap_typescript,11.5723,,,,,0.0213,0.1263937063153689,0.1436682173997726,0.0920297166597582,0.9600562237562552,0.9452737663029496,12.363841,results/grg_normalized_wrap_typescript_comparison.csv,
0.16,0.16,euclidean,28,198,wrap_typescript,2.4498,,,,,0.0053,0.1781639072379587,0.166071627164559,0.121678164955088,0.9222941576636778,0.927994831807593,12.887739,results/grg_normalized_wrap_typescript_comparison.csv,
0.28,0.28,toroidal,29,441,wrap_typescript,18.0948,,,,,0.0748,0.1762261063206794,0.2255996405201188,0.1529037583392356,0.8469300945945454,0.9605600590375042,4.771798,results/grg_normalized_wrap_typescript_comparison.csv,
0.34,0.34,euclidean,30,164,wrap_typescript,1.4936,,,,,0.0073,0.1642168288650057,0.2249500116484951,0.1421457411681859,0.9306661146129488,0.9556344109328396,6.129672,results/grg_normalized_wrap_typescript_comparison.csv,
0.1,0.12,toroidal,31,165,wrap_typescript,1.5146,,,,,0.0033,0.1723168761011227,0.1655863992168015,0.1244605097657461,0.8797249266933911,0.8935318962083667,13.09906,results/grg_normalized_wrap_typescript_comparison.csv,
0.34,0.34,euclidean,32,180,wrap_typescript,1.853,,,,,0.0088,0.1584733231727166,0.2210317013155471,0.1376774811300846,0.9324041949989512,0.9591346406141568,6.106456,results/grg_normalized_wrap_typescript_comparison.csv,
0.16,0.16,euclidean,33,154,wrap_typescript,1.3067,,,,,0.003,0.1528467089003875,0.1549230352216927,0.1104574539227158,0.9457158871844772,0.9275994963501172,13.763669,results/grg_normalized_wrap_typescript_comparison.csv,
0.22,0.22,toroidal,34,654,wrap_typescript,51.809,,,,,0.1472,0.1413205683804902,0.1899916734873606,0.1221153237222504,0.9158001231632472,0.9276274186625888,5.863998,results/grg_normalized_wrap_typescript_comparison.csv,
0.22,0.22,euclidean,35,695,wrap_typescript,61.5033,,,,,0.2709,0.1649849594024063,0.1884656548447913,0.1270961100290575,0.9268554473307904,0.9607661939726948,8.34848,results/grg_normalized_wrap_typescript_comparison.csv,
0.34,0.34,toroidal,36,135,wrap_typescript,0.9884,,,,,0.0056,0.1854266387885448,0.2336585087378206,0.1602852856001645,0.8407014973844855,0.9921310314687684,4.164775,results/grg_normalized_wrap_typescript_comparison.csv,
0.22,0.22,toroidal,37,275,wrap_typescript,5.1749,,,,,0.0168,0.1350480743521682,0.1815969324018938,0.1173191394914509,0.9150931074278144,0.9107851274985436,6.035941,results/grg_normalized_wrap_typescript_comparison.csv,
0.22,0.22,toroidal,38,107,wrap_typescript,0.6229,,,,,0.0022,0.2790817054731084,0.292801574518968,0.2148453291996933,0.6357888594920121,0.6032591381216454,6.190135,results/grg_normalized_wrap_typescript_comparison.csv,
0.16,0.16,toroidal,39,111,wrap_typescript,0.6587,,,,,0.0019,0.1409675276016896,0.1558823275523044,0.1098441541652968,0.9022278743611368,0.860996701784915,9.164335,results/grg_normalized_wrap_typescript_comparison.csv,
0.28,0.28,euclidean,40,503,wrap_typescript,25.354,,,,,0.089,0.1607019784901047,0.2053870017622255,0.1380186785946036,0.9291789053536008,0.958495177021782,7.188048,results/grg_normalized_wrap_typescript_comparison.csv,
0.34,0.34,toroidal,41,188,wrap_typescript,2.0648,,,,,0.012,0.1902257270117537,0.2407538205521546,0.1641137939252204,0.8442961303196584,0.9961176778246772,4.148308,results/grg_normalized_wrap_typescript_comparison.csv,
0.1,0.1,euclidean,42,599,wrap_typescript,40.1576,,,,,0.0466,0.1488998049913049,0.1350779673027637,0.1002011351405387,0.9333222973103956,0.949713342213342,19.000346,results/grg_normalized_wrap_typescript_comparison.csv,
0.16,0.16,toroidal,43,189,wrap_typescript,2.04,,,,,0.0053,0.1635028190550279,0.177048452085145,0.1231053940848009,0.8682992248204642,0.7940230814720506,8.495341,results/grg_normalized_wrap_typescript_comparison.csv,
0.34,0.34,euclidean,44,613,wrap_typescript,43.811,,,,,0.2999,0.1619914645514958,0.232428276183026,0.1424599849769276,0.9307166586185271,0.953267889045347,6.040947,results/grg_normalized_wrap_typescript_comparison.csv,
0.4,0.4,toroidal,45,238,wrap_typescript,3.6051,,,,,0.0261,0.3063880649682289,0.3456620327909401,0.2413801135480868,0.6486568642924082,1.0,4.258069,results/grg_normalized_wrap_typescript_comparison.csv,
0.34,0.34,euclidean,46,691,wrap_typescript,60.9768,,,,,0.3837,0.1686090141247692,0.236436871374971,0.1472097297271576,0.9236527232828574,0.9517822214294196,6.083729,results/grg_normalized_wrap_typescript_comparison.csv,
0.34,0.34,euclidean,47,374,wrap_typescript,11.7723,,,,,0.0506,0.1668269327936417,0.2327428661163479,0.1469972102982724,0.9254822053428184,0.971023455105711,6.077145,results/grg_normalized_wrap_typescript_comparison.csv,
0.34,0.34,toroidal,48,294,wrap_typescript,6.2674,,,,,0.0347,0.1908419388533735,0.2396982248232834,0.1643844966995452,0.8397453812019774,0.9969405805902488,4.112222,results/grg_normalized_wrap_typescript_comparison.csv,
0.16,0.16,euclidean,49,242,wrap_typescript,3.792,,,,,0.0084,0.1675765958105384,0.1590031678914417,0.1138475667346018,0.9338748449178914,0.9446750521014438,12.585816,results/grg_normalized_wrap_typescript_comparison.csv,
0.22,0.22,toroidal,50,597,wrap_typescript,40.1841,,,,,0.1141,0.1413904104024272,0.1878279426606018,0.1233419446514612,0.913732354501631,0.9138532464450664,5.903767,results/grg_normalized_wrap_typescript_comparison.csv,
0.4,0.4,euclidean,51,109,wrap_typescript,0.6431,,,,,0.0032,0.2015074536988585,0.2462810410603002,0.1752817406421233,0.8586745180357341,0.8163308462195513,5.372308,results/grg_normalized_wrap_typescript_comparison.csv,
0.16,0.176,toroidal,52,142,wrap_typescript,1.0357,,,,,0.0031,0.4261278619765708,0.3688008777284257,0.3174682281355465,0.1348950554507845,0.3410869127647671,7.235697,results/grg_normalized_wrap_typescript_comparison.csv,
0.1,0.1,euclidean,53,544,wrap_typescript,31.0289,,,,,0.0401,0.2451075983635164,0.1837949461160547,0.1547612811338609,0.8476314976714167,0.9789146880055972,19.780777,results/grg_normalized_wrap_typescript_comparison.csv,
0.22,0.22,toroidal,54,664,wrap_typescript,55.6361,,,,,0.2679,0.1442705100325736,0.1921528373159195,0.1255075298420704,0.9110357176484404,0.9215974896600372,5.883666,results/grg_normalized_wrap_typescript_comparison.csv,
0.22,0.22,euclidean,55,169,wrap_typescript,1.7037,,,,,0.0052,0.1917986867045373,0.195277306818351,0.1395826112496717,0.9066204961541874,0.9247227595796929,8.568182,results/grg_normalized_wrap_typescript_comparison.csv,
0.22,0.22,euclidean,56,993,wrap_typescript,168.3698,,,,,0.5175,0.1730906179401057,0.1920519209898439,0.1309277375169927,0.9098710926106148,0.955225250758478,8.320221,results/grg_normalized_wrap_typescript_comparison.csv,
0.1,0.16,euclidean,57,147,wrap_typescript,1.2016,,,,,0.0032,0.2432999961620499,0.2130643122181943,0.1730289928623557,0.8392273554398952,0.9233902105479908,13.433701,results/grg_normalized_wrap_typescript_comparison.csv,
0.34,0.34,euclidean,58,430,wrap_typescript,17.0404,,,,,0.072,0.1654617604130134,0.2303013226093914,0.1433872028178731,0.9236559367360055,0.9538325586669308,6.066644,results/grg_normalized_wrap_typescript_comparison.csv,
0.1,0.1,toroidal,59,208,wrap_typescript,2.842,,,,,0.0046,0.2149276288666193,0.1934263652281061,0.1486834933247144,0.8097754848130376,0.9101068404098704,16.589851,results/grg_normalized_wrap_typescript_comparison.csv,
0.16,0.16,toroidal,60,477,wrap_typescript,21.9148,,,,,0.0434,0.4265615508251387,0.3599435396695215,0.3159380953785787,0.1051770431585367,0.3361216714334943,7.275749,results/grg_normalized_wrap_typescript_comparison.csv,
0.28,0.28,euclidean,61,803,wrap_typescript,92.5924,,,,,0.4427,0.1592670370142178,0.2077298458322269,0.1379848057383039,0.930148024082288,0.9518123432432828,7.030421,results/grg_normalized_wrap_typescript_comparison.csv,
0.4,0.4,euclidean,62,188,wrap_typescript,2.1374,,,,,0.0128,0.1990657454836007,0.254289494367526,0.1744079711524088,0.8763988134398397,0.871812547368489,5.195735,results/grg_normalized_wrap_typescript_comparison.csv,
0.34,0.34,euclidean,63,850,wrap_typescript,109.5178,,,,,0.6074,0.1617389417272008,0.2278015842901961,0.1394656263411283,0.926841666997352,0.9413016222989754,6.099026,results/grg_normalized_wrap_typescript_comparison.csv,
0.1,0.1,toroidal,64,238,wrap_typescript,3.7879,,,,,0.0067,0.1780703521272199,0.1671922166993127,0.125559717156345,0.8538730753194925,0.8703445165945166,15.870349,results/grg_normalized_wrap_typescript_comparison.csv,
0.4,0.4,euclidean,65,119,wrap_typescript,0.7809,,,,,0.0042,0.2013727180101967,0.2519925043288202,0.1777724506044968,0.877620896807439,0.8793874750285826,5.194532,results/grg_normalized_wrap_typescript_comparison.csv,
0.4,0.4,euclidean,66,907,wrap_typescript,132.2538,,,,,0.9615,0.2682025429098283,0.3551577728108502,0.235801043178107,0.7957291400053181,0.90072622538812,5.130133,results/grg_normalized_wrap_typescript_comparison.csv,
0.28,0.28,toroidal,67,468,wrap_typescript,21.4631,,,,,0.0914,0.171807669056877,0.2214778579796016,0.1496409320729382,0.8475905327188752,0.9596501112756683,4.776065,results/grg_normalized_wrap_typescript_comparison.csv,
0.4,0.4,euclidean,68,239,wrap_typescript,3.9177,,,,,0.0201,0.2052203319653329,0.2566726313550759,0.1791874938720915,0.8585968452545313,0.8319849778617626,5.233573,results/grg_normalized_wrap_typescript_comparison.csv,
0.28,0.28,euclidean,69,110,wrap_typescript,0.659,,,,,0.0026,0.1623904133210691,0.1963067466270463,0.1340356822415459,0.9308486844626712,0.9454552175739936,7.270612,results/grg_normalized_wrap_typescript_comparison.csv,
0.28,0.28,toroidal,70,516,wrap_typescript,28.529,,,,,0.1157,0.1777887498055171,0.2300620320047151,0.155055105394695,0.8412932457920479,0.9553589681241133,4.77174,results/grg_normalized_wrap_typescript_comparison.csv,
0.22,0.22,euclidean,71,817,wrap_typescript,97.7362,,,,,0.3474,0.1558335758814424,0.18702366269759,0.1199548292992469,0.9340476596034806,0.9633677010337036,8.287294,results/grg_normalized_wrap_typescript_comparison.csv,
0.1,0.11,toroidal,72,182,wrap_typescript,1.9161,,,,,0.0041,0.220596559964799,0.2146245687024917,0.1639287767937113,0.8301141167055623,0.8617362328074399,16.453306,results/grg_normalized_wrap_typescript_comparison.csv,
0.1,0.1,toroidal,73,523,wrap_typescript,28.894,,,,,0.0381,0.4306291090392101,0.3507615172517849,0.3158235852462684,0.1040007103022315,0.3590812106709941,11.907569,results/grg_normalized_wrap_typescript_comparison.csv,
0.34,0.34,euclidean,74,545,wrap_typescript,32.1189,,,,,0.1478,0.1693561616243626,0.2348475618024181,0.1466154985568929,0.9234243914782811,0.950477117781527,6.065305,results/grg_normalized_wrap_typescript_comparison.csv,
0.34,0.34,toroidal,75,389,wrap_typescript,12.9726,,,,,0.1655,0.1897664791113257,0.2412865993637123,0.162609032465877,0.8322004021747221,0.9979542669951657,4.134311,results/grg_normalized_wrap_typescript_comparison.csv,
0.22,0.22,toroidal,76,226,wrap_typescript,3.5515,,,,,0.0106,0.137694443426512,0.1816916165436335,0.119253917665145,0.9134249697269012,0.8928368400607745,6.098839,results/grg_normalized_wrap_typescript_comparison.csv,
0.22,0.22,toroidal,77,181,wrap_typescript,1.8781,,,,,0.0067,0.1353201873643011,0.1808991255604637,0.1175033584552239,0.9162011211369446,0.8955485674404904,6.122783,results/grg_normalized_wrap_typescript_comparison.csv,
0.22,0.22,euclidean,78,116,wrap_typescript,0.7292,,,,,0.0025,0.1488134407527684,0.1705678713682006,0.1158711177229806,0.9521911528556156,0.9371000312487596,9.272752,results/grg_normalized_wrap_typescript_comparison.csv,
0.22,0.22,euclidean,79,327,wrap_typescript,8.369,,,,,0.0234,0.1341370322820978,0.1732923059490498,0.1122929460442952,0.9566572150215112,0.96568692171639,9.114914,results/grg_normalized_wrap_typescript_comparison.csv,
0.34,0.34,euclidean,80,641,wrap_typescript,49.6932,,,,,0.3282,0.1672353253754856,0.2377941761871182,0.1458666452723213,0.9241596045534416,0.9557022312641508,6.109975,results/grg_normalized_wrap_typescript_comparison.csv,
0.1,0.1,euclidean,81,304,wrap_typescript,6.8552,,,,,0.0102,0.1790527211515525,0.1506962588836102,0.1146764246468667,0.9354304174228716,0.9624183336304546,22.457398,results/grg_normalized_wrap_typescript_comparison.csv,
0.22,0.22,toroidal,82,503,wrap_typescript,25.5538,,,,,0.0757,0.1402098970741461,0.1847638353154014,0.1219400963521615,0.9160482094431248,0.9216052549702382,5.908038,results/grg_normalized_wrap_typescript_comparison.csv,
0.34,0.34,toroidal,83,191,wrap_typescript,2.1156,,,,,0.0124,0.1886846126225599,0.2392551593515936,0.1630971909068533,0.8413375151432457,0.9944695390417528,4.155784,results/grg_normalized_wrap_typescript_comparison.csv,
0.4,0.4,euclidean,84,210,wrap_typescript,2.7202,,,,,0.0155,0.2100439790828407,0.2600700341222659,0.1836330691948152,0.8706379493079127,0.8848342779090091,5.188019,results/grg_normalized_wrap_typescript_comparison.csv,
0.28,0.28,euclidean,85,217,wrap_typescript,3.0679,,,,,0.0102,0.162556464564799,0.2011109151384341,0.1365893877910566,0.923283805002238,0.947616037338426,7.338152,results/grg_normalized_wrap_typescript_comparison.csv,
0.22,0.22,euclidean,86,110,wrap_typescript,0.6557,,,,,0.0022,0.3047048481411997,0.2617206507390154,0.2131357242325666,0.7191743618554087,0.8101320943035291,9.28676,results/grg_normalized_wrap_typescript_comparison.csv,
0.4,0.4,toroidal,87,719,wrap_typescript,69.3456,,,,,0.6519,0.3803573689226487,0.4652408854918655,0.312303603792149,0.5566848956862792,1.0,3.862952,results/grg_normalized_wrap_typescript_comparison.csv,
0.4,0.4,toroidal,88,106,wrap_typescript,0.6299,,,,,0.0042,0.312797827458973,0.3720823011100398,0.2582229541630656,0.6120741264913254,1.0,4.129869,results/grg_normalized_wrap_typescript_comparison.csv,
0.1,0.12,euclidean,89,266,wrap_typescript,4.7296,,,,,0.0087,0.1091518382104972,0.1205296284355309,0.0786675901307411,0.9803477585047184,0.9115527981904272,17.464762,results/grg_normalized_wrap_typescript_comparison.csv,
0.22,0.22,euclidean,90,408,wrap_typescript,14.7197,,,,,0.0378,0.1782754150747242,0.1874641119323765,0.1350459021593741,0.9002223452234747,0.9512327748959132,8.544134,results/grg_normalized_wrap_typescript_comparison.csv,
0.28,0.28,euclidean,91,592,wrap_typescript,40.3161,,,,,0.1364,0.2334177575843201,0.246726398692019,0.177299093761241,0.799040915299497,0.8083946117671613,6.53627,results/grg_normalized_wrap_typescript_comparison.csv,
0.4,0.4,euclidean,92,359,wrap_typescript,10.6316,,,,,0.1485,0.2406076407606976,0.2736696914108218,0.1987886197240758,0.8110130213486745,0.8193591311326435,5.269205,results/grg_normalized_wrap_typescript_comparison.csv,
0.22,0.22,toroidal,93,100,wrap_typescript,0.5605,,,,,0.002,0.1341116348533467,0.1775410722135002,0.114672461517184,0.9225436944492584,0.8899832117434022,6.492801,results/grg_normalized_wrap_typescript_comparison.csv,
0.34,0.34,euclidean,94,466,wrap_typescript,21.2216,,,,,0.0908,0.1604269634598113,0.2285180483472511,0.1398620501203479,0.9309627124914176,0.9523915944238752,6.063415,results/grg_normalized_wrap_typescript_comparison.csv,
0.34,0.34,euclidean,95,754,wrap_typescript,78.9929,,,,,0.4585,0.1678158404257297,0.2321693091470326,0.1450488934025609,0.919235986690851,0.9304949508299852,6.03347,results/grg_normalized_wrap_typescript_comparison.csv,
0.28,0.28,euclidean,96,310,wrap_typescript,7.2055,,,,,0.0257,0.1520616026948757,0.2022411546812987,0.133742227575538,0.9376365600317136,0.9663273984724392,7.080427,results/grg_normalized_wrap_typescript_comparison.csv,
0.22,0.22,euclidean,97,392,wrap_typescript,13.2922,,,,,0.0344,0.1669329496096049,0.1868552561854314,0.1279164755636768,0.9255721008903672,0.9478608783423772,8.362863,results/grg_normalized_wrap_typescript_comparison.csv,
0.4,0.4,toroidal,98,472,wrap_typescript,21.483,,,,,0.2759,0.3778638511685876,0.4472330175436101,0.303878012631209,0.5221318883941173,1.0,3.989613,results/grg_normalized_wrap_typescript_comparison.csv,
0.1,0.1,toroidal,99,734,wrap_typescript,70.4801,,,,,0.0817,0.4286523927765192,0.3508687174237068,0.3163515163552736,0.1119250094605557,0.370867341497736,11.547089,results/grg_normalized_wrap_typescript_comparison.csv,
0.16,0.16,euclidean,100,431,wrap_typescript,16.9924,,,,,0.0328,0.1505304245918834,0.1575730307692509,0.1087988198538895,0.9517755527075796,0.9556565496887716,11.390596,results/grg_normalized_wrap_typescript_comparison.csv,
0.28,0.28,euclidean,101,196,wrap_typescript,2.5307,,,,,0.0094,0.1582264727299506,0.200831318795942,0.1350330289087523,0.933038788082624,0.9640512570431362,7.198896,results/grg_normalized_wrap_typescript_comparison.csv,
0.4,0.4,toroidal,102,194,wrap_typescript,2.3602,,,,,0.017,0.2834458448207118,0.3368597621249977,0.2326707857743625,0.7094429331689236,1.0,4.182101,results/grg_normalized_wrap_typescript_comparison.csv,
0.28,0.28,euclidean,103,229,wrap_typescript,3.4415,,,,,0.0125,0.1595560076159819,0.1994575100947571,0.1349898706809157,0.9285245609769032,0.958520073695272,7.197824,results/grg_normalized_wrap_typescript_comparison.csv,
0.28,0.28,toroidal,104,111,wrap_typescript,0.6681,,,,,0.003,0.1781437302002158,0.2182162693084784,0.1530346476418889,0.8450011080161222,0.9092557577792272,4.928459,results/grg_normalized_wrap_typescript_comparison.csv,
0.16,0.16,euclidean,105,791,wrap_typescript,87.2787,,,,,0.1405,0.1572711111648011,0.166309135965028,0.1181994890116035,0.9210103683332468,0.9699432068537024,11.667624,results/grg_normalized_wrap_typescript_comparison.csv,
0.28,0.28,euclidean,106,807,wrap_typescript,94.4183,,,,,0.4413,0.209333764433413,0.232536257586339,0.1608102199742127,0.8687525170529968,0.8553098509688754,6.445092,results/grg_normalized_wrap_typescript_comparison.csv,
0.1,0.1,euclidean,107,578,wrap_typescript,36.6086,,,,,0.0434,0.1480481316565238,0.1331492530840134,0.0982609573381262,0.9356007019158268,0.9354606525225716,18.98125,results/grg_normalized_wrap_typescript_comparison.csv,
0.22,0.22,toroidal,108,251,wrap_typescript,4.5632,,,,,0.0135,0.136640450110071,0.1816952562785795,0.1184722810245688,0.9118680911687694,0.8999163896192789,6.054883,results/grg_normalized_wrap_typescript_comparison.csv,
0.4,0.4,euclidean,109,657,wrap_typescript,54.2339,,,,,0.4096,0.2642611675475338,0.3408473272481145,0.2298862002965758,0.7860771124637019,0.8818612464417676,5.174459,results/grg_normalized_wrap_typescript_comparison.csv,
0.22,0.22,toroidal,110,166,wrap_typescript,1.5836,,,,,0.0056,0.1414630975251817,0.1818777267048421,0.1212822387840695,0.9030339197544198,0.8621877691630228,6.176904,results/grg_normalized_wrap_typescript_comparison.csv,
0.28,0.28,euclidean,111,454,wrap_typescript,21.0509,,,,,0.0662,0.1517280186133092,0.2039017834889319,0.1323341567850012,0.9307104464842512,0.9624674776464304,7.125077,results/grg_normalized_wrap_typescript_comparison.csv,
0.28,0.28,euclidean,112,754,wrap_typescript,77.8964,,,,,0.3648,0.1607299890199608,0.2072474656335965,0.1385726954000739,0.9239016513071544,0.9573961164088668,7.083314,results/grg_normalized_wrap_typescript_comparison.csv,
0.16,0.16,toroidal,113,143,wrap_typescript,1.175,,,,,0.0032,0.1641076453299545,0.1715774288435372,0.1204379769922471,0.8725938482525986,0.8409912851070277,9.150568,results/grg_normalized_wrap_typescript_comparison.csv,
0.4,0.4,euclidean,114,858,wrap_typescript,111.3064,,,,,0.8339,0.3001869156367103,0.3708434599166528,0.2495246367114489,0.7454537083161913,0.8137298182743038,5.461426,results/grg_normalized_wrap_typescript_comparison.csv,
0.1,0.1,euclidean,115,730,wrap_typescript,69.7747,,,,,0.0735,0.1353754733551829,0.1255931735958583,0.0913082241739881,0.9548621934835732,0.9574320124320124,18.766667,results/grg_normalized_wrap_typescript_comparison.csv,
0.16,0.16,toroidal,116,899,wrap_typescript,128.6388,,,,,0.2143,0.4329652905926276,0.3636836078645975,0.3180456186492797,0.0982303132629961,0.3226699751159995,7.07629,results/grg_normalized_wrap_typescript_comparison.csv,
0.16,0.176,euclidean,117,104,wrap_typescript,0.6188,,,,,0.0019,0.2296305792529814,0.2018221329009912,0.1642165626122075,0.8684258467153135,0.9264915613537592,13.35522,results/grg_normalized_wrap_typescript_comparison.csv,
0.28,0.28,euclidean,118,602,wrap_typescript,41.7794,,,,,0.1403,0.2192618208653877,0.2348643506345776,0.1673509761840477,0.8425368700219448,0.8435818147772838,6.569885,results/grg_normalized_wrap_typescript_comparison.csv,
0.1,0.12,euclidean,119,155,wrap_typescript,1.4217,,,,,0.0026,0.3182330857993278,0.2567024131097987,0.2200923143074146,0.7021877637466061,0.9266129703629704,19.958814,results/grg_normalized_wrap_typescript_comparison.csv,
0.28,0.28,toroidal,120,320,wrap_typescript,7.9069,,,,,0.0313,0.1704810174699585,0.217443997040773,0.1485916483761823,0.8471347201408853,0.9673910995344418,4.782738,results/grg_normalized_wrap_typescript_comparison.csv,
0.4,0.4,euclidean,121,911,wrap_typescript,133.3344,,,,,1.0022,0.2899083179659292,0.3788164099660679,0.2563408501424338,0.7455086933932147,0.8750949286169825,5.03358,results/grg_normalized_wrap_typescript_comparison.csv,
0.16,0.16,euclidean,122,535,wrap_typescript,30.2703,,,,,0.0497,0.2101620105679326,0.1892020647198783,0.1479289465232384,0.8756224960901537,0.960498061653822,10.917164,results/grg_normalized_wrap_typescript_comparison.csv,
0.28,0.28,toroidal,123,395,wrap_typescript,13.46,,,,,0.054,0.1774866809863266,0.2256828483188847,0.154369932190325,0.8381660795155074,0.9578419059688572,4.734642,results/grg_normalized_wrap_typescript_comparison.csv,
0.34,0.34,toroidal,124,101,wrap_typescript,0.5809,,,,,0.0031,0.1794130650801801,0.2295452792240495,0.1552453996714365,0.8495386551495069,0.9858206841500764,4.221472,results/grg_normalized_wrap_typescript_comparison.csv,
0.34,0.34,euclidean,125,841,wrap_typescript,106.8779,,,,,0.6241,0.1702654163958238,0.2416641897573629,0.1481708683777065,0.9231900310102672,0.9426884358515728,6.042769,results/grg_normalized_wrap_typescript_comparison.csv,
0.4,0.4,toroidal,126,858,wrap_typescript,111.5626,,,,,1.0944,0.3789054147923702,0.4651970865797373,0.3160899386116208,0.534471389864998,1.0,3.918197,results/grg_normalized_wrap_typescript_comparison.csv,
0.16,0.16,euclidean,127,148,wrap_typescript,1.226,,,,,0.0031,0.1663993575064042,0.1611293968406456,0.1156181744848642,0.9324863000709402,0.9356951651321472,12.755982,results/grg_normalized_wrap_typescript_comparison.csv,
0.22,0.22,toroidal,128,518,wrap_typescript,27.4069,,,,,0.0774,0.1429641574556066,0.1892729084842304,0.1236211170187902,0.9098064406371617,0.9001670778274797,5.933451,results/grg_normalized_wrap_typescript_comparison.csv,
0.22,0.22,euclidean,129,696,wrap_typescript,62.0382,,,,,0.1506,0.1771248712119022,0.1918297624610066,0.1342325986096347,0.9087553233519826,0.9600007426746348,8.448292,results/grg_normalized_wrap_typescript_comparison.csv,
0.1,0.11,toroidal,130,175,wrap_typescript,1.8044,,,,,0.0036,0.2107300703619505,0.1900619612660185,0.1497265155482037,0.8254297761383109,0.8978484570984571,15.20927,results/grg_normalized_wrap_typescript_comparison.csv,
0.1,0.13,toroidal,131,127,wrap_typescript,0.8629,,,,,0.002,0.2158939400943038,0.2029544349301862,0.1518051783591576,0.8502511219278227,0.8304494984351568,14.037884,results/grg_normalized_wrap_typescript_comparison.csv,
0.4,0.4,euclidean,132,325,wrap_typescript,8.2082,,,,,0.045,0.2144192154246106,0.2626260645639657,0.1854337428344487,0.8540707740076919,0.8623909812039146,5.155785,results/grg_normalized_wrap_typescript_comparison.csv,
0.22,0.22,toroidal,133,612,wrap_typescript,43.3964,,,,,0.2437,0.1391731189872557,0.1871244648946557,0.120928464710354,0.9158301296765984,0.92957184821655,5.901929,results/grg_normalized_wrap_typescript_comparison.csv,
0.22,0.22,toroidal,134,100,wrap_typescript,0.551,,,,,0.0018,0.1385595455263554,0.1763244921357176,0.1163666387507734,0.9089467272686598,0.8790530727075238,6.421128,results/grg_normalized_wrap_typescript_comparison.csv,
0.28,0.28,euclidean,135,884,wrap_typescript,121.8018,,,,,0.5147,0.1616754388451446,0.2082661285139784,0.1384232152423567,0.9248992572136788,0.9553785044518616,7.106415,results/grg_normalized_wrap_typescript_comparison.csv,
0.4,0.4,euclidean,136,110,wrap_typescript,0.671,,,,,0.0033,0.2267867988630982,0.2578699974908587,0.1852863705428379,0.8362020562656713,0.8195540556619761,5.347762,results/grg_normalized_wrap_typescript_comparison.csv,
0.34,0.34,euclidean,137,829,wrap_typescript,102.794,,,,,0.5843,0.166803859799607,0.2283156674492436,0.1439644500266417,0.9198351622438004,0.9336754599869737,6.086535,results/grg_normalized_wrap_typescript_comparison.csv,
0.22,0.22,toroidal,138,237,wrap_typescript,4.1639,,,,,0.0122,0.1387656189915118,0.1827815267365811,0.1198463420179599,0.9114290803235552,0.8841043035140415,6.112971,results/grg_normalized_wrap_typescript_comparison.csv,
0.16,0.16,toroidal,139,283,wrap_typescript,6.0021,,,,,0.0133,0.1159412181540257,0.1503309449612734,0.0984282903369788,0.9368968142486443,0.8782958252505805,8.239916,results/grg_normalized_wrap_typescript_comparison.csv,
0.34,0.34,euclidean,140,864,wrap_typescript,116.3995,,,,,0.6366,0.1726565153726433,0.233699210376323,0.149083982488484,0.9178002470919372,0.9410862413625912,6.037011,results/grg_normalized_wrap_typescript_comparison.csv,
0.34,0.34,euclidean,141,272,wrap_typescript,5.3389,,,,,0.0235,0.2186133790829084,0.2525325092134676,0.1835464211650187,0.8278672093298054,0.7693425800454307,5.511166,results/grg_normalized_wrap_typescript_comparison.csv,
0.34,0.34,toroidal,142,143,wrap_typescript,1.1603,,,,,0.0068,0.1856798486988441,0.2360628844737831,0.1603612076575431,0.8418913316424357,0.9944656821113692,4.160039,results/grg_normalized_wrap_typescript_comparison.csv,
0.16,0.16,euclidean,143,331,wrap_typescript,8.7334,,,,,0.018,0.1851411151174331,0.1762110790328205,0.1315830598864766,0.9097678645224432,0.9498411627516598,11.725676,results/grg_normalized_wrap_typescript_comparison.csv,
0.34,0.34,toroidal,144,216,wrap_typescript,2.9323,,,,,0.0163,0.1912182780774868,0.2411431542951234,0.1651120890009027,0.838166543634126,0.9959285894926544,4.152339,results/grg_normalized_wrap_typescript_comparison.csv,
0.22,0.22,toroidal,145,282,wrap_typescript,5.4459,,,,,0.0179,0.1380160987135164,0.1825785253487615,0.1192619091969647,0.9136866714248882,0.9079018788068284,6.033786,results/grg_normalized_wrap_typescript_comparison.csv,
0.1,0.14,toroidal,146,111,wrap_typescript,0.6989,,,,,0.0017,0.1522034509740351,0.1746965120496051,0.1216486430475009,0.9130557965301394,0.8380931786437441,11.774653,results/grg_normalized_wrap_typescript_comparison.csv,
0.16,0.16,euclidean,147,512,wrap_typescript,27.0965,,,,,0.0492,0.1616524462108652,0.1633273903728703,0.1142455341604367,0.9395633504260286,0.9602772427280714,11.554114,results/grg_normalized_wrap_typescript_comparison.csv,
0.34,0.34,euclidean,148,264,wrap_typescript,5.022,,,,,0.1233,0.1646556591017386,0.2238396736955976,0.1405500004863578,0.925468383459322,0.951408590943424,6.133206,results/grg_normalized_wrap_typescript_comparison.csv,
0.34,0.34,euclidean,149,219,wrap_typescript,3.2227,,,,,0.0143,0.1645454187044695,0.2195352032114083,0.1408297044112099,0.9266168167376596,0.9490378635740444,6.098806,results/grg_normalized_wrap_typescript_comparison.csv,
0.4,0.4,toroidal,150,364,wrap_typescript,11.1821,,,,,0.0876,0.3424852704140343,0.4015988663874538,0.2762114440899934,0.6029306958809528,1.0,4.230868,results/grg_normalized_wrap_typescript_comparison.csv,
0.1,0.11,toroidal,151,200,wrap_typescript,2.563,,,,,0.0048,0.1495439828233765,0.1496328562221237,0.1077737994783131,0.9002675785767958,0.8970894763131599,14.270509,results/grg_normalized_wrap_typescript_comparison.csv,
0.16,0.192,euclidean,152,109,wrap_typescript,0.6664,,,,,0.0019,0.1691004531796349,0.1689421563163312,0.1208757440489135,0.93141665654788,0.9481151128907108,10.674323,results/grg_normalized_wrap_typescript_comparison.csv,
0.16,0.16,euclidean,153,597,wrap_typescript,40.4952,,,,,0.0719,0.1539529914231684,0.1604563746355539,0.1135657659028674,0.9313076298631104,0.9671686942355568,11.470484,results/grg_normalized_wrap_typescript_comparison.csv,
0.22,0.22,euclidean,154,106,wrap_typescript,0.6304,,,,,0.0021,0.2145597708957541,0.2130423603711518,0.1591967697293343,0.8504196649913037,0.9063243273686626,8.896834,results/grg_normalized_wrap_typescript_comparison.csv,
0.1,0.1,toroidal,155,822,wrap_typescript,98.043,,,,,0.1053,0.4297419448701542,0.3477149146011961,0.3096034468114344,0.1082920508730603,0.3404948062257657,11.380808,results/grg_normalized_wrap_typescript_comparison.csv,
0.28,0.28,toroidal,156,126,wrap_typescript,0.8561,,,,,0.004,0.1774073102732093,0.2209201833713308,0.1539400726990856,0.8497350617773256,0.9071673600825872,4.923574,results/grg_normalized_wrap_typescript_comparison.csv,
0.16,0.16,euclidean,157,551,wrap_typescript,32.8487,,,,,0.0552,0.1415164696219929,0.1520360900833295,0.1045377888935091,0.953143428514484,0.9677456536485172,11.357445,results/grg_normalized_wrap_typescript_comparison.csv,
0.28,0.28,euclidean,158,902,wrap_typescript,129.6964,,,,,0.5457,0.1596028755840276,0.211402286750474,0.1379754940764834,0.9315253463970344,0.9578765950370068,7.022582,results/grg_normalized_wrap_typescript_comparison.csv,
0.28,0.28,euclidean,159,110,wrap_typescript,0.6884,,,,,0.0025,0.1722774583211537,0.1973265754622951,0.1381304499277982,0.9080791428564576,0.9333025411637188,7.464775,results/grg_normalized_wrap_typescript_comparison.csv,
0.34,0.34,euclidean,160,169,wrap_typescript,1.6324,,,,,0.007,0.1670708739761054,0.2153690194569093,0.1389176675761429,0.9174090249130614,0.9096785632413704,6.22993,results/grg_normalized_wrap_typescript_comparison.csv,
0.22,0.22,euclidean,161,126,wrap_typescript,0.865,,,,,0.0025,0.2170523944460872,0.2082057573772884,0.1607378445642369,0.8577627500714285,0.9255896967231658,8.868864,results/grg_normalized_wrap_typescript_comparison.csv,
0.16,0.16,euclidean,162,604,wrap_typescript,41.9297,,,,,0.0686,0.1551304263439151,0.1620304191559576,0.1128968090844154,0.9347368483638488,0.9586708423684096,11.572312,results/grg_normalized_wrap_typescript_comparison.csv,
0.1,0.13,euclidean,163,218,wrap_typescript,3.0884,,,,,0.006,0.177028304479707,0.1632476286961531,0.126010166602271,0.9105108312533854,0.940641108891109,16.297903,results/grg_normalized_wrap_typescript_comparison.csv,
0.22,0.22,euclidean,164,731,wrap_typescript,71.4179,,,,,0.1703,0.1650322838981445,0.1882785228083314,0.1262297321504262,0.9259808784865274,0.9571037108268976,8.299161,results/grg_normalized_wrap_typescript_comparison.csv,
0.16,0.16,euclidean,165,100,wrap_typescript,0.5899,,,,,0.0015,0.1839833023913259,0.1707828616716704,0.1273017399877477,0.9356612995156214,0.9258333630843892,14.014465,results/grg_normalized_wrap_typescript_comparison.csv,
0.34,0.34,euclidean,166,910,wrap_typescript,133.6503,,,,,0.7254,0.1753505666018714,0.2406160346824567,0.1517175474956882,0.914572737266325,0.9256400990129252,6.106966,results/grg_normalized_wrap_typescript_comparison.csv,
0.4,0.4,euclidean,167,390,wrap_typescript,12.9283,,,,,0.0724,0.2167594464694221,0.2631642188776562,0.1883203317561713,0.8513828280104935,0.8622589515046951,5.190715,results/grg_normalized_wrap_typescript_comparison.csv,
0.22,0.22,euclidean,168,951,wrap_typescript,146.6616,,,,,0.4878,0.1746983098307706,0.2006833049853594,0.1340756495762774,0.9006026598823492,0.9722398155705928,8.429546,results/grg_normalized_wrap_typescript_comparison.csv,
0.22,0.22,toroidal,169,136,wrap_typescript,0.9153,,,,,0.0036,0.1427758161265288,0.1835118448744972,0.1204606587551683,0.9022757415199,0.851722098994219,6.298335,results/grg_normalized_wrap_typescript_comparison.csv,
0.22,0.22,toroidal,170,441,wrap_typescript,17.5596,,,,,0.0536,0.1411136257893285,0.1889193937381946,0.1233490113783957,0.9172648444590408,0.9269989840153252,5.928707,results/grg_normalized_wrap_typescript_comparison.csv,
0.22,0.22,euclidean,171,159,wrap_typescript,1.3991,,,,,0.0044,0.1910486577518624,0.1926472567155591,0.1402296182943878,0.9022032499489452,0.940872200008682,8.570996,results/grg_normalized_wrap_typescript_comparison.csv,
0.34,0.34,euclidean,172,327,wrap_typescript,8.245,,,,,0.0378,0.1620780957910732,0.2256520916477158,0.1399260678833555,0.9279566036863304,0.9581041342501778,6.109447,results/grg_normalized_wrap_typescript_comparison.csv,
0.1,0.1,euclidean,173,404,wrap_typescript,13.8881,,,,,0.0191,0.1600474528109501,0.1421778203410334,0.1113899822786089,0.9166093795028318,0.9202138417138416,20.323084,results/grg_normalized_wrap_typescript_comparison.csv,
0.28,0.28,euclidean,174,114,wrap_typescript,0.6844,,,,,0.003,0.1489859058182042,0.1960230723932744,0.1289310647489707,0.9393548840392902,0.9575137797865074,7.198658,results/grg_normalized_wrap_typescript_comparison.csv,
0.1,0.1,toroidal,175,426,wrap_typescript,16.4921,,,,,0.0233,0.2772893147938948,0.2767378360203159,0.2125057014655772,0.6160522693127047,0.5438156679921389,13.201979,results/grg_normalized_wrap_typescript_comparison.csv,
0.22,0.22,euclidean,176,884,wrap_typescript,118.3426,,,,,0.4098,0.1553738654044184,0.1900358363824548,0.1233268074405678,0.9457861447995524,0.9738056996473604,8.22325,results/grg_normalized_wrap_typescript_comparison.csv,
0.4,0.4,euclidean,177,146,wrap_typescript,1.149,,,,,0.007,0.2080593039938306,0.255205817348033,0.1804521449590121,0.8703815181761501,0.8765276887055173,5.237761,results/grg_normalized_wrap_typescript_comparison.csv,
0.22,0.22,euclidean,178,977,wrap_typescript,158.0124,,,,,0.5099,0.1662510166784534,0.1927101242403077,0.1281518442955638,0.9277745196730292,0.9636948308754708,8.315031,results/grg_normalized_wrap_typescript_comparison.csv,
0.1,0.12,toroidal,179,117,wrap_typescript,0.7026,,,,,0.0018,0.3064454973877155,0.2652539461977727,0.217328215468435,0.6488190790837651,0.8333736933001638,16.28951,results/grg_normalized_wrap_typescript_comparison.csv,
0.34,0.34,euclidean,180,137,wrap_typescript,0.9512,,,,,0.0047,0.2506092177307155,0.2687836174211468,0.1983481870652153,0.7736240653852119,0.6996771408129971,5.748096,results/grg_normalized_wrap_typescript_comparison.csv,
0.22,0.22,euclidean,181,143,wrap_typescript,1.1004,,,,,0.0042,0.1903965778018736,0.19372966688238,0.1391012491519735,0.8954505873181341,0.9336442852955426,8.609098,results/grg_normalized_wrap_typescript_comparison.csv,
0.16,0.16,toroidal,182,196,wrap_typescript,2.304,,,,,0.006,0.3409552041579524,0.3393685401805529,0.2605718474494285,0.4581496638811722,0.5318326189494489,8.257862,results/grg_normalized_wrap_typescript_comparison.csv,
0.1,0.1,toroidal,183,355,wrap_typescript,9.8397,,,,,0.0153,0.446180930880526,0.3679181053803376,0.3305613742417279,0.087315680041165,0.3351356807794887,12.980646,results/grg_normalized_wrap_typescript_comparison.csv,
0.22,0.22,euclidean,184,106,wrap_typescript,0.5948,,,,,0.002,0.2181478204862493,0.1988441610552284,0.1454436388312805,0.8727453585518288,0.8997654076487899,9.703913,results/grg_normalized_wrap_typescript_comparison.csv,
0.34,0.34,euclidean,185,690,wrap_typescript,59.959,,,,,0.2812,0.1620358563363608,0.221674874300346,0.1393287204282043,0.9243836507646592,0.9384523436858884,6.086346,results/grg_normalized_wrap_typescript_comparison.csv,
0.1,0.1,toroidal,186,300,wrap_typescript,6.7359,,,,,0.0106,0.1705046847738516,0.1492199713341953,0.1043005387275661,0.8856829687391083,0.8900429932515495,15.06906,results/grg_normalized_wrap_typescript_comparison.csv,
0.34,0.34,euclidean,187,843,wrap_typescript,106.1887,,,,,0.6131,0.1642040085598444,0.2341391463511813,0.1418682128199541,0.9237822306828648,0.9491865507440886,6.042359,results/grg_normalized_wrap_typescript_comparison.csv,
0.1,0.1,toroidal,188,550,wrap_typescript,31.3972,,,,,0.144,0.0855050588334874,0.1144216846424337,0.0727560942237999,0.9651143597379968,0.8955617160617159,13.192507,results/grg_normalized_wrap_typescript_comparison.csv,
0.28,0.28,toroidal,189,178,wrap_typescript,1.8524,,,,,0.0086,0.2937831023515889,0.3101139671127249,0.2296002860533719,0.592873756588301,0.7950544315864885,4.691797,results/grg_normalized_wrap_typescript_comparison.csv,
0.34,0.34,toroidal,190,525,wrap_typescript,27.5438,,,,,0.1757,0.1953231783362095,0.2429242748026944,0.1672919406788878,0.8227478307953271,0.9977653666902564,4.113388,results/grg_normalized_wrap_typescript_comparison.csv,
0.34,0.34,toroidal,191,256,wrap_typescript,4.1375,,,,,0.1139,0.1919133585546376,0.2451491377944768,0.1655191677647272,0.8396520472373732,0.99590110419363,4.12547,results/grg_normalized_wrap_typescript_comparison.csv,
0.1,0.1,toroidal,192,563,wrap_typescript,35.3895,,,,,0.0454,0.4162895296040332,0.3347564452395438,0.2986307564330211,0.196579772255968,0.4150297700915619,11.693282,results/grg_normalized_wrap_typescript_comparison.csv,
0.34,0.34,euclidean,193,271,wrap_typescript,5.9958,,,,,0.0244,0.1669760971149737,0.2180823708277867,0.1410829386306394,0.9229317027439096,0.9408171630093436,6.201872,results/grg_normalized_wrap_typescript_comparison.csv,
0.4,0.4,euclidean,194,215,wrap_typescript,3.3862,,,,,0.0168,0.2095441125158404,0.2606529923149834,0.1831624740182659,0.8653056271962898,0.8899234574269346,5.194406,results/grg_normalized_wrap_typescript_comparison.csv,
0.16,0.16,toroidal,195,638,wrap_typescript,53.4655,,,,,0.0956,0.4252961727225306,0.3578140187978687,0.3120244088446876,0.1168113260390822,0.3288098431161729,7.132904,results/grg_normalized_wrap_typescript_comparison.csv,
0.22,0.22,toroidal,196,186,wrap_typescript,2.1474,,,,,0.0074,0.152645488480976,0.1947471296144544,0.1285299562617987,0.8954000556505282,0.844790927255643,6.077584,results/grg_normalized_wrap_typescript_comparison.csv,
0.1,0.11,toroidal,197,142,wrap_typescript,1.119,,,,,0.0021,0.2764725873780012,0.2254961289859598,0.1800672100123557,0.8815643314424588,0.7943069047300213,26.551135,results/grg_normalized_wrap_typescript_comparison.csv,
0.16,0.16,toroidal,198,733,wrap_typescript,74.9395,,,,,0.134,0.4213842689823547,0.3569015743080386,0.3118331180261665,0.123536237159534,0.34911679569767,7.134053,results/grg_normalized_wrap_typescript_comparison.csv,
0.34,0.34,euclidean,199,636,wrap_typescript,52.3335,,,,,0.3288,0.1760504246489267,0.2425548296737074,0.1528179367792555,0.9152753246005252,0.951771943206532,6.044576,results/grg_normalized_wrap_typescript_comparison.csv,
0.28,0.28,euclidean,0,433,wrap_python_newdist,5.0716,,,,,0.11,0.1954534826932766,0.2272593787336713,0.1570821310875967,0.878327696570472,0.8970059190332594,6.63541,results/grg_normalized_wrap_python_newdist_comparison.csv,
0.16,0.16,toroidal,1,633,wrap_python_newdist,4.3631,,,,,0.081,0.1063134796603089,0.1521934494813747,0.0922155831652121,0.95050445674597,0.9337922661659956,7.899395,results/grg_normalized_wrap_python_newdist_comparison.csv,
0.4,0.4,toroidal,2,271,wrap_python_newdist,1.0327,,,,,0.0368,0.2894355833337225,0.3358356077509652,0.2292534861401144,0.6960187460088187,1.0,4.189085,results/grg_normalized_wrap_python_newdist_comparison.csv,
0.28,0.28,toroidal,3,400,wrap_python_newdist,1.8554,,,,,0.0528,0.1688605813912817,0.2189278654685834,0.1476541031127031,0.8535615729537944,0.970559161506883,4.768866,results/grg_normalized_wrap_python_newdist_comparison.csv,
0.4,0.4,toroidal,4,505,wrap_python_newdist,6.4719,,,,,0.2723,0.3838923004855987,0.4605428123238419,0.3142321017502508,0.5409563438351958,1.0,4.014299,results/grg_normalized_wrap_python_newdist_comparison.csv,
0.34,0.34,toroidal,5,211,wrap_python_newdist,0.4835,,,,,0.0141,0.187322069546941,0.2382507111604894,0.161100744722746,0.8390615875261972,0.995109591586008,4.163956,results/grg_normalized_wrap_python_newdist_comparison.csv,
0.16,0.16,toroidal,6,318,wrap_python_newdist,0.564,,,,,0.0154,0.1009501936968686,0.1385661011880335,0.0870900766967806,0.9513972041566868,0.9252815256427668,8.227239,results/grg_normalized_wrap_python_newdist_comparison.csv,
0.22,0.22,euclidean,7,139,wrap_python_newdist,0.0999,,,,,0.0031,0.1546137350988823,0.1747433164120045,0.1175712049656567,0.953482773251372,0.9395134690021526,9.392412,results/grg_normalized_wrap_python_newdist_comparison.csv,
0.4,0.4,toroidal,8,269,wrap_python_newdist,1.0246,,,,,0.0325,0.2940846633855516,0.3421825957841129,0.2356664471229965,0.6853336970329916,1.0,4.200711,results/grg_normalized_wrap_python_newdist_comparison.csv,
0.1,0.13,euclidean,9,171,wrap_python_newdist,0.1257,,,,,0.0033,0.1941787541813497,0.1662104207020524,0.131308490671114,0.9347407671843092,0.9439327543801228,18.609522,results/grg_normalized_wrap_python_newdist_comparison.csv,
0.4,0.4,toroidal,10,537,wrap_python_newdist,7.2767,,,,,0.3418,0.3670106596003122,0.4418003364464444,0.2998770677952314,0.5370402730595412,1.0,4.039525,results/grg_normalized_wrap_python_newdist_comparison.csv,
0.4,0.4,toroidal,11,357,wrap_python_newdist,2.1087,,,,,0.0741,0.3269279366796482,0.3842728612584703,0.2621485182518372,0.6043125758436756,1.0,4.151646,results/grg_normalized_wrap_python_newdist_comparison.csv,
0.22,0.22,toroidal,12,452,wrap_python_newdist,1.9227,,,,,0.0507,0.136907722472446,0.1836414635545097,0.1194259645957246,0.9183077937596492,0.9360702340132536,5.89521,results/grg_normalized_wrap_python_newdist_comparison.csv,
0.28,0.28,euclidean,13,362,wrap_python_newdist,1.2145,,,,,0.0336,0.1519441750720815,0.2010024536716352,0.1328057410029523,0.9387939565207418,0.9643548326678344,7.226161,results/grg_normalized_wrap_python_newdist_comparison.csv,
0.22,0.22,toroidal,14,329,wrap_python_newdist,0.8482,,,,,0.0236,0.1353408974143689,0.1814017425678779,0.1174524427957373,0.9174733844210464,0.9229703105901108,6.001953,results/grg_normalized_wrap_python_newdist_comparison.csv,
0.22,0.22,euclidean,15,823,wrap_python_newdist,8.942,,,,,0.2195,0.1640832642510753,0.1870502575661797,0.1275491549425842,0.928269784613044,0.9721474611191884,8.447271,results/grg_normalized_wrap_python_newdist_comparison.csv,
0.16,0.16,euclidean,16,123,wrap_python_newdist,0.0642,,,,,0.0021,0.1413448196083035,0.142700996261647,0.0973282452054166,0.9633573911521728,0.9249058621276643,13.753436,results/grg_normalized_wrap_python_newdist_comparison.csv,
0.1,0.1,euclidean,17,856,wrap_python_newdist,4.9693,,,,,0.1007,0.1262821784987314,0.1204793364804583,0.0856397343370491,0.971163413001282,0.9550462511344864,18.930493,results/grg_normalized_wrap_python_newdist_comparison.csv,
0.28,0.28,toroidal,18,467,wrap_python_newdist,2.9204,,,,,0.1663,0.1749654988724316,0.2255642138176188,0.1530627361106035,0.8568136022100316,0.9646612026961126,4.75259,results/grg_normalized_wrap_python_newdist_comparison.csv,
0.4,0.4,euclidean,19,250,wrap_python_newdist,0.7828,,,,,0.0256,0.1964871608882319,0.2525253759738157,0.1734122330633698,0.8838673737953341,0.8904205203445038,5.284391,results/grg_normalized_wrap_python_newdist_comparison.csv,
0.4,0.4,euclidean,20,199,wrap_python_newdist,0.4591,,,,,0.0125,0.1999097574035486,0.2594951733325404,0.1779637217750508,0.885383182849884,0.891360406933859,5.275642,results/grg_normalized_wrap_python_newdist_comparison.csv,
0.28,0.28,toroidal,21,634,wrap_python_newdist,6.7889,,,,,0.2834,0.1831515422742141,0.2336193454062387,0.1595866788971257,0.8410027564191752,0.9581674688468244,4.732836,results/grg_normalized_wrap_python_newdist_comparison.csv,
0.28,0.28,euclidean,22,426,wrap_python_newdist,1.9986,,,,,0.0526,0.1502027921052922,0.1987455365372414,0.1309310635159292,0.935931378023974,0.9686082745463238,7.120999,results/grg_normalized_wrap_python_newdist_comparison.csv,
0.4,0.4,euclidean,23,961,wrap_python_newdist,42.4515,,,,,0.9937,0.2643137656411252,0.3619163861165347,0.2340186934111957,0.7883971343664877,0.8983834700954401,4.98244,results/grg_normalized_wrap_python_newdist_comparison.csv,
0.4,0.4,toroidal,24,119,wrap_python_newdist,0.106,,,,,0.0047,0.2708611253404645,0.3221769182083393,0.2190938113882462,0.7362605981591962,1.0,4.190086,results/grg_normalized_wrap_python_newdist_comparison.csv,
0.1,0.1,toroidal,25,558,wrap_python_newdist,1.6844,,,,,0.0389,0.0826160709418715,0.1097196004876422,0.0701185910964407,0.965902334293594,0.8843411506793857,12.983605,results/grg_normalized_wrap_python_newdist_comparison.csv,
0.22,0.22,euclidean,26,533,wrap_python_newdist,2.7144,,,,,0.068,0.1574435328839642,0.182581340493784,0.1216574543305465,0.935372768267418,0.9654194658055232,8.369532,results/grg_normalized_wrap_python_newdist_comparison.csv,
0.16,0.16,euclidean,27,367,wrap_python_newdist,0.7769,,,,,0.0196,0.1167218771507708,0.1405511900577221,0.0874731402902615,0.9663190692944968,0.9475109266040488,12.404009,results/grg_normalized_wrap_python_newdist_comparison.csv,
0.16,0.16,euclidean,28,198,wrap_python_newdist,0.1858,,,,,0.0048,0.1483021986968146,0.1524407301021581,0.1074426359375139,0.9474741940680356,0.9114600766876988,12.960479,results/grg_normalized_wrap_python_newdist_comparison.csv,
0.28,0.28,toroidal,29,441,wrap_python_newdist,2.3772,,,,,0.0681,0.174320457279532,0.2241180133202323,0.1516020538275133,0.8497245921832963,0.9641329227417617,4.775905,results/grg_normalized_wrap_python_newdist_comparison.csv,
0.34,0.34,euclidean,30,164,wrap_python_newdist,0.1828,,,,,0.0065,0.1628458060007873,0.224622668987572,0.1414220069755148,0.9316460507348606,0.9584330178413552,6.135671,results/grg_normalized_wrap_python_newdist_comparison.csv,
0.1,0.12,toroidal,31,165,wrap_python_newdist,0.1159,,,,,0.0029,0.1446556288431055,0.1523747666368016,0.1107852661854712,0.9163496002372944,0.8997449413331764,13.183203,results/grg_normalized_wrap_python_newdist_comparison.csv,
0.34,0.34,euclidean,32,180,wrap_python_newdist,0.2383,,,,,0.008,0.1575130292532861,0.2210547478769106,0.1371835447493271,0.9333880978401732,0.96185974964673,6.116394,results/grg_normalized_wrap_python_newdist_comparison.csv,
0.16,0.16,euclidean,33,154,wrap_python_newdist,0.1067,,,,,0.0029,0.1369534751454337,0.1474518542278582,0.1007022118041103,0.9569106390017322,0.9263985408557684,13.787239,results/grg_normalized_wrap_python_newdist_comparison.csv,
0.22,0.22,toroidal,34,654,wrap_python_newdist,5.2169,,,,,0.1405,0.1394029904466501,0.1875686015480611,0.1208848291689794,0.91798981183919,0.9315248691767336,5.867506,results/grg_normalized_wrap_python_newdist_comparison.csv,
0.22,0.22,euclidean,35,695,wrap_python_newdist,5.7957,,,,,0.2944,0.156580592597943,0.1859005398261203,0.1226035682649248,0.9358131288230986,0.9669636358772108,8.377075,results/grg_normalized_wrap_python_newdist_comparison.csv,
0.34,0.34,toroidal,36,135,wrap_python_newdist,0.1253,,,,,0.0051,0.1853269187601838,0.233698491514746,0.1601940949726723,0.840773821309668,0.9923393181429004,4.164741,results/grg_normalized_wrap_python_newdist_comparison.csv,
0.22,0.22,toroidal,37,275,wrap_python_newdist,0.5686,,,,,0.0153,0.1323180239940126,0.1799541342742915,0.1151491499995031,0.9189589806647414,0.9208517956769776,6.039222,results/grg_normalized_wrap_python_newdist_comparison.csv,
0.22,0.22,toroidal,38,107,wrap_python_newdist,0.0559,,,,,0.002,0.1369274345941554,0.1774430938547906,0.1173560365435856,0.9114717925296664,0.8679220187871731,6.385741,results/grg_normalized_wrap_python_newdist_comparison.csv,
0.16,0.16,toroidal,39,111,wrap_python_newdist,0.0532,,,,,0.0016,0.1294146470708238,0.1498822217098638,0.104585118620703,0.9183441641518936,0.8850359960451812,9.174809,results/grg_normalized_wrap_python_newdist_comparison.csv,
0.28,0.28,euclidean,40,503,wrap_python_newdist,3.0293,,,,,0.079,0.154383255407332,0.2032883483394491,0.1343143512870731,0.9348760813385708,0.9641331960943944,7.238876,results/grg_normalized_wrap_python_newdist_comparison.csv,
0.34,0.34,toroidal,41,188,wrap_python_newdist,0.3199,,,,,0.0108,0.1901751932076593,0.2407103505236378,0.1640643427657213,0.8443530086316435,0.9963217594573304,4.148454,results/grg_normalized_wrap_python_newdist_comparison.csv,
0.1,0.1,euclidean,42,599,wrap_python_newdist,1.8968,,,,,0.0429,0.1357816445640824,0.1283184243381922,0.0934714321847652,0.9475470924014016,0.9504507159507156,19.260916,results/grg_normalized_wrap_python_newdist_comparison.csv,
0.16,0.16,toroidal,43,189,wrap_python_newdist,0.1717,,,,,0.0049,0.1208563606278026,0.1467725965766889,0.098748174083072,0.927902396620722,0.8813210396266666,8.562367,results/grg_normalized_wrap_python_newdist_comparison.csv,
0.34,0.34,euclidean,44,613,wrap_python_newdist,6.7808,,,,,0.2589,0.1617304863518897,0.2330092837054045,0.1422160021553234,0.9309494083568256,0.9546219825780304,6.041986,results/grg_normalized_wrap_python_newdist_comparison.csv,
0.4,0.4,toroidal,45,238,wrap_python_newdist,0.7202,,,,,0.0249,0.3071645329854781,0.3550733276386816,0.2448588020405819,0.6614050095254302,1.0,4.250166,results/grg_normalized_wrap_python_newdist_comparison.csv,
0.34,0.34,euclidean,46,691,wrap_python_newdist,9.8561,,,,,0.3748,0.1683098678000653,0.2364742436649774,0.1470299795140822,0.9241494362244558,0.9551676416445974,6.086537,results/grg_normalized_wrap_python_newdist_comparison.csv,
0.34,0.34,euclidean,47,374,wrap_python_newdist,1.6891,,,,,0.0462,0.1666357225944681,0.2329379839637556,0.1470398893140812,0.9258174912344264,0.9711847355254818,6.080501,results/grg_normalized_wrap_python_newdist_comparison.csv,
0.34,0.34,toroidal,48,294,wrap_python_newdist,1.0512,,,,,0.0325,0.1907771429757263,0.2396426610868497,0.1643335635250654,0.8397917406413101,0.9969405805902488,4.112238,results/grg_normalized_wrap_python_newdist_comparison.csv,
0.16,0.16,euclidean,49,242,wrap_python_newdist,0.2909,,,,,0.0076,0.1302348221303863,0.1446606191475039,0.0969411238951704,0.9617076066348894,0.9461474663936522,12.566527,results/grg_normalized_wrap_python_newdist_comparison.csv,
0.22,0.22,toroidal,50,597,wrap_python_newdist,4.1075,,,,,0.109,0.1387910185122453,0.184951616467091,0.1213272124921028,0.9171893141212836,0.9233126175062232,5.906428,results/grg_normalized_wrap_python_newdist_comparison.csv,
0.4,0.4,euclidean,51,109,wrap_python_newdist,0.0714,,,,,0.0031,0.1871125790445944,0.2396828612947609,0.1653532082491046,0.8852327182932366,0.8510228967532533,5.434634,results/grg_normalized_wrap_python_newdist_comparison.csv,
0.16,0.176,toroidal,52,142,wrap_python_newdist,0.095,,,,,0.0029,0.1253233208468852,0.1609264653947539,0.1049939481209718,0.921979461285956,0.859158403555739,7.967304,results/grg_normalized_wrap_python_newdist_comparison.csv,
0.1,0.1,euclidean,53,544,wrap_python_newdist,1.5016,,,,,0.035,0.1578820396534739,0.1428003900689642,0.112217487630003,0.9403625362067732,0.9814945996764178,19.698314,results/grg_normalized_wrap_python_newdist_comparison.csv,
0.22,0.22,toroidal,54,664,wrap_python_newdist,5.6795,,,,,0.2461,0.1428328188862407,0.1907952355240818,0.1245376681237756,0.9130660374333044,0.9297864858745618,5.882856,results/grg_normalized_wrap_python_newdist_comparison.csv,
0.22,0.22,euclidean,55,169,wrap_python_newdist,0.1491,,,,,0.0045,0.1698674873362811,0.1860896813138478,0.1294927654798594,0.9297639566831064,0.9344075963557968,8.656871,results/grg_normalized_wrap_python_newdist_comparison.csv,
0.22,0.22,euclidean,56,993,wrap_python_newdist,15.747,,,,,0.4808,0.1637036078074546,0.188793033211403,0.1260808669143101,0.9210972036728856,0.9621588985340688,8.343306,results/grg_normalized_wrap_python_newdist_comparison.csv,
0.1,0.16,euclidean,57,147,wrap_python_newdist,0.0982,,,,,0.003,0.1877457762242048,0.1896883890982212,0.1459187872541978,0.9078368180263564,0.896472959036181,13.471093,results/grg_normalized_wrap_python_newdist_comparison.csv,
0.34,0.34,euclidean,58,430,wrap_python_newdist,2.4819,,,,,0.0642,0.1647305454261613,0.2303198832047883,0.1432251588459101,0.9244275808889032,0.95452345346878,6.067904,results/grg_normalized_wrap_python_newdist_comparison.csv,
0.1,0.1,toroidal,59,208,wrap_python_newdist,0.1803,,,,,0.0042,0.1772443495407986,0.1778446254354459,0.1307220881194704,0.8704693093278726,0.9053333310909064,16.758691,results/grg_normalized_wrap_python_newdist_comparison.csv,
0.16,0.16,toroidal,60,477,wrap_python_newdist,1.6662,,,,,0.0398,0.1069873582865972,0.1457986231724617,0.0929241634154962,0.9464625631133762,0.905598772769002,7.961271,results/grg_normalized_wrap_python_newdist_comparison.csv,
0.28,0.28,euclidean,61,803,wrap_python_newdist,11.6038,,,,,0.4161,0.155673776084461,0.206608665971804,0.1360853535680639,0.9338481708311552,0.9575276302820948,7.064375,results/grg_normalized_wrap_python_newdist_comparison.csv,
0.4,0.4,euclidean,62,188,wrap_python_newdist,0.3372,,,,,0.0101,0.1917411572690889,0.2519326116609105,0.1696767101256009,0.8901004497378792,0.8905417716207974,5.232793,results/grg_normalized_wrap_python_newdist_comparison.csv,
0.34,0.34,euclidean,63,850,wrap_python_newdist,19.562,,,,,0.5531,0.1596595593296237,0.2278194948518025,0.1382217336523785,0.9285250784758587,0.9452993109689678,6.101497,results/grg_normalized_wrap_python_newdist_comparison.csv,
0.1,0.1,toroidal,64,238,wrap_python_newdist,0.2391,,,,,0.0056,0.1484767570429161,0.1521903493763739,0.1142324655913719,0.8961209766950711,0.8844191086691086,15.919065,results/grg_normalized_wrap_python_newdist_comparison.csv,
0.4,0.4,euclidean,65,119,wrap_python_newdist,0.0953,,,,,0.0039,0.1937046302164046,0.2497223710987785,0.1731084399679183,0.8894748893302812,0.9000693938394687,5.224733,results/grg_normalized_wrap_python_newdist_comparison.csv,
0.4,0.4,euclidean,66,907,wrap_python_newdist,34.5738,,,,,0.8366,0.273832737140356,0.3762996192421025,0.2417709549876871,0.7636031798356171,0.8984071594487577,4.988699,results/grg_normalized_wrap_python_newdist_comparison.csv,
0.28,0.28,toroidal,67,468,wrap_python_newdist,2.7809,,,,,0.0816,0.1694566435630604,0.2193029496298804,0.1473724762102293,0.850346130809654,0.9672623036003646,4.77882,results/grg_normalized_wrap_python_newdist_comparison.csv,
0.4,0.4,euclidean,68,239,wrap_python_newdist,0.6241,,,,,0.0181,0.1953898926165318,0.2536966887687765,0.1728729645352149,0.8775143517127025,0.8571456121404367,5.244896,results/grg_normalized_wrap_python_newdist_comparison.csv,
0.28,0.28,euclidean,69,110,wrap_python_newdist,0.0645,,,,,0.0024,0.152706549275249,0.1934151829909817,0.1295396767073029,0.9385493852891263,0.9527730770103132,7.308303,results/grg_normalized_wrap_python_newdist_comparison.csv,
0.28,0.28,toroidal,70,516,wrap_python_newdist,3.7151,,,,,0.104,0.1747857721844278,0.2272092445935675,0.1528571458749984,0.8461309068676499,0.9589995619779538,4.772545,results/grg_normalized_wrap_python_newdist_comparison.csv,
0.22,0.22,euclidean,71,817,wrap_python_newdist,9.0371,,,,,0.3381,0.1481876223995549,0.1846554251273565,0.1168531031264182,0.942019980236538,0.9632892205413972,8.335488,results/grg_normalized_wrap_python_newdist_comparison.csv,
0.1,0.11,toroidal,72,182,wrap_python_newdist,0.1409,,,,,0.0035,0.201943416382905,0.1914166547877206,0.1463236880509254,0.8641815901707944,0.9148204328351384,16.145522,results/grg_normalized_wrap_python_newdist_comparison.csv,
0.1,0.1,toroidal,73,523,wrap_python_newdist,1.4219,,,,,0.0336,0.0828512710343921,0.1130471158018328,0.0704471044796574,0.9685590851571674,0.8719604232197108,13.216435,results/grg_normalized_wrap_python_newdist_comparison.csv,
0.34,0.34,euclidean,74,545,wrap_python_newdist,4.811,,,,,0.1347,0.1688449228369677,0.2346465505700099,0.1463904303070982,0.9243878821615928,0.9545134605402754,6.063357,results/grg_normalized_wrap_python_newdist_comparison.csv,
0.34,0.34,toroidal,75,389,wrap_python_newdist,2.3663,,,,,0.1527,0.1896927915775582,0.2412194716798964,0.1625269161951801,0.8322873579782186,0.9979542669951657,4.134417,results/grg_normalized_wrap_python_newdist_comparison.csv,
0.22,0.22,toroidal,76,226,wrap_python_newdist,0.3149,,,,,0.0097,0.1318353062708587,0.1770652174527128,0.1147269549742577,0.9214683398799616,0.9176488474203786,6.104389,results/grg_normalized_wrap_python_newdist_comparison.csv,
0.22,0.22,toroidal,77,181,wrap_python_newdist,0.1845,,,,,0.0057,0.1303441571919409,0.1776728500896,0.1135376550509917,0.9230883679924452,0.927175828827944,6.128164,results/grg_normalized_wrap_python_newdist_comparison.csv,
0.22,0.22,euclidean,78,116,wrap_python_newdist,0.0652,,,,,0.0022,0.1338132123372869,0.1661694437289287,0.1098625391475133,0.9595703539745816,0.9389429280713992,9.275212,results/grg_normalized_wrap_python_newdist_comparison.csv,
0.22,0.22,euclidean,79,327,wrap_python_newdist,0.8626,,,,,0.0211,0.1287922852071782,0.1717346303070729,0.1095933442258209,0.9601655466425516,0.9687575583967828,9.136741,results/grg_normalized_wrap_python_newdist_comparison.csv,
0.34,0.34,euclidean,80,641,wrap_python_newdist,8.0228,,,,,0.3229,0.1665199087572814,0.2376605733968311,0.1454994809225544,0.9249525217609772,0.956412500656528,6.109355,results/grg_normalized_wrap_python_newdist_comparison.csv,
0.1,0.1,euclidean,81,304,wrap_python_newdist,0.4127,,,,,0.009,0.1495352145171199,0.137849946710385,0.1015109576180379,0.9602830467880648,0.9418220387917356,22.552545,results/grg_normalized_wrap_python_newdist_comparison.csv,
0.22,0.22,toroidal,82,503,wrap_python_newdist,2.8168,,,,,0.067,0.1374248901192875,0.1821257146475878,0.120003083896853,0.91991751624602,0.9391689220203832,5.909575,results/grg_normalized_wrap_python_newdist_comparison.csv,
0.34,0.34,toroidal,83,191,wrap_python_newdist,0.3482,,,,,0.011,0.188642603178295,0.239240416225715,0.1630580543210188,0.8413740056260398,0.9946694978131404,4.155747,results/grg_normalized_wrap_python_newdist_comparison.csv,
0.4,0.4,euclidean,84,210,wrap_python_newdist,0.4875,,,,,0.0138,0.2040988248797043,0.2585727711426692,0.1802223477490615,0.8803715184731088,0.8977361042197074,5.234955,results/grg_normalized_wrap_python_newdist_comparison.csv,
0.28,0.28,euclidean,85,217,wrap_python_newdist,0.3173,,,,,0.0094,0.1514382010330547,0.1970827320940191,0.1298683601355469,0.9354009256635842,0.959718869848492,7.378317,results/grg_normalized_wrap_python_newdist_comparison.csv,
0.22,0.22,euclidean,86,110,wrap_python_newdist,0.0585,,,,,0.0019,0.1935834364698396,0.2059550500369993,0.1535743229361724,0.8921846322991349,0.9459427897896984,9.265666,results/grg_normalized_wrap_python_newdist_comparison.csv,
0.4,0.4,toroidal,87,719,wrap_python_newdist,21.3203,,,,,0.5719,0.3840645035292067,0.4692283427160468,0.3148096332933982,0.5542804652134686,1.0,3.870618,results/grg_normalized_wrap_python_newdist_comparison.csv,
0.4,0.4,toroidal,88,106,wrap_python_newdist,0.0779,,,,,0.0037,0.312797827458973,0.3720823011100397,0.2582229541630657,0.6120741264913254,1.0,4.129869,results/grg_normalized_wrap_python_newdist_comparison.csv,
0.1,0.12,euclidean,89,266,wrap_python_newdist,0.3246,,,,,0.0076,0.1044196005174584,0.1192779895670834,0.076654963301552,0.9817736909471482,0.9114342986166848,17.592303,results/grg_normalized_wrap_python_newdist_comparison.csv,
0.22,0.22,euclidean,90,408,wrap_python_newdist,1.4028,,,,,0.0328,0.1650883358040668,0.1816975585308739,0.1279651336808233,0.9175944489046016,0.9651707998883668,8.613573,results/grg_normalized_wrap_python_newdist_comparison.csv,
0.28,0.28,euclidean,91,592,wrap_python_newdist,4.9078,,,,,0.1226,0.2113011297130575,0.2364990248642711,0.1653925534241159,0.8401435707918878,0.865781933585939,6.606373,results/grg_normalized_wrap_python_newdist_comparison.csv,
0.4,0.4,euclidean,92,359,wrap_python_newdist,1.8847,,,,,0.1243,0.2044190473248502,0.2591185759072991,0.1810207843342855,0.8663792740523639,0.8664014031956222,5.23185,results/grg_normalized_wrap_python_newdist_comparison.csv,
0.22,0.22,toroidal,93,100,wrap_python_newdist,0.0494,,,,,0.0019,0.1314835476424736,0.1764034229451279,0.1130781501937865,0.9259282343125244,0.8954619467538016,6.49582,results/grg_normalized_wrap_python_newdist_comparison.csv,
0.34,0.34,euclidean,94,466,wrap_python_newdist,3.2645,,,,,0.0851,0.1600029080424062,0.2285336867344047,0.1396882380392461,0.9315043490003232,0.9543287072726128,6.061405,results/grg_normalized_wrap_python_newdist_comparison.csv,
0.34,0.34,euclidean,95,754,wrap_python_newdist,12.9917,,,,,0.4371,0.1668542013194863,0.2319412389754977,0.1444782608331307,0.920417173313262,0.934409076698272,6.036798,results/grg_normalized_wrap_python_newdist_comparison.csv,
0.28,0.28,euclidean,96,310,wrap_python_newdist,0.8503,,,,,0.0227,0.1481424562348376,0.2020841523911929,0.1314940136722683,0.9410088715692396,0.963820873431016,7.127862,results/grg_normalized_wrap_python_newdist_comparison.csv,
0.22,0.22,euclidean,97,392,wrap_python_newdist,1.2424,,,,,0.0318,0.1550826207866277,0.1833699791002112,0.122533392457759,0.9379852040160288,0.9553845776673694,8.424354,results/grg_normalized_wrap_python_newdist_comparison.csv,
0.4,0.4,toroidal,98,472,wrap_python_newdist,4.7448,,,,,0.2649,0.3695711181001138,0.4458583091981727,0.2989690164282716,0.5676034691922924,1.0,3.988087,results/grg_normalized_wrap_python_newdist_comparison.csv,
0.1,0.1,toroidal,99,734,wrap_python_newdist,3.4206,,,,,0.0739,0.0772528417056737,0.1120550606855858,0.0659068323436459,0.9736629362241892,0.8951157372039724,12.724203,results/grg_normalized_wrap_python_newdist_comparison.csv,
0.16,0.16,euclidean,100,431,wrap_python_newdist,1.1864,,,,,0.0289,0.1396739469862701,0.1539046665733531,0.1031188458890479,0.9598193875949532,0.9546770049301244,11.490657,results/grg_normalized_wrap_python_newdist_comparison.csv,
0.28,0.28,euclidean,101,196,wrap_python_newdist,0.258,,,,,0.0082,0.1503366299625153,0.1989610039128143,0.1307084980688756,0.9399403308680028,0.967531065485334,7.227114,results/grg_normalized_wrap_python_newdist_comparison.csv,
0.4,0.4,toroidal,102,194,wrap_python_newdist,0.4549,,,,,0.015,0.2831175047042517,0.3367585643770812,0.2325232494143271,0.710243421865475,1.0,4.175394,results/grg_normalized_wrap_python_newdist_comparison.csv,
0.28,0.28,euclidean,103,229,wrap_python_newdist,0.3811,,,,,0.0114,0.1529712584514304,0.1974819247956972,0.1311681485779393,0.9353503356694758,0.9640043764961856,7.23101,results/grg_normalized_wrap_python_newdist_comparison.csv,
0.28,0.28,toroidal,104,111,wrap_python_newdist,0.0685,,,,,0.0026,0.1646079019524556,0.2097761817803246,0.1448213616140111,0.869071694593412,0.9329123205660677,4.94429,results/grg_normalized_wrap_python_newdist_comparison.csv,
0.16,0.16,euclidean,105,791,wrap_python_newdist,5.8085,,,,,0.122,0.1431834602355617,0.1601127683812226,0.1087976999347591,0.9372780212640588,0.9668844956397484,11.729259,results/grg_normalized_wrap_python_newdist_comparison.csv,
0.28,0.28,euclidean,106,807,wrap_python_newdist,13.2739,,,,,0.4006,0.1979619842255763,0.2293967329594588,0.1560729378309048,0.8864728841490255,0.8834357554328074,6.498417,results/grg_normalized_wrap_python_newdist_comparison.csv,
0.1,0.1,euclidean,107,578,wrap_python_newdist,1.7926,,,,,0.0401,0.128075913918202,0.1241579301768728,0.0875870264284061,0.954779837580076,0.9332555243174436,19.196348,results/grg_normalized_wrap_python_newdist_comparison.csv,
0.22,0.22,toroidal,108,251,wrap_python_newdist,0.4214,,,,,0.012,0.1328480659854931,0.1786162578312387,0.1154919097149768,0.916973757118597,0.9149239814715092,6.05817,results/grg_normalized_wrap_python_newdist_comparison.csv,
0.4,0.4,euclidean,109,657,wrap_python_newdist,11.7475,,,,,0.3943,0.253754165146153,0.3228780764388733,0.2199046870907595,0.7990001668586896,0.8837303881190829,5.255158,results/grg_normalized_wrap_python_newdist_comparison.csv,
0.22,0.22,toroidal,110,166,wrap_python_newdist,0.1488,,,,,0.0047,0.1333280774047129,0.1756108959276076,0.1151729908455021,0.914745321506068,0.8953892124926663,6.185087,results/grg_normalized_wrap_python_newdist_comparison.csv,
0.28,0.28,euclidean,111,454,wrap_python_newdist,2.2492,,,,,0.0567,0.1472883736876514,0.2035360410329101,0.1296145373032168,0.9361377631298894,0.969078131189496,7.162107,results/grg_normalized_wrap_python_newdist_comparison.csv,
0.28,0.28,euclidean,112,754,wrap_python_newdist,10.262,,,,,0.324,0.1560684556902661,0.2065210730667365,0.1359574390622585,0.9294099037678784,0.964992320535122,7.12827,results/grg_normalized_wrap_python_newdist_comparison.csv,
0.16,0.16,toroidal,113,143,wrap_python_newdist,0.0918,,,,,0.0028,0.1328368328090216,0.1541463810010051,0.1054156947381586,0.9160639933181576,0.8902194266008485,9.221428,results/grg_normalized_wrap_python_newdist_comparison.csv,
0.4,0.4,euclidean,114,858,wrap_python_newdist,28.6561,,,,,0.7251,0.2587069182555033,0.3573143705219797,0.2299381878042544,0.7786458879551329,0.8423861191719155,5.142506,results/grg_normalized_wrap_python_newdist_comparison.csv,
0.1,0.1,euclidean,115,730,wrap_python_newdist,3.3627,,,,,0.0689,0.1245732496374538,0.1206836382086527,0.0848528543779138,0.9638590613719584,0.9522299367299368,18.898722,results/grg_normalized_wrap_python_newdist_comparison.csv,
0.16,0.16,toroidal,116,899,wrap_python_newdist,8.972,,,,,0.1997,0.1097122251139825,0.1536643680499579,0.0952762768085297,0.9472808994616788,0.9192223302644416,7.756289,results/grg_normalized_wrap_python_newdist_comparison.csv,
0.16,0.176,euclidean,117,104,wrap_python_newdist,0.0473,,,,,0.0014,0.1834554788474759,0.1751542725202457,0.1358975422744551,0.9238966647629698,0.9157817493769688,13.201622,results/grg_normalized_wrap_python_newdist_comparison.csv,
0.28,0.28,euclidean,118,602,wrap_python_newdist,4.955,,,,,0.132,0.1983081174560408,0.2264635416271986,0.1558584724171888,0.8770911743383272,0.8854238494726533,6.622694,results/grg_normalized_wrap_python_newdist_comparison.csv,
0.1,0.12,euclidean,119,155,wrap_python_newdist,0.1008,,,,,0.0024,0.1920959532034193,0.1770998532730482,0.1389807207680779,0.9053736205106896,0.9516447163947164,19.547811,results/grg_normalized_wrap_python_newdist_comparison.csv,
0.28,0.28,toroidal,120,320,wrap_python_newdist,1.0176,,,,,0.0298,0.1694892339860571,0.2167705117494472,0.1477596590654191,0.848331907945402,0.971680072684162,4.78478,results/grg_normalized_wrap_python_newdist_comparison.csv,
0.4,0.4,euclidean,121,911,wrap_python_newdist,37.6126,,,,,0.8672,0.2634062091611361,0.3487297142038575,0.2310360036605679,0.7873644752309887,0.90517989490248,5.013218,results/grg_normalized_wrap_python_newdist_comparison.csv,
0.16,0.16,euclidean,122,535,wrap_python_newdist,2.0436,,,,,0.0491,0.1793447430557341,0.172471938595601,0.1301597032639957,0.9171652897632996,0.9554020795647656,11.114459,results/grg_normalized_wrap_python_newdist_comparison.csv,
0.28,0.28,toroidal,123,395,wrap_python_newdist,1.7738,,,,,0.0518,0.1750808687916266,0.2232709506805568,0.1525080997362857,0.8416195194651005,0.9625953829094328,4.735478,results/grg_normalized_wrap_python_newdist_comparison.csv,
0.34,0.34,toroidal,124,101,wrap_python_newdist,0.0623,,,,,0.0028,0.1790176156568234,0.2295264232652066,0.1547906311460812,0.8498295569927723,0.9872789549701187,4.221462,results/grg_normalized_wrap_python_newdist_comparison.csv,
0.34,0.34,euclidean,125,841,wrap_python_newdist,23.0409,,,,,0.558,0.1694209793457234,0.2418340575356162,0.1476703385923775,0.923952396882814,0.9455896666283972,6.04142,results/grg_normalized_wrap_python_newdist_comparison.csv,
0.4,0.4,toroidal,126,858,wrap_python_newdist,41.0647,,,,,0.9266,0.3933052565920996,0.4792569504799082,0.3248565598807811,0.5216711327025988,1.0,3.928807,results/grg_normalized_wrap_python_newdist_comparison.csv,
0.16,0.16,euclidean,127,148,wrap_python_newdist,0.0998,,,,,0.0028,0.149568633837761,0.1541294703338427,0.1074068042755542,0.9469691882844286,0.9273660968596766,12.851399,results/grg_normalized_wrap_python_newdist_comparison.csv,
0.22,0.22,toroidal,128,518,wrap_python_newdist,2.9065,,,,,0.0723,0.1396887726805851,0.1860111072430434,0.1212244169541727,0.9149688728407744,0.9176718162639595,5.934945,results/grg_normalized_wrap_python_newdist_comparison.csv,
0.22,0.22,euclidean,129,696,wrap_python_newdist,5.7102,,,,,0.1351,0.1660210961368176,0.1873775747442502,0.1281891392137144,0.9228254579538137,0.9594705026492854,8.506983,results/grg_normalized_wrap_python_newdist_comparison.csv,
0.1,0.11,toroidal,130,175,wrap_python_newdist,0.1304,,,,,0.0032,0.1878871354794143,0.1799859959135352,0.1387977961332656,0.8627397240748454,0.8883596517861221,15.365229,results/grg_normalized_wrap_python_newdist_comparison.csv,
0.1,0.13,toroidal,131,127,wrap_python_newdist,0.0671,,,,,0.0018,0.1951833990230086,0.186175895338455,0.1423914213293524,0.8684247095292833,0.8867829247252021,13.767249,results/grg_normalized_wrap_python_newdist_comparison.csv,
0.4,0.4,euclidean,132,325,wrap_python_newdist,1.4485,,,,,0.0403,0.2030640222632356,0.2580028427653923,0.1787900578546355,0.8737304051411815,0.8776209930456595,5.195274,results/grg_normalized_wrap_python_newdist_comparison.csv,
0.22,0.22,toroidal,133,612,wrap_python_newdist,4.5806,,,,,0.2266,0.1373886809999817,0.184983830503941,0.1192762590040938,0.91860034809567,0.943590354276902,5.908031,results/grg_normalized_wrap_python_newdist_comparison.csv,
0.22,0.22,toroidal,134,100,wrap_python_newdist,0.0477,,,,,0.0018,0.1363968940144593,0.1755747169063825,0.1153989793627472,0.9121279225741938,0.8833614238077844,6.421316,results/grg_normalized_wrap_python_newdist_comparison.csv,
0.28,0.28,euclidean,135,884,wrap_python_newdist,16.8761,,,,,0.4701,0.1559433610590077,0.2070692730363757,0.1352528416287773,0.930907140285997,0.9558274245580062,7.135841,results/grg_normalized_wrap_python_newdist_comparison.csv,
0.4,0.4,euclidean,136,110,wrap_python_newdist,0.0774,,,,,0.0032,0.1912850180372157,0.2455152146778706,0.1684161715984894,0.8847585057449212,0.864052304811242,5.373911,results/grg_normalized_wrap_python_newdist_comparison.csv,
0.34,0.34,euclidean,137,829,wrap_python_newdist,21.0254,,,,,0.5186,0.1662646783495515,0.2280787429273814,0.1435658621197801,0.9206895606757336,0.9333655221593268,6.08715,results/grg_normalized_wrap_python_newdist_comparison.csv,
0.22,0.22,toroidal,138,237,wrap_python_newdist,0.3613,,,,,0.0108,0.132500492185986,0.1778374507486089,0.1151241610617261,0.9192402268651992,0.909993274366648,6.116696,results/grg_normalized_wrap_python_newdist_comparison.csv,
0.16,0.16,toroidal,139,283,wrap_python_newdist,0.4317,,,,,0.0117,0.1101216788675205,0.1464349543274349,0.0945832567619902,0.9435501629067172,0.8962496299471603,8.244409,results/grg_normalized_wrap_python_newdist_comparison.csv,
0.34,0.34,euclidean,140,864,wrap_python_newdist,23.0175,,,,,0.559,0.1709543022414538,0.233548255095746,0.1482972558950546,0.9195817473403514,0.945449137204106,6.0359,results/grg_normalized_wrap_python_newdist_comparison.csv,
0.34,0.34,euclidean,141,272,wrap_python_newdist,0.8307,,,,,0.0211,0.194267567935485,0.2400096491088943,0.1661406146634372,0.8761858593855586,0.830681616567635,5.600937,results/grg_normalized_wrap_python_newdist_comparison.csv,
0.34,0.34,toroidal,142,143,wrap_python_newdist,0.1454,,,,,0.0058,0.1856394142361691,0.2360494716952055,0.1603077044389748,0.8418897477468357,0.9948802010117128,4.159884,results/grg_normalized_wrap_python_newdist_comparison.csv,
0.16,0.16,euclidean,143,331,wrap_python_newdist,0.6118,,,,,0.0155,0.1581631716719971,0.1633884348497752,0.1165424575904706,0.9368285958007784,0.9520327354380304,11.839988,results/grg_normalized_wrap_python_newdist_comparison.csv,
0.34,0.34,toroidal,144,216,wrap_python_newdist,0.5084,,,,,0.0146,0.1911759847126737,0.2411047258769185,0.165108478772451,0.83816576179349,0.995924424127664,4.152234,results/grg_normalized_wrap_python_newdist_comparison.csv,
0.22,0.22,toroidal,145,282,wrap_python_newdist,0.5881,,,,,0.016,0.1324302150185645,0.1784644273257871,0.1154439162335581,0.9212686666032838,0.9315821361121244,6.045331,results/grg_normalized_wrap_python_newdist_comparison.csv,
0.1,0.14,toroidal,146,111,wrap_python_newdist,0.0525,,,,,0.0015,0.1509354891515135,0.1749406121640191,0.1212855623109453,0.9147529906394896,0.8350743007507242,11.794451,results/grg_normalized_wrap_python_newdist_comparison.csv,
0.16,0.16,euclidean,147,512,wrap_python_newdist,1.7873,,,,,0.042,0.1461247399488636,0.1582567715987286,0.1076039820018533,0.9530493319234252,0.9579963369023444,11.649313,results/grg_normalized_wrap_python_newdist_comparison.csv,
0.34,0.34,euclidean,148,264,wrap_python_newdist,0.6836,,,,,0.1126,0.1632585697002581,0.2234535448020121,0.1401476999296522,0.9270231830599872,0.9548278751350668,6.13811,results/grg_normalized_wrap_python_newdist_comparison.csv,
0.34,0.34,euclidean,149,219,wrap_python_newdist,0.4224,,,,,0.0122,0.1603951212435601,0.2187241779143439,0.1390023844439682,0.9295485503400936,0.9534107821318006,6.104336,results/grg_normalized_wrap_python_newdist_comparison.csv,
0.4,0.4,toroidal,150,364,wrap_python_newdist,2.6303,,,,,0.0763,0.3139448875161826,0.3694882521340828,0.2544453945378463,0.6525387852187114,1.0,4.224264,results/grg_normalized_wrap_python_newdist_comparison.csv,
0.1,0.11,toroidal,151,200,wrap_python_newdist,0.1708,,,,,0.0041,0.1318537147498321,0.1427442746031572,0.1022217298905787,0.9217159293798396,0.8931988032607223,14.286947,results/grg_normalized_wrap_python_newdist_comparison.csv,
0.16,0.192,euclidean,152,109,wrap_python_newdist,0.0537,,,,,0.0017,0.140142301774081,0.15666807831093,0.1068313171788383,0.9522862587306762,0.9452889859001952,10.701345,results/grg_normalized_wrap_python_newdist_comparison.csv,
0.16,0.16,euclidean,153,597,wrap_python_newdist,2.9742,,,,,0.0631,0.139501902806187,0.1554276365154498,0.105502183506687,0.9459154528631504,0.962879226677345,11.554749,results/grg_normalized_wrap_python_newdist_comparison.csv,
0.22,0.22,euclidean,154,106,wrap_python_newdist,0.0525,,,,,0.0018,0.1807971222383635,0.1943415460400216,0.1391965040836138,0.8988140378087031,0.9171436936821656,9.003573,results/grg_normalized_wrap_python_newdist_comparison.csv,
0.1,0.1,toroidal,155,822,wrap_python_newdist,4.6891,,,,,0.0959,0.0764619038675875,0.1108588250117482,0.0657736451003527,0.9730785677940812,0.91162887439358,12.589428,results/grg_normalized_wrap_python_newdist_comparison.csv,
0.28,0.28,toroidal,156,126,wrap_python_newdist,0.0916,,,,,0.0034,0.1647779437395672,0.2123814266520458,0.1450006973248997,0.8724895419190715,0.9283134919112273,4.933609,results/grg_normalized_wrap_python_newdist_comparison.csv,
0.16,0.16,euclidean,157,551,wrap_python_newdist,2.1755,,,,,0.0517,0.13076008446026,0.1483832460757212,0.0988341809251957,0.9614720341876992,0.9689939056683662,11.440198,results/grg_normalized_wrap_python_newdist_comparison.csv,
0.28,0.28,euclidean,158,902,wrap_python_newdist,18.7793,,,,,0.4808,0.1570645555398207,0.211487825851956,0.1369314337797242,0.9341114865778976,0.9604022096815316,7.056185,results/grg_normalized_wrap_python_newdist_comparison.csv,
0.28,0.28,euclidean,159,110,wrap_python_newdist,0.062,,,,,0.0024,0.1582002404338929,0.1910507665590618,0.1296473711480434,0.9258747670993932,0.9499425645531556,7.527494,results/grg_normalized_wrap_python_newdist_comparison.csv,
0.34,0.34,euclidean,160,169,wrap_python_newdist,0.1894,,,,,0.0064,0.1628477022339438,0.2142928003456141,0.1368534829416801,0.9226385446941392,0.9180856264438916,6.235155,results/grg_normalized_wrap_python_newdist_comparison.csv,
0.22,0.22,euclidean,161,126,wrap_python_newdist,0.077,,,,,0.0024,0.1824445462568565,0.1896070159592877,0.1394475296291523,0.9055772840753752,0.9420153433027793,9.013212,results/grg_normalized_wrap_python_newdist_comparison.csv,
0.16,0.16,euclidean,162,604,wrap_python_newdist,2.9325,,,,,0.0643,0.1426551262334535,0.1567805992196017,0.1049597416862876,0.94738283378313,0.9586043749492772,11.659016,results/grg_normalized_wrap_python_newdist_comparison.csv,
0.1,0.13,euclidean,163,218,wrap_python_newdist,0.2158,,,,,0.0053,0.1578851512396439,0.1513468606385595,0.1134747767508209,0.9315351192144712,0.9483745523482364,16.356735,results/grg_normalized_wrap_python_newdist_comparison.csv,
0.22,0.22,euclidean,164,731,wrap_python_newdist,6.7014,,,,,0.1559,0.1549024737516533,0.1845709791095572,0.1217251369882639,0.9367595710049332,0.9655657139846088,8.361417,results/grg_normalized_wrap_python_newdist_comparison.csv,
0.16,0.16,euclidean,165,100,wrap_python_newdist,0.0427,,,,,0.0014,0.1622656215029174,0.1611345389453344,0.116401298794615,0.9523532293251348,0.9183894540816124,14.114159,results/grg_normalized_wrap_python_newdist_comparison.csv,
0.34,0.34,euclidean,166,910,wrap_python_newdist,27.1997,,,,,0.6616,0.1732880050188789,0.240668697279046,0.1504321286596631,0.9176548606322796,0.9310557355568082,6.119768,results/grg_normalized_wrap_python_newdist_comparison.csv,
0.4,0.4,euclidean,167,390,wrap_python_newdist,2.3477,,,,,0.0651,0.20715078525164,0.2605342111246378,0.1828174240970961,0.8702099015824643,0.8847122457543591,5.232497,results/grg_normalized_wrap_python_newdist_comparison.csv,
0.22,0.22,euclidean,168,951,wrap_python_newdist,14.9939,,,,,0.4232,0.1647528392753594,0.1966589069017251,0.1283441732832038,0.9133213869368544,0.9809029199852825,8.44941,results/grg_normalized_wrap_python_newdist_comparison.csv,
0.22,0.22,toroidal,169,136,wrap_python_newdist,0.0931,,,,,0.0032,0.1311462090358523,0.1740907243795252,0.1121976210278872,0.9174938547224982,0.8862019311673325,6.302333,results/grg_normalized_wrap_python_newdist_comparison.csv,
0.22,0.22,toroidal,170,441,wrap_python_newdist,1.8781,,,,,0.0484,0.1404288801284327,0.188740514232985,0.122861981867737,0.9193346499426877,0.9329619120775604,5.931609,results/grg_normalized_wrap_python_newdist_comparison.csv,
0.22,0.22,euclidean,171,159,wrap_python_newdist,0.1301,,,,,0.004,0.172262022515124,0.1844180715200479,0.1313188248352647,0.9239777013222892,0.9523832024953484,8.649875,results/grg_normalized_wrap_python_newdist_comparison.csv,
0.34,0.34,euclidean,172,327,wrap_python_newdist,1.2589,,,,,0.0326,0.1616451944689219,0.225598299957733,0.1399179272891785,0.9286713952360532,0.9592038574334418,6.115005,results/grg_normalized_wrap_python_newdist_comparison.csv,
0.1,0.1,euclidean,173,404,wrap_python_newdist,0.7812,,,,,0.0171,0.1411494775128453,0.1314880973866195,0.1001241728142767,0.9374210868685802,0.9227289932289928,20.489117,results/grg_normalized_wrap_python_newdist_comparison.csv,
0.28,0.28,euclidean,174,114,wrap_python_newdist,0.0704,,,,,0.0024,0.1434773828353249,0.1945050363810636,0.1257350126281896,0.9442527935673274,0.9635922033114162,7.234841,results/grg_normalized_wrap_python_newdist_comparison.csv,
0.1,0.1,toroidal,175,426,wrap_python_newdist,0.8627,,,,,0.0202,0.0863216888841726,0.1112436264684589,0.0726731455292852,0.9637471772250978,0.9016848429348424,13.657455,results/grg_normalized_wrap_python_newdist_comparison.csv,
0.22,0.22,euclidean,176,884,wrap_python_newdist,11.6057,,,,,0.3525,0.1496328668122103,0.1885452281678437,0.1210040978991505,0.9504112323426792,0.9755528793607732,8.255777,results/grg_normalized_wrap_python_newdist_comparison.csv,
0.4,0.4,euclidean,177,146,wrap_python_newdist,0.1589,,,,,0.0062,0.1956104027450038,0.2513261289635621,0.1736238225028213,0.8871877074231279,0.8983357517634236,5.265294,results/grg_normalized_wrap_python_newdist_comparison.csv,
0.22,0.22,euclidean,178,977,wrap_python_newdist,17.2236,,,,,0.4475,0.1581366321303149,0.190319225158973,0.1245670182325943,0.9366101058806512,0.97137006488064,8.356114,results/grg_normalized_wrap_python_newdist_comparison.csv,
0.1,0.12,toroidal,179,117,wrap_python_newdist,0.0566,,,,,0.0015,0.2167814058429512,0.2238191335329721,0.1685872882000291,0.8220779106141758,0.8387871675108518,16.455087,results/grg_normalized_wrap_python_newdist_comparison.csv,
0.34,0.34,euclidean,180,137,wrap_python_newdist,0.1157,,,,,0.0042,0.2114640485401745,0.2555526649270259,0.1753624168754353,0.8511871064879121,0.7934860890396637,5.79138,results/grg_normalized_wrap_python_newdist_comparison.csv,
0.22,0.22,euclidean,181,143,wrap_python_newdist,0.1043,,,,,0.0035,0.1706344763940968,0.1852217655877387,0.1293690375137257,0.9196738513513892,0.9456747912777734,8.677235,results/grg_normalized_wrap_python_newdist_comparison.csv,
0.16,0.16,toroidal,182,196,wrap_python_newdist,0.1917,,,,,0.0051,0.1110839951713261,0.1488894812284327,0.0943621945526073,0.9430460969666216,0.904633289499898,8.670827,results/grg_normalized_wrap_python_newdist_comparison.csv,
0.1,0.1,toroidal,183,355,wrap_python_newdist,0.5708,,,,,0.0138,0.0852477189650095,0.1151913003577932,0.0713475657589643,0.9647722912658848,0.8752257464757461,14.227327,results/grg_normalized_wrap_python_newdist_comparison.csv,
0.22,0.22,euclidean,184,106,wrap_python_newdist,0.0522,,,,,0.0017,0.1504689853599098,0.1733772645078087,0.1180648845845519,0.939248231230083,0.9210583101379112,9.663117,results/grg_normalized_wrap_python_newdist_comparison.csv,
0.34,0.34,euclidean,185,690,wrap_python_newdist,10.3309,,,,,0.2553,0.1611248101148165,0.2215845398237635,0.1389863180662532,0.9255660096273842,0.9385831317826486,6.085012,results/grg_normalized_wrap_python_newdist_comparison.csv,
0.1,0.1,toroidal,186,300,wrap_python_newdist,0.3953,,,,,0.0093,0.1407300773749205,0.136799477308606,0.0964378369447856,0.9200892123240992,0.9081436801133772,15.170261,results/grg_normalized_wrap_python_newdist_comparison.csv,
0.34,0.34,euclidean,187,843,wrap_python_newdist,20.8967,,,,,0.5264,0.1633837243255846,0.2341821879296233,0.1413923247044024,0.9248646334153808,0.9533237725238678,6.039294,results/grg_normalized_wrap_python_newdist_comparison.csv,
0.1,0.1,toroidal,188,550,wrap_python_newdist,1.6812,,,,,0.1157,0.0793282497684865,0.1095197647255836,0.0676912478382559,0.9705414424863562,0.8964528249528249,13.198338,results/grg_normalized_wrap_python_newdist_comparison.csv,
0.28,0.28,toroidal,189,178,wrap_python_newdist,0.2126,,,,,0.0075,0.1649672025658111,0.210897049905911,0.145166279693595,0.8651789992449218,0.9528828143495984,4.84235,results/grg_normalized_wrap_python_newdist_comparison.csv,
0.34,0.34,toroidal,190,525,wrap_python_newdist,5.4066,,,,,0.1682,0.1948755224435025,0.2421609997512613,0.1669829059175652,0.823613763458556,0.997559181123246,4.114801,results/grg_normalized_wrap_python_newdist_comparison.csv,
0.34,0.34,toroidal,191,256,wrap_python_newdist,0.7364,,,,,0.0948,0.1919007499051355,0.2451564767636613,0.1655110290833061,0.8396568873741528,0.99590110419363,4.125541,results/grg_normalized_wrap_python_newdist_comparison.csv,
0.1,0.1,toroidal,192,563,wrap_python_newdist,1.7679,,,,,0.0398,0.0823279787869782,0.1125167387480835,0.0705476044512726,0.9700821080639755,0.9227274229038932,13.020143,results/grg_normalized_wrap_python_newdist_comparison.csv,
0.34,0.34,euclidean,193,271,wrap_python_newdist,0.8064,,,,,0.0208,0.1642362105595322,0.2173103479124155,0.1397635782216462,0.9258875574243918,0.9437822908597044,6.208224,results/grg_normalized_wrap_python_newdist_comparison.csv,
0.4,0.4,euclidean,194,215,wrap_python_newdist,0.5239,,,,,0.0152,0.2000004066606658,0.2569174341175332,0.1770500982590857,0.8797880180878143,0.9113222867760916,5.214496,results/grg_normalized_wrap_python_newdist_comparison.csv,
0.16,0.16,toroidal,195,638,wrap_python_newdist,3.5283,,,,,0.0828,0.1130932907761765,0.1591737509400315,0.0978187928274642,0.942128593600586,0.8919363038382676,7.898605,results/grg_normalized_wrap_python_newdist_comparison.csv,
0.22,0.22,toroidal,196,186,wrap_python_newdist,0.2024,,,,,0.0064,0.1383833474142322,0.1848726602992121,0.119319674502312,0.9162978232632804,0.8898646188837502,6.09971,results/grg_normalized_wrap_python_newdist_comparison.csv,
0.1,0.11,toroidal,197,142,wrap_python_newdist,0.0838,,,,,0.0019,0.1229837216724285,0.1551516245815705,0.0963348678101915,0.9769809934292416,0.8065166806347968,24.952477,results/grg_normalized_wrap_python_newdist_comparison.csv,
0.16,0.16,toroidal,198,733,wrap_python_newdist,5.0059,,,,,0.1124,0.1083243344417555,0.1516701442020881,0.0934898085594094,0.9483598004641208,0.9130584533577144,7.829281,results/grg_normalized_wrap_python_newdist_comparison.csv,
0.34,0.34,euclidean,199,636,wrap_python_newdist,8.3774,,,,,0.314,0.1750117228324125,0.2427263614399777,0.1522779649186265,0.9160058158931852,0.9522135636525996,6.046257,results/grg_normalized_wrap_python_newdist_comparison.csv,
0.28,0.28,euclidean,0,433,wrap_python,2.335,,,,,0.1081,0.2227299348149443,0.2391064199550232,0.1712478777739574,0.8325273685655065,0.8295698031323897,6.574678,results/grg_normalized_wrap_python_comparison.csv,
0.16,0.16,toroidal,1,633,wrap_python,3.7141,,,,,0.0789,0.4296373325276317,0.3637800596394269,0.3205612264886152,0.091980632469367,0.3381012167704057,7.264735,results/grg_normalized_wrap_python_comparison.csv,
0.4,0.4,toroidal,2,271,wrap_python,0.9973,,,,,0.0335,0.2981606031123299,0.3432027847429908,0.2387913079383125,0.670965321164523,1.0,4.228758,results/grg_normalized_wrap_python_comparison.csv,
0.28,0.28,toroidal,3,400,wrap_python,2.121,,,,,0.0518,0.1711205945154482,0.2206747733736914,0.1493215899495044,0.8505557259422823,0.9610786991758128,4.762903,results/grg_normalized_wrap_python_comparison.csv,
0.4,0.4,toroidal,4,505,wrap_python,6.1649,,,,,0.2998,0.3796365664111509,0.4561722443103058,0.3113687041543241,0.5360833587454574,1.0,3.99213,results/grg_normalized_wrap_python_comparison.csv,
0.34,0.34,toroidal,5,211,wrap_python,0.4777,,,,,0.0134,0.1874130157447415,0.2383115296320861,0.1611762726329498,0.8390274638670211,0.9949096328146207,4.163572,results/grg_normalized_wrap_python_comparison.csv,
0.16,0.16,toroidal,6,318,wrap_python,0.6267,,,,,0.0162,0.1039416776454288,0.1412698157239726,0.0893820887780433,0.948142791295686,0.9125098855134725,8.223498,results/grg_normalized_wrap_python_comparison.csv,
0.22,0.22,euclidean,7,139,wrap_python,0.1078,,,,,0.0031,0.1702654154043889,0.1788675930299102,0.123009791259018,0.9443071008861432,0.933595120018354,9.345372,results/grg_normalized_wrap_python_comparison.csv,
0.4,0.4,toroidal,8,269,wrap_python,1.1655,,,,,0.0337,0.2944856252509141,0.3423721370095833,0.236053383352263,0.6847021658085555,1.0,4.202632,results/grg_normalized_wrap_python_comparison.csv,
0.1,0.13,euclidean,9,171,wrap_python,0.1424,,,,,0.0034,0.2520670555907821,0.1965807477343462,0.1670213874363202,0.8764061982414757,0.9468090170063852,18.917956,results/grg_normalized_wrap_python_comparison.csv,
0.4,0.4,toroidal,10,537,wrap_python,8.0469,,,,,0.3324,0.3682517040307848,0.4426627570392022,0.3012689719854798,0.5372848649032457,1.0,4.03966,results/grg_normalized_wrap_python_comparison.csv,
0.4,0.4,toroidal,11,357,wrap_python,2.1717,,,,,0.0722,0.3242696216664366,0.3805724698423913,0.2619679369075621,0.635808023535511,1.0,4.16519,results/grg_normalized_wrap_python_comparison.csv,
0.22,0.22,toroidal,12,452,wrap_python,2.1456,,,,,0.0487,0.1382183207227709,0.184462127645872,0.1204792696536079,0.9160043641119032,0.9223294862060456,5.895595,results/grg_normalized_wrap_python_comparison.csv,
0.28,0.28,euclidean,13,362,wrap_python,1.383,,,,,0.0322,0.1596982249623567,0.2027509558697208,0.1367088794955525,0.9330403820659208,0.9636502692244092,7.179081,results/grg_normalized_wrap_python_comparison.csv,
0.22,0.22,toroidal,14,329,wrap_python,0.9145,,,,,0.023,0.1380239358441606,0.1831499712208984,0.1193279938062221,0.913379583563082,0.9089026494145004,6.000407,results/grg_normalized_wrap_python_comparison.csv,
0.22,0.22,euclidean,15,823,wrap_python,9.9214,,,,,0.2282,0.1746655978751489,0.1908797023235364,0.1321364136247964,0.916117836792382,0.9656332421565008,8.389933,results/grg_normalized_wrap_python_comparison.csv,
0.16,0.16,euclidean,16,123,wrap_python,0.0737,,,,,0.002,0.1974651005772183,0.1660421963825004,0.1209737275716126,0.9196452473900848,0.9044528597871516,13.878694,results/grg_normalized_wrap_python_comparison.csv,
0.1,0.1,euclidean,17,856,wrap_python,5.5173,,,,,0.1013,0.1695872396382008,0.1383087479335177,0.1052929663893024,0.9430913350707144,0.9517227217227217,18.933577,results/grg_normalized_wrap_python_comparison.csv,
0.28,0.28,toroidal,18,467,wrap_python,2.8761,,,,,0.1513,0.1776180101596541,0.2288079044154751,0.1553006376910661,0.8533237577360886,0.9613150432207168,4.747404,results/grg_normalized_wrap_python_comparison.csv,
0.4,0.4,euclidean,19,250,wrap_python,0.763,,,,,0.0205,0.2051707250269349,0.2552015749317958,0.1786087609563168,0.8684724914685701,0.8723867893326585,5.235253,results/grg_normalized_wrap_python_comparison.csv,
0.4,0.4,euclidean,20,199,wrap_python,0.4318,,,,,0.0123,0.2095892121503308,0.2621519216324672,0.1834983168442267,0.8704744208349626,0.8745217112589428,5.22897,results/grg_normalized_wrap_python_comparison.csv,
0.28,0.28,toroidal,21,634,wrap_python,7.1482,,,,,0.2812,0.194147491753373,0.2464377417535903,0.1662055783145352,0.8218539764413714,0.9422539950465878,4.722712,results/grg_normalized_wrap_python_comparison.csv,
0.28,0.28,euclidean,22,426,wrap_python,2.198,,,,,0.053,0.1544854434944341,0.1996986971377175,0.1333498488067654,0.9313443822709538,0.9669814594610244,7.086786,results/grg_normalized_wrap_python_comparison.csv,
0.4,0.4,euclidean,23,961,wrap_python,44.1476,,,,,0.9419,0.2708050105721428,0.3695143279646415,0.2389784855575628,0.7794937691412511,0.894732077672252,4.953474,results/grg_normalized_wrap_python_comparison.csv,
0.4,0.4,toroidal,24,119,wrap_python,0.1125,,,,,0.0046,0.2708611253404644,0.3221769182083392,0.2190938113882464,0.7362605981591962,1.0,4.190086,results/grg_normalized_wrap_python_comparison.csv,
0.1,0.1,toroidal,25,558,wrap_python,1.8873,,,,,0.0384,0.4242176025084154,0.3498776227686837,0.3142755612277012,0.0937803204687473,0.3465952570820991,11.78115,results/grg_normalized_wrap_python_comparison.csv,
0.22,0.22,euclidean,26,533,wrap_python,2.9317,,,,,0.066,0.1664349787079911,0.1858984206419237,0.1256316594339102,0.9260273371047716,0.9580480818159804,8.325594,results/grg_normalized_wrap_python_comparison.csv,
0.16,0.16,euclidean,27,367,wrap_python,0.8508,,,,,0.0192,0.1263937063153689,0.1436682173997725,0.0920297166597583,0.9600562237562552,0.9452737663029496,12.363841,results/grg_normalized_wrap_python_comparison.csv,
0.16,0.16,euclidean,28,198,wrap_python,0.2067,,,,,0.0048,0.1781639072379469,0.1660716271645596,0.1216781649550858,0.9222941576636778,0.927994831807593,12.887739,results/grg_normalized_wrap_python_comparison.csv,
0.28,0.28,toroidal,29,441,wrap_python,2.5348,,,,,0.0653,0.1761670199104266,0.2257875843250082,0.1530018247888757,0.8472792500178421,0.962113093972124,4.771634,results/grg_normalized_wrap_python_comparison.csv,
0.34,0.34,euclidean,30,164,wrap_python,0.1994,,,,,0.0066,0.1642115869023439,0.2249473189375924,0.1421488076971024,0.9306767678424872,0.9557068964469104,6.129691,results/grg_normalized_wrap_python_comparison.csv,
0.1,0.12,toroidal,31,165,wrap_python,0.1305,,,,,0.0029,0.1723168761011227,0.1655863992168014,0.1244605097657461,0.8797249266933911,0.8935318962083667,13.09906,results/grg_normalized_wrap_python_comparison.csv,
0.34,0.34,euclidean,32,180,wrap_python,0.2535,,,,,0.008,0.1584951003843187,0.2210336981276141,0.1376918226372939,0.9323962651467262,0.9594287665454604,6.106876,results/grg_normalized_wrap_python_comparison.csv,
0.16,0.16,euclidean,33,154,wrap_python,0.1192,,,,,0.003,0.1528467089003879,0.1549230352216932,0.1104574539227164,0.9457158871844772,0.9275994963501172,13.763669,results/grg_normalized_wrap_python_comparison.csv,
0.22,0.22,toroidal,34,654,wrap_python,5.6863,,,,,0.1344,0.1413205683804902,0.1899916734873606,0.1221153237222505,0.9158001231632472,0.9276274186625888,5.863998,results/grg_normalized_wrap_python_comparison.csv,
0.22,0.22,euclidean,35,695,wrap_python,6.0785,,,,,0.2631,0.1650020703180902,0.1884915911972397,0.1271126792859212,0.9268282871931942,0.961230770047027,8.34862,results/grg_normalized_wrap_python_comparison.csv,
0.34,0.34,toroidal,36,135,wrap_python,0.1371,,,,,0.005,0.1854266387885449,0.2336585087378205,0.1602852856001648,0.8407014973844855,0.9921310314687684,4.164775,results/grg_normalized_wrap_python_comparison.csv,
0.22,0.22,toroidal,37,275,wrap_python,0.6141,,,,,0.0149,0.1350381452151481,0.1815701263504822,0.1172983623291837,0.9150973376446117,0.910409617294462,6.035967,results/grg_normalized_wrap_python_comparison.csv,
0.22,0.22,toroidal,38,107,wrap_python,0.0622,,,,,0.0019,0.2790817054731084,0.2928015745189682,0.2148453291996935,0.6357888594920121,0.6032591381216454,6.190135,results/grg_normalized_wrap_python_comparison.csv,
0.16,0.16,toroidal,39,111,wrap_python,0.0612,,,,,0.0016,0.1409675276016896,0.1558823275523045,0.1098441541652969,0.9022278743611368,0.860996701784915,9.164335,results/grg_normalized_wrap_python_comparison.csv,
0.28,0.28,euclidean,40,503,wrap_python,3.0889,,,,,0.0745,0.1606973375722551,0.2053845001796391,0.1380197679649955,0.9291929000286618,0.958495177021782,7.187843,results/grg_normalized_wrap_python_comparison.csv,
0.34,0.34,toroidal,41,188,wrap_python,0.357,,,,,0.0104,0.1902257270122357,0.2407538205529289,0.1641137939257629,0.8442961303196584,0.9961176778246772,4.148308,results/grg_normalized_wrap_python_comparison.csv,
0.1,0.1,euclidean,42,599,wrap_python,2.158,,,,,0.0421,0.1488998049913051,0.1350779673027639,0.1002011351405389,0.9333222973103956,0.949713342213342,19.000346,results/grg_normalized_wrap_python_comparison.csv,
0.16,0.16,toroidal,43,189,wrap_python,0.1911,,,,,0.0047,0.1635028190550278,0.1770484520851449,0.1231053940848007,0.8682992248204642,0.7940230814720506,8.495341,results/grg_normalized_wrap_python_comparison.csv,
0.34,0.34,euclidean,44,613,wrap_python,7.4128,,,,,0.2603,0.1619790340075262,0.2324181106569072,0.1424485901301577,0.9307229984979112,0.9538254577186374,6.041094,results/grg_normalized_wrap_python_comparison.csv,
0.4,0.4,toroidal,45,238,wrap_python,0.7852,,,,,0.0236,0.3063880649682288,0.3456620327909401,0.241380113548087,0.6486568642924082,1.0,4.258069,results/grg_normalized_wrap_python_comparison.csv,
0.34,0.34,euclidean,46,691,wrap_python,11.7019,,,,,0.336,0.1698048697993486,0.236733840362084,0.1477820265377359,0.922651231539474,0.9491166145474628,6.091922,results/grg_normalized_wrap_python_comparison.csv,
0.34,0.34,euclidean,47,374,wrap_python,1.7575,,,,,0.0447,0.1668300548006451,0.2327327190971501,0.1469479171770068,0.9254556174715904,0.9692851590853409,6.076831,results/grg_normalized_wrap_python_comparison.csv,
0.34,0.34,toroidal,48,294,wrap_python,1.1854,,,,,0.0307,0.1908419387113061,0.2396982248499208,0.1643844967229062,0.8397453812019774,0.9969405805902488,4.112222,results/grg_normalized_wrap_python_comparison.csv,
0.16,0.16,euclidean,49,242,wrap_python,0.3243,,,,,0.0075,0.1675765958105377,0.1590031678914413,0.1138475667346017,0.9338748449178914,0.9446750521014438,12.585816,results/grg_normalized_wrap_python_comparison.csv,
0.22,0.22,toroidal,50,597,wrap_python,4.362,,,,,0.1013,0.1413904104024274,0.1878279426606018,0.1233419446514613,0.913732354501631,0.9138532464450664,5.903767,results/grg_normalized_wrap_python_comparison.csv,
0.4,0.4,euclidean,51,109,wrap_python,0.078,,,,,0.0031,0.201125685491236,0.2462451674300075,0.1752529725618775,0.8589837114553226,0.8157626103984883,5.370555,results/grg_normalized_wrap_python_comparison.csv,
0.16,0.176,toroidal,52,142,wrap_python,0.1073,,,,,0.0029,0.4261278619765708,0.3688008777284255,0.3174682281355466,0.1348950554507845,0.3410869127647671,7.235697,results/grg_normalized_wrap_python_comparison.csv,
0.1,0.1,euclidean,53,544,wrap_python,1.6973,,,,,0.0345,0.2451075983635164,0.1837949461160541,0.1547612811338604,0.8476314976714167,0.9789146880055972,19.780777,results/grg_normalized_wrap_python_comparison.csv,
0.22,0.22,toroidal,54,664,wrap_python,5.7859,,,,,0.2141,0.1442705100325736,0.1921528373159196,0.1255075298420704,0.9110357176484404,0.9215974896600372,5.883666,results/grg_normalized_wrap_python_comparison.csv,
0.22,0.22,euclidean,55,169,wrap_python,0.1653,,,,,0.0044,0.1917986867045372,0.195277306818351,0.1395826112496716,0.9066204961541874,0.9247227595796929,8.568182,results/grg_normalized_wrap_python_comparison.csv,
0.22,0.22,euclidean,56,993,wrap_python,16.9413,,,,,0.4569,0.1734040015780424,0.1921690681424962,0.131088087597776,0.9095834661142218,0.955225250758478,8.322354,results/grg_normalized_wrap_python_comparison.csv,
0.1,0.16,euclidean,57,147,wrap_python,0.1119,,,,,0.0028,0.2432999961639901,0.2130643122196195,0.1730289928636128,0.8392273554398952,0.9233902105479908,13.433701,results/grg_normalized_wrap_python_comparison.csv,
0.34,0.34,euclidean,58,430,wrap_python,2.5329,,,,,0.0632,0.1662904451251686,0.23062037657139,0.1436693321983448,0.9232080003984922,0.953112169515313,6.068384,results/grg_normalized_wrap_python_comparison.csv,
0.1,0.1,toroidal,59,208,wrap_python,0.205,,,,,0.0042,0.2149276288666192,0.193426365228106,0.1486834933247145,0.8097754848130376,0.9101068404098704,16.589851,results/grg_normalized_wrap_python_comparison.csv,
0.16,0.16,toroidal,60,477,wrap_python,1.7468,,,,,0.0388,0.4265615508251386,0.3599435396695215,0.3159380953785784,0.1051770431585367,0.3361216714334943,7.275749,results/grg_normalized_wrap_python_comparison.csv,
0.28,0.28,euclidean,61,803,wrap_python,12.4844,,,,,0.37,0.1591685885388093,0.2076453178271352,0.1379131050348779,0.9302162495851132,0.9520862086579932,7.028787,results/grg_normalized_wrap_python_comparison.csv,
0.4,0.4,euclidean,62,188,wrap_python,0.3538,,,,,0.0101,0.2323114640216524,0.2674056731020987,0.1926281828116282,0.8268389918611058,0.8156267929850471,5.345551,results/grg_normalized_wrap_python_comparison.csv,
0.34,0.34,euclidean,63,850,wrap_python,23.0134,,,,,0.5403,0.1621073695892971,0.2279376848157683,0.1397201826243691,0.9265961133503924,0.9408086556671148,6.099533,results/grg_normalized_wrap_python_comparison.csv,
0.1,0.1,toroidal,64,238,wrap_python,0.273,,,,,0.0056,0.1780703521272202,0.1671922166993126,0.1255597171563451,0.8538730753194925,0.8703445165945166,15.870349,results/grg_normalized_wrap_python_comparison.csv,
0.4,0.4,euclidean,65,119,wrap_python,0.1038,,,,,0.0038,0.2004412551245569,0.2515885307194704,0.1773802069574571,0.8793153167882982,0.8817564945608737,5.198263,results/grg_normalized_wrap_python_comparison.csv,
0.4,0.4,euclidean,66,907,wrap_python,38.4712,,,,,0.8243,0.2980826266759018,0.3835862677083172,0.2562187726249441,0.7196484398606378,0.8763887587769937,5.172787,results/grg_normalized_wrap_python_comparison.csv,
0.28,0.28,toroidal,67,468,wrap_python,2.9689,,,,,0.0774,0.1715148430393253,0.2212413418758835,0.1493854897543863,0.8480498660237409,0.9608015577468612,4.776007,results/grg_normalized_wrap_python_comparison.csv,
0.4,0.4,euclidean,68,239,wrap_python,0.6829,,,,,0.0174,0.2075572725182914,0.2576107512077779,0.1809216502157963,0.8507297646768581,0.8229639090529686,5.248255,results/grg_normalized_wrap_python_comparison.csv,
0.28,0.28,euclidean,69,110,wrap_python,0.0701,,,,,0.0023,0.162390413321069,0.196306746627046,0.1340356822415457,0.9308486844626712,0.9454552175739936,7.270612,results/grg_normalized_wrap_python_comparison.csv,
0.28,0.28,toroidal,70,516,wrap_python,3.8521,,,,,0.1013,0.1799297319788967,0.2335115850952283,0.1563420776064672,0.8380780414852536,0.9521100706262716,4.766122,results/grg_normalized_wrap_python_comparison.csv,
0.22,0.22,euclidean,71,817,wrap_python,9.3875,,,,,0.3205,0.155818929396366,0.1870186311451055,0.1199604489502798,0.934051864157722,0.9633677010337036,8.28726,results/grg_normalized_wrap_python_comparison.csv,
0.1,0.11,toroidal,72,182,wrap_python,0.1609,,,,,0.0035,0.2205965599647988,0.2146245687024915,0.1639287767937113,0.8301141167055623,0.8617362328074399,16.453306,results/grg_normalized_wrap_python_comparison.csv,
0.1,0.1,toroidal,73,523,wrap_python,1.5756,,,,,0.0331,0.43062910903921,0.3507615172517849,0.3158235852462683,0.1040007103022315,0.3590812106709941,11.907569,results/grg_normalized_wrap_python_comparison.csv,
0.34,0.34,euclidean,74,545,wrap_python,4.932,,,,,0.1291,0.1693675568586815,0.2347430676465797,0.1466107922372853,0.9233786175585256,0.9503298860264182,6.064553,results/grg_normalized_wrap_python_comparison.csv,
0.34,0.34,toroidal,75,389,wrap_python,2.3859,,,,,0.1384,0.1897673860940932,0.2412899058746491,0.162611733055158,0.8322009825624008,0.9979542669951657,4.134314,results/grg_normalized_wrap_python_comparison.csv,
0.22,0.22,toroidal,76,226,wrap_python,0.3417,,,,,0.0094,0.137694443426512,0.1816916165436336,0.1192539176651449,0.9134249697269012,0.8928368400607745,6.098839,results/grg_normalized_wrap_python_comparison.csv,
0.22,0.22,toroidal,77,181,wrap_python,0.2049,,,,,0.0058,0.135320187364301,0.1808991255604638,0.1175033584552239,0.9162011211369446,0.8955485674404904,6.122783,results/grg_normalized_wrap_python_comparison.csv,
0.22,0.22,euclidean,78,116,wrap_python,0.0725,,,,,0.0021,0.1488134407527684,0.1705678713682005,0.1158711177229808,0.9521911528556156,0.9371000312487596,9.272752,results/grg_normalized_wrap_python_comparison.csv,
0.22,0.22,euclidean,79,327,wrap_python,0.8853,,,,,0.02,0.1341370322820977,0.1732923059490497,0.1122929460442951,0.9566572150215112,0.96568692171639,9.114914,results/grg_normalized_wrap_python_comparison.csv,
0.34,0.34,euclidean,80,641,wrap_python,8.924,,,,,0.279,0.1678155256396644,0.2379175553062731,0.1460914520033924,0.9236930580156004,0.9539723728981512,6.118197,results/grg_normalized_wrap_python_comparison.csv,
0.1,0.1,euclidean,81,304,wrap_python,0.4537,,,,,0.0088,0.179052721151553,0.1506962588836105,0.114676424646867,0.9354304174228716,0.9624183336304546,22.457398,results/grg_normalized_wrap_python_comparison.csv,
0.22,0.22,toroidal,82,503,wrap_python,2.8888,,,,,0.0648,0.1402098970741461,0.1847638353154014,0.1219400963521614,0.9160482094431248,0.9216052549702382,5.908038,results/grg_normalized_wrap_python_comparison.csv,
0.34,0.34,toroidal,83,191,wrap_python,0.3761,,,,,0.0107,0.1886846123357928,0.239255159468941,0.1630971909334977,0.8413375151432457,0.9944695390417528,4.155784,results/grg_normalized_wrap_python_comparison.csv,
0.4,0.4,euclidean,84,210,wrap_python,0.4706,,,,,0.0134,0.2100774808602806,0.2601064707751663,0.1836956054625787,0.87037345319265,0.8824338485436563,5.190636,results/grg_normalized_wrap_python_comparison.csv,
0.28,0.28,euclidean,85,217,wrap_python,0.3334,,,,,0.0092,0.162556464560518,0.201110915136875,0.1365893877886643,0.923283805002238,0.947616037338426,7.338152,results/grg_normalized_wrap_python_comparison.csv,
0.22,0.22,euclidean,86,110,wrap_python,0.0643,,,,,0.0018,0.3047048481411985,0.2617206507390145,0.2131357242325655,0.7191743618554087,0.8101320943035291,9.28676,results/grg_normalized_wrap_python_comparison.csv,
0.4,0.4,toroidal,87,719,wrap_python,23.1217,,,,,0.5628,0.3803573689226489,0.4652408854918659,0.3123036037921491,0.5566848956862792,1.0,3.862952,results/grg_normalized_wrap_python_comparison.csv,
0.4,0.4,toroidal,88,106,wrap_python,0.0838,,,,,0.0038,0.3127978274589729,0.37208230111004,0.2582229541630657,0.6120741264913254,1.0,4.129869,results/grg_normalized_wrap_python_comparison.csv,
0.1,0.12,euclidean,89,266,wrap_python,0.3601,,,,,0.0075,0.1091518382104972,0.1205296284355309,0.0786675901307411,0.9803477585047184,0.9115527981904272,17.464762,results/grg_normalized_wrap_python_comparison.csv,
0.22,0.22,euclidean,90,408,wrap_python,1.4089,,,,,0.0327,0.1782754150793042,0.1874641119349027,0.1350459021636154,0.9002223452234747,0.9512327748959132,8.544134,results/grg_normalized_wrap_python_comparison.csv,
0.28,0.28,euclidean,91,592,wrap_python,5.1377,,,,,0.1196,0.2334308195025308,0.2467396091238977,0.1773122242974812,0.7989793860485302,0.8098849756077974,6.536181,results/grg_normalized_wrap_python_comparison.csv,
0.4,0.4,euclidean,92,359,wrap_python,1.809,,,,,0.1162,0.2139561099417275,0.2621102124886895,0.1864064936919805,0.8491448273293744,0.8494824726377422,5.19184,results/grg_normalized_wrap_python_comparison.csv,
0.22,0.22,toroidal,93,100,wrap_python,0.0544,,,,,0.0017,0.1341116348533468,0.1775410722135004,0.114672461517184,0.9225436944492584,0.8899832117434022,6.492801,results/grg_normalized_wrap_python_comparison.csv,
0.34,0.34,euclidean,94,466,wrap_python,3.299,,,,,0.0836,0.1602363992140661,0.2283960192591514,0.1397531642376046,0.9311479374208592,0.952530713345218,6.056437,results/grg_normalized_wrap_python_comparison.csv,
0.34,0.34,euclidean,95,754,wrap_python,14.4403,,,,,0.4066,0.1678246700514629,0.2319387690941673,0.1451073412873544,0.9192792307096844,0.9319525116115218,6.034938,results/grg_normalized_wrap_python_comparison.csv,
0.28,0.28,euclidean,96,310,wrap_python,0.8984,,,,,0.0227,0.1522113535651817,0.2022565897304549,0.1338032415619509,0.9375099574214456,0.9658844305876108,7.081497,results/grg_normalized_wrap_python_comparison.csv,
0.22,0.22,euclidean,97,392,wrap_python,1.3179,,,,,0.0308,0.166932949609611,0.1868552561854333,0.1279164755636772,0.9255721008903672,0.9478608783423772,8.362863,results/grg_normalized_wrap_python_comparison.csv,
0.4,0.4,toroidal,98,472,wrap_python,5.5157,,,,,0.2232,0.3778638511685878,0.4472330175436099,0.3038780126312085,0.5221318883941173,1.0,3.989613,results/grg_normalized_wrap_python_comparison.csv,
0.1,0.1,toroidal,99,734,wrap_python,3.7718,,,,,0.0736,0.4286523927765173,0.3508687174237147,0.3163515163552785,0.1119250094605557,0.370867341497736,11.547089,results/grg_normalized_wrap_python_comparison.csv,
0.16,0.16,euclidean,100,431,wrap_python,1.2904,,,,,0.029,0.150530424591883,0.1575730307692507,0.108798819853889,0.9517755527075796,0.9556565496887716,11.390596,results/grg_normalized_wrap_python_comparison.csv,
0.28,0.28,euclidean,101,196,wrap_python,0.2744,,,,,0.008,0.158226472801414,0.2008313188154216,0.1350330289411283,0.933038788082624,0.9640512570431362,7.198896,results/grg_normalized_wrap_python_comparison.csv,
0.4,0.4,toroidal,102,194,wrap_python,0.4677,,,,,0.0141,0.2834458448207117,0.3368597621249979,0.2326707857743627,0.7094429331689236,1.0,4.182101,results/grg_normalized_wrap_python_comparison.csv,
0.28,0.28,euclidean,103,229,wrap_python,0.4001,,,,,0.0108,0.159556007615977,0.1994575100947533,0.1349898706809134,0.9285245609769032,0.958520073695272,7.197824,results/grg_normalized_wrap_python_comparison.csv,
0.28,0.28,toroidal,104,111,wrap_python,0.076,,,,,0.0027,0.178143730200216,0.2182162693084786,0.1530346476418891,0.8450011080161222,0.9092557577792272,4.928459,results/grg_normalized_wrap_python_comparison.csv,
0.16,0.16,euclidean,105,791,wrap_python,6.1739,,,,,0.1221,0.1572711111648011,0.166309135965028,0.1181994890116036,0.9210103683332468,0.9699432068537024,11.667624,results/grg_normalized_wrap_python_comparison.csv,
0.28,0.28,euclidean,106,807,wrap_python,13.9095,,,,,0.3878,0.209734725355866,0.2327111038817368,0.1611065609098446,0.8682149294519813,0.8561953557115975,6.446065,results/grg_normalized_wrap_python_comparison.csv,
0.1,0.1,euclidean,107,578,wrap_python,2.013,,,,,0.0396,0.1480481316565238,0.1331492530840134,0.0982609573381262,0.9356007019158268,0.9354606525225716,18.98125,results/grg_normalized_wrap_python_comparison.csv,
0.22,0.22,toroidal,108,251,wrap_python,0.4442,,,,,0.012,0.1366404501100711,0.1816952562785795,0.1184722810245689,0.9118680911687694,0.8999163896192789,6.054883,results/grg_normalized_wrap_python_comparison.csv,
0.4,0.4,euclidean,109,657,wrap_python,11.2188,,,,,0.3561,0.2508096648311531,0.3531526481656347,0.2237706896571409,0.8220938568666001,0.8997577370511507,4.954415,results/grg_normalized_wrap_python_comparison.csv,
0.22,0.22,toroidal,110,166,wrap_python,0.165,,,,,0.0047,0.1414630975251816,0.1818777267048419,0.1212822387840695,0.9030339197544198,0.8621877691630228,6.176904,results/grg_normalized_wrap_python_comparison.csv,
0.28,0.28,euclidean,111,454,wrap_python,2.5329,,,,,0.0578,0.1516461050658661,0.2038788100040794,0.1322758117883154,0.930770290917595,0.962234889695996,7.124501,results/grg_normalized_wrap_python_comparison.csv,
0.28,0.28,euclidean,112,754,wrap_python,10.3078,,,,,0.321,0.1606828365799903,0.2072371842799449,0.1385372137310475,0.923916568810454,0.9584458435895868,7.083345,results/grg_normalized_wrap_python_comparison.csv,
0.16,0.16,toroidal,113,143,wrap_python,0.1041,,,,,0.0027,0.1641076453299546,0.1715774288435372,0.120437976992247,0.8725938482525986,0.8409912851070277,9.150568,results/grg_normalized_wrap_python_comparison.csv,
0.4,0.4,euclidean,114,858,wrap_python,29.6621,,,,,0.711,0.2508097617150729,0.3431244761388748,0.2245560450631822,0.8399931839507729,0.8569372408791308,5.14419,results/grg_normalized_wrap_python_comparison.csv,
0.1,0.1,euclidean,115,730,wrap_python,3.5403,,,,,0.0686,0.1353754733551831,0.1255931735958585,0.0913082241739881,0.9548621934835732,0.9574320124320124,18.766667,results/grg_normalized_wrap_python_comparison.csv,
0.16,0.16,toroidal,116,899,wrap_python,9.4167,,,,,0.1907,0.4329652905926275,0.3636836078645974,0.31804561864928,0.0982303132629961,0.3226699751159995,7.07629,results/grg_normalized_wrap_python_comparison.csv,
0.16,0.176,euclidean,117,104,wrap_python,0.0539,,,,,0.0024,0.2296305792529815,0.2018221329009907,0.164216562612207,0.8684258467153135,0.9264915613537592,13.35522,results/grg_normalized_wrap_python_comparison.csv,
0.28,0.28,euclidean,118,602,wrap_python,5.2995,,,,,0.1268,0.2182421895001293,0.2344086241998482,0.1667828737035547,0.8441562497608136,0.8440976536157554,6.569107,results/grg_normalized_wrap_python_comparison.csv,
0.1,0.12,euclidean,119,155,wrap_python,0.1138,,,,,0.0024,0.3182330857993278,0.2567024131097986,0.2200923143074146,0.7021877637466061,0.9266129703629704,19.958814,results/grg_normalized_wrap_python_comparison.csv,
0.28,0.28,toroidal,120,320,wrap_python,1.1049,,,,,0.0291,0.1704797066962314,0.2174413186830852,0.1485879142139923,0.8471330422758075,0.9673910995344418,4.782739,results/grg_normalized_wrap_python_comparison.csv,
0.4,0.4,euclidean,121,911,wrap_python,35.2788,,,,,0.86,0.2832314872998229,0.3725877197547654,0.2510875079453252,0.763728591915401,0.8971466790951362,5.064832,results/grg_normalized_wrap_python_comparison.csv,
0.16,0.16,euclidean,122,535,wrap_python,2.196,,,,,0.047,0.2101620105679326,0.1892020647198779,0.1479289465232379,0.8756224960901537,0.960498061653822,10.917164,results/grg_normalized_wrap_python_comparison.csv,
0.28,0.28,toroidal,123,395,wrap_python,2.0007,,,,,0.0494,0.1774661286378605,0.2256422247058456,0.1543434816331094,0.8381438001052713,0.9576291897463232,4.734755,results/grg_normalized_wrap_python_comparison.csv,
0.34,0.34,toroidal,124,101,wrap_python,0.0713,,,,,0.0028,0.1794130650801801,0.2295452792240494,0.1552453996714365,0.8495386551495069,0.9858206841500764,4.221472,results/grg_normalized_wrap_python_comparison.csv,
0.34,0.34,euclidean,125,841,wrap_python,20.4654,,,,,0.541,0.1697243343687375,0.2416607957892656,0.1478888403620768,0.9234349104416104,0.9416334390892024,6.04084,results/grg_normalized_wrap_python_comparison.csv,
0.4,0.4,toroidal,126,858,wrap_python,40.0241,,,,,0.9506,0.3789054147923704,0.465197086579738,0.3160899386116211,0.534471389864998,1.0,3.918197,results/grg_normalized_wrap_python_comparison.csv,
0.16,0.16,euclidean,127,148,wrap_python,0.1111,,,,,0.0029,0.1663993575064042,0.1611293968406456,0.1156181744848642,0.9324863000709402,0.9356951651321472,12.755982,results/grg_normalized_wrap_python_comparison.csv,
0.22,0.22,toroidal,128,518,wrap_python,2.9579,,,,,0.0714,0.1429641574556067,0.1892729084842303,0.1236211170187902,0.9098064406371617,0.9001670778274797,5.933451,results/grg_normalized_wrap_python_comparison.csv,
0.22,0.22,euclidean,129,696,wrap_python,5.9453,,,,,0.1377,0.1771250690840659,0.1918302191855982,0.134233080379921,0.9087564459958792,0.9600007426746348,8.44829,results/grg_normalized_wrap_python_comparison.csv,
0.1,0.11,toroidal,130,175,wrap_python,0.1478,,,,,0.0033,0.2107300703619505,0.1900619612660183,0.1497265155482036,0.8254297761383109,0.8978484570984571,15.20927,results/grg_normalized_wrap_python_comparison.csv,
0.1,0.13,toroidal,131,127,wrap_python,0.0768,,,,,0.0018,0.2158939400943038,0.2029544349301863,0.1518051783591577,0.8502511219278227,0.8304494984351568,14.037884,results/grg_normalized_wrap_python_comparison.csv,
0.4,0.4,euclidean,132,325,wrap_python,1.4556,,,,,0.0408,0.2125224942330869,0.2605622594105256,0.1848352491365389,0.856245057088469,0.8588441672646835,5.166566,results/grg_normalized_wrap_python_comparison.csv,
0.22,0.22,toroidal,133,612,wrap_python,4.7759,,,,,0.228,0.1391731189872556,0.1871244648946557,0.120928464710354,0.9158301296765984,0.92957184821655,5.901929,results/grg_normalized_wrap_python_comparison.csv,
0.22,0.22,toroidal,134,100,wrap_python,0.0539,,,,,0.0018,0.1385595455263552,0.1763244921357173,0.1163666387507734,0.9089467272686598,0.8790530727075238,6.421128,results/grg_normalized_wrap_python_comparison.csv,
0.28,0.28,euclidean,135,884,wrap_python,15.854,,,,,0.4446,0.161514798058174,0.2082036557891698,0.1383380541489291,0.925001626618198,0.9551486822904388,7.105768,results/grg_normalized_wrap_python_comparison.csv,
0.4,0.4,euclidean,136,110,wrap_python,0.0837,,,,,0.0032,0.2064490305760422,0.2515260949129668,0.1781242740756244,0.8605161978305925,0.8321413287003881,5.324043,results/grg_normalized_wrap_python_comparison.csv,
0.34,0.34,euclidean,137,829,wrap_python,18.5975,,,,,0.5164,0.1666085815730072,0.2279260708449465,0.1438259819959337,0.9201214051045814,0.9328973169040088,6.086896,results/grg_normalized_wrap_python_comparison.csv,
0.22,0.22,toroidal,138,237,wrap_python,0.3891,,,,,0.0108,0.138765618991512,0.1827815267365812,0.1198463420179599,0.9114290803235552,0.8841043035140415,6.112971,results/grg_normalized_wrap_python_comparison.csv,
0.16,0.16,toroidal,139,283,wrap_python,0.479,,,,,0.0118,0.1159412181540258,0.1503309449612735,0.0984282903369788,0.9368968142486443,0.8782958252505805,8.239916,results/grg_normalized_wrap_python_comparison.csv,
0.34,0.34,euclidean,140,864,wrap_python,22.0473,,,,,0.5475,0.1726697040640065,0.2337103453737493,0.1490961116769555,0.9178010859110324,0.9413393216156716,6.037334,results/grg_normalized_wrap_python_comparison.csv,
0.34,0.34,euclidean,141,272,wrap_python,0.7856,,,,,0.0209,0.2186133790829085,0.2525325092134676,0.1835464211650186,0.8278672093298054,0.7693425800454307,5.511166,results/grg_normalized_wrap_python_comparison.csv,
0.34,0.34,toroidal,142,143,wrap_python,0.1576,,,,,0.0058,0.1856798483846196,0.2360628823748933,0.1603612070961432,0.8418913316424357,0.9944656821113692,4.160039,results/grg_normalized_wrap_python_comparison.csv,
0.16,0.16,euclidean,143,331,wrap_python,0.6708,,,,,0.0152,0.1851411151174331,0.1762110790328204,0.1315830598864764,0.9097678645224432,0.9498411627516598,11.725676,results/grg_normalized_wrap_python_comparison.csv,
0.34,0.34,toroidal,144,216,wrap_python,0.5095,,,,,0.0143,0.1912180913525838,0.2411429649716629,0.1651119066239589,0.838167404479348,0.9959285894926544,4.15234,results/grg_normalized_wrap_python_comparison.csv,
0.22,0.22,toroidal,145,282,wrap_python,0.6493,,,,,0.0155,0.1380160987135164,0.1825785253487616,0.1192619091969646,0.9136866714248882,0.9079018788068284,6.033786,results/grg_normalized_wrap_python_comparison.csv,
0.1,0.14,toroidal,146,111,wrap_python,0.0588,,,,,0.0017,0.152203450974035,0.1746965120496051,0.1216486430475007,0.9130557965301394,0.8380931786437441,11.774653,results/grg_normalized_wrap_python_comparison.csv,
0.16,0.16,euclidean,147,512,wrap_python,2.0754,,,,,0.043,0.1616524462108652,0.1633273903728704,0.1142455341604369,0.9395633504260286,0.9602772427280714,11.554114,results/grg_normalized_wrap_python_comparison.csv,
0.34,0.34,euclidean,148,264,wrap_python,0.7004,,,,,0.0931,0.16470813341242,0.2238392748014955,0.1405538906336589,0.925404561161458,0.9512438980945568,6.133034,results/grg_normalized_wrap_python_comparison.csv,
0.34,0.34,euclidean,149,219,wrap_python,0.4146,,,,,0.0124,0.1647485299114633,0.2195567924842401,0.1409185987791954,0.926468305082986,0.948668226645678,6.099114,results/grg_normalized_wrap_python_comparison.csv,
0.4,0.4,toroidal,150,364,wrap_python,2.4144,,,,,0.073,0.3424852704140343,0.4015988663874542,0.2762114440899932,0.6029306958809528,1.0,4.230868,results/grg_normalized_wrap_python_comparison.csv,
0.1,0.11,toroidal,151,200,wrap_python,0.1924,,,,,0.0041,0.1495439828233763,0.1496328562221237,0.1077737994783129,0.9002675785767958,0.8970894763131599,14.270509,results/grg_normalized_wrap_python_comparison.csv,
0.16,0.192,euclidean,152,109,wrap_python,0.0601,,,,,0.0018,0.1691004531796349,0.1689421563163312,0.1208757440489134,0.93141665654788,0.9481151128907108,10.674323,results/grg_normalized_wrap_python_comparison.csv,
0.16,0.16,euclidean,153,597,wrap_python,3.0565,,,,,0.0623,0.1539529914231684,0.1604563746355538,0.1135657659028673,0.9313076298631104,0.9671686942355568,11.470484,results/grg_normalized_wrap_python_comparison.csv,
0.22,0.22,euclidean,154,106,wrap_python,0.0589,,,,,0.0018,0.2145597708957541,0.2130423603711519,0.1591967697293343,0.8504196649913037,0.9063243273686626,8.896834,results/grg_normalized_wrap_python_comparison.csv,
0.1,0.1,toroidal,155,822,wrap_python,5.0166,,,,,0.0953,0.4297419448701544,0.3477149146011961,0.3096034468114344,0.1082920508730603,0.3404948062257657,11.380808,results/grg_normalized_wrap_python_comparison.csv,
0.28,0.28,toroidal,156,126,wrap_python,0.1014,,,,,0.0035,0.1779808423811347,0.2212610336367323,0.1542390064022231,0.8486653825314089,0.9057124202694838,4.923481,results/grg_normalized_wrap_python_comparison.csv,
0.16,0.16,euclidean,157,551,wrap_python,2.3686,,,,,0.0504,0.1415164696219929,0.1520360900833294,0.1045377888935092,0.953143428514484,0.9677456536485172,11.357445,results/grg_normalized_wrap_python_comparison.csv,
0.28,0.28,euclidean,158,902,wrap_python,17.683,,,,,0.4801,0.1596287929547208,0.2113927006570988,0.1379913588130783,0.9314770747681016,0.9576545469701312,7.02258,results/grg_normalized_wrap_python_comparison.csv,
0.28,0.28,euclidean,159,110,wrap_python,0.0683,,,,,0.0022,0.1722774583211538,0.197326575462295,0.1381304499277983,0.9080791428564576,0.9333025411637188,7.464775,results/grg_normalized_wrap_python_comparison.csv,
0.34,0.34,euclidean,160,169,wrap_python,0.2029,,,,,0.0064,0.1671384598699665,0.2153808537473261,0.1389320908842355,0.917372218700036,0.9116632981002388,6.230712,results/grg_normalized_wrap_python_comparison.csv,
0.22,0.22,euclidean,161,126,wrap_python,0.0861,,,,,0.0024,0.2170523944460868,0.2082057573772882,0.1607378445642371,0.8577627500714285,0.9255896967231658,8.868864,results/grg_normalized_wrap_python_comparison.csv,
0.16,0.16,euclidean,162,604,wrap_python,3.0755,,,,,0.0623,0.1551304263439149,0.1620304191559573,0.1128968090844155,0.9347368483638488,0.9586708423684096,11.572312,results/grg_normalized_wrap_python_comparison.csv,
0.1,0.13,euclidean,163,218,wrap_python,0.2388,,,,,0.0052,0.1770283044797072,0.163247628696153,0.1260101666022708,0.9105108312533854,0.940641108891109,16.297903,results/grg_normalized_wrap_python_comparison.csv,
0.22,0.22,euclidean,164,731,wrap_python,6.8592,,,,,0.1593,0.1648421299028385,0.1882169420107768,0.126146817661535,0.9261315078443644,0.9582870441602308,8.298468,results/grg_normalized_wrap_python_comparison.csv,
0.16,0.16,euclidean,165,100,wrap_python,0.0483,,,,,0.0013,0.1839833023913258,0.1707828616716704,0.1273017399877477,0.9356612995156214,0.9258333630843892,14.014465,results/grg_normalized_wrap_python_comparison.csv,
0.34,0.34,euclidean,166,910,wrap_python,25.6654,,,,,0.6383,0.1755676966681458,0.2407598228308308,0.1518573087026345,0.9141650524045132,0.9249201747327298,6.106998,results/grg_normalized_wrap_python_comparison.csv,
0.4,0.4,euclidean,167,390,wrap_python,2.5098,,,,,0.0679,0.2328775331287161,0.2676675009636682,0.1943028826640062,0.8341976570721285,0.8485587756998498,5.23459,results/grg_normalized_wrap_python_comparison.csv,
0.22,0.22,euclidean,168,951,wrap_python,14.5128,,,,,0.4398,0.1743374908470454,0.2004952131672118,0.1338664134756939,0.900998384073042,0.972166547391848,8.427293,results/grg_normalized_wrap_python_comparison.csv,
0.22,0.22,toroidal,169,136,wrap_python,0.1048,,,,,0.0032,0.1427758161265286,0.1835118448744971,0.1204606587551681,0.9022757415199,0.851722098994219,6.298335,results/grg_normalized_wrap_python_comparison.csv,
0.22,0.22,toroidal,170,441,wrap_python,1.9605,,,,,0.0485,0.1411136257893286,0.1889193937381945,0.1233490113783959,0.9172648444590408,0.9269989840153252,5.928707,results/grg_normalized_wrap_python_comparison.csv,
0.22,0.22,euclidean,171,159,wrap_python,0.1427,,,,,0.0041,0.1910486577518624,0.1926472567155589,0.1402296182943877,0.9022032499489452,0.940872200008682,8.570996,results/grg_normalized_wrap_python_comparison.csv,
0.34,0.34,euclidean,172,327,wrap_python,1.2962,,,,,0.0327,0.162742952475408,0.2257010372774692,0.1402254965060586,0.9275213197054823,0.9589318998093108,6.105991,results/grg_normalized_wrap_python_comparison.csv,
0.1,0.1,euclidean,173,404,wrap_python,0.853,,,,,0.0171,0.1600474528109501,0.1421778203410332,0.1113899822786089,0.9166093795028318,0.9202138417138416,20.323084,results/grg_normalized_wrap_python_comparison.csv,
0.28,0.28,euclidean,174,114,wrap_python,0.0771,,,,,0.0026,0.1489859058182043,0.1960230723932742,0.1289310647489706,0.9393548840392902,0.9575137797865074,7.198658,results/grg_normalized_wrap_python_comparison.csv,
0.1,0.1,toroidal,175,426,wrap_python,0.9797,,,,,0.0203,0.2772893147938947,0.276737836020316,0.2125057014655771,0.6160522693127047,0.5438156679921389,13.201979,results/grg_normalized_wrap_python_comparison.csv,
0.22,0.22,euclidean,176,884,wrap_python,12.113,,,,,0.3624,0.1553464564211716,0.1900241149200968,0.1233183777691093,0.9458102836147289,0.9738056996473604,8.22284,results/grg_normalized_wrap_python_comparison.csv,
0.4,0.4,euclidean,177,146,wrap_python,0.1721,,,,,0.0062,0.2040311957188177,0.2539876234771737,0.1787214401471546,0.8739724709271608,0.879063223604517,5.216457,results/grg_normalized_wrap_python_comparison.csv,
0.22,0.22,euclidean,178,977,wrap_python,15.6803,,,,,0.4401,0.1662775241980162,0.1927299649525221,0.1281677908341691,0.9277471823305168,0.9636948308754708,8.314932,results/grg_normalized_wrap_python_comparison.csv,
0.1,0.12,toroidal,179,117,wrap_python,0.0645,,,,,0.0015,0.3064454973877156,0.2652539461977731,0.2173282154684353,0.6488190790837651,0.8333736933001638,16.28951,results/grg_normalized_wrap_python_comparison.csv,
0.34,0.34,euclidean,180,137,wrap_python,0.1254,,,,,0.004,0.2506092177307444,0.268783617421159,0.1983481870652301,0.7736240653852119,0.6996771408129971,5.748096,results/grg_normalized_wrap_python_comparison.csv,
0.22,0.22,euclidean,181,143,wrap_python,0.1213,,,,,0.0036,0.1903965778018737,0.19372966688238,0.1391012491519737,0.8954505873181341,0.9336442852955426,8.609098,results/grg_normalized_wrap_python_comparison.csv,
0.16,0.16,toroidal,182,196,wrap_python,0.2107,,,,,0.0052,0.3409552041579524,0.339368540180553,0.2605718474494287,0.4581496638811722,0.5318326189494489,8.257862,results/grg_normalized_wrap_python_comparison.csv,
0.1,0.1,toroidal,183,355,wrap_python,0.6574,,,,,0.0137,0.446180930880526,0.3679181053803375,0.330561374241728,0.087315680041165,0.3351356807794887,12.980646,results/grg_normalized_wrap_python_comparison.csv,
0.22,0.22,euclidean,184,106,wrap_python,0.0586,,,,,0.0017,0.2181478204862494,0.1988441610552285,0.1454436388312804,0.8727453585518288,0.8997654076487899,9.703913,results/grg_normalized_wrap_python_comparison.csv,
0.34,0.34,euclidean,185,690,wrap_python,10.1193,,,,,0.2626,0.1619417365571196,0.2215825349750771,0.1394780592052374,0.9244984155128672,0.937596077297604,6.082188,results/grg_normalized_wrap_python_comparison.csv,
0.1,0.1,toroidal,186,300,wrap_python,0.447,,,,,0.009,0.1705046847738516,0.1492199713341953,0.104300538727566,0.8856829687391083,0.8900429932515495,15.06906,results/grg_normalized_wrap_python_comparison.csv,
0.34,0.34,euclidean,187,843,wrap_python,19.5369,,,,,0.5227,0.1635758074141806,0.2341406523806677,0.1413862641326012,0.9247048938081828,0.9546522278351488,6.039817,results/grg_normalized_wrap_python_comparison.csv,
0.1,0.1,toroidal,188,550,wrap_python,1.8262,,,,,0.1147,0.0855050588334875,0.1144216846424336,0.0727560942237999,0.9651143597379968,0.8955617160617159,13.192507,results/grg_normalized_wrap_python_comparison.csv,
0.28,0.28,toroidal,189,178,wrap_python,0.2336,,,,,0.0073,0.1686967656030562,0.2137630980218278,0.1480776709052278,0.8590881651389107,0.942990868861932,4.83946,results/grg_normalized_wrap_python_comparison.csv,
0.34,0.34,toroidal,190,525,wrap_python,5.3427,,,,,0.154,0.1953263248978138,0.2429279860663404,0.1672961357549188,0.8227492880262759,0.9977653666902564,4.113377,results/grg_normalized_wrap_python_comparison.csv,
0.34,0.34,toroidal,191,256,wrap_python,0.7677,,,,,0.087,0.1919133585567627,0.2451491377544107,0.165519167774505,0.8396520472373732,0.99590110419363,4.12547,results/grg_normalized_wrap_python_comparison.csv,
0.1,0.1,toroidal,192,563,wrap_python,1.8886,,,,,0.0391,0.4162895296040332,0.3347564452395442,0.2986307564330204,0.196579772255968,0.4150297700915619,11.693282,results/grg_normalized_wrap_python_comparison.csv,
0.34,0.34,euclidean,193,271,wrap_python,0.7553,,,,,0.0199,0.1670005077821831,0.2181676999811063,0.1411127698555343,0.9230031194983394,0.939201910260792,6.202273,results/grg_normalized_wrap_python_comparison.csv,
0.4,0.4,euclidean,194,215,wrap_python,0.5686,,,,,0.0145,0.2051800337387499,0.2589298678643764,0.1801302717731041,0.8715543594900848,0.9004318897588313,5.170975,results/grg_normalized_wrap_python_comparison.csv,
0.16,0.16,toroidal,195,638,wrap_python,3.9007,,,,,0.0806,0.4252961727225306,0.3578140187978688,0.3120244088446876,0.1168113260390822,0.3288098431161729,7.132904,results/grg_normalized_wrap_python_comparison.csv,
0.22,0.22,toroidal,196,186,wrap_python,0.2232,,,,,0.0063,0.1526454884808813,0.1947471296144526,0.1285299562616147,0.8954000556505282,0.844790927255643,6.077584,results/grg_normalized_wrap_python_comparison.csv,
0.1,0.11,toroidal,197,142,wrap_python,0.0952,,,,,0.0021,0.2764725873780013,0.2254961289859599,0.1800672100123559,0.8815643314424588,0.7943069047300213,26.551135,results/grg_normalized_wrap_python_comparison.csv,
0.16,0.16,toroidal,198,733,wrap_python,5.3833,,,,,0.1122,0.4213842689823547,0.3569015743080387,0.3118331180261665,0.123536237159534,0.34911679569767,7.134053,results/grg_normalized_wrap_python_comparison.csv,
0.34,0.34,euclidean,199,636,wrap_python,8.2874,,,,,0.2839,0.1754586743596005,0.2426532021510284,0.1525383225021956,0.9154535067220784,0.9503939005631966,6.044977,results/grg_normalized_wrap_python_comparison.csv,
0.28,0.28,euclidean,0,433,TorusMDS_random_1x_scale2,12.0121,0.8390257888631157,1.1918584783371262,10000.0,max_iters,0.0876,0.1870257269706271,0.2523418469228404,0.1574938887945408,0.8970689014843936,0.8552495007923934,6.983884,results/grg_normalized_TorusMDS_random_1x_scale2_comparison.csv,
0.16,0.16,toroidal,1,633,TorusMDS_random_1x_scale2,6.4193,1.0011513802913503,0.9988499438606224,10000.0,max_iters,0.081,0.1982532250094668,0.2859506136445276,0.161555781094695,0.8039422895115947,0.6478491226635361,7.771733,results/grg_normalized_TorusMDS_random_1x_scale2_comparison.csv,
0.4,0.4,toroidal,2,271,TorusMDS_random_1x_scale2,5.8998,1.000769626840346,0.9992309650296082,10000.0,max_iters,0.0333,0.1997746201092436,0.2669945179248065,0.1766943051762193,0.8628678710900485,1.0,3.785852,results/grg_normalized_TorusMDS_random_1x_scale2_comparison.csv,
0.28,0.28,toroidal,3,400,TorusMDS_random_1x_scale2,6.0375,0.9989560727443704,1.001045018178589,10000.0,max_iters,0.0517,0.1653900165939207,0.2143889663202736,0.1451936424083177,0.858702424018018,0.9847196552324908,4.771836,results/grg_normalized_TorusMDS_random_1x_scale2_comparison.csv,
0.4,0.4,toroidal,4,505,TorusMDS_random_1x_scale2,6.2557,0.9989515751709944,1.0010495251772602,10000.0,max_iters,0.2686,0.2009754189721647,0.2690576512551944,0.1772545148786101,0.8643805464177307,1.0,3.79141,results/grg_normalized_TorusMDS_random_1x_scale2_comparison.csv,
0.34,0.34,toroidal,5,211,TorusMDS_random_1x_scale2,5.6745,0.9918025740579496,1.0082651791359147,10000.0,max_iters,0.0138,0.2378659146105508,0.303086832926926,0.1986942454586251,0.7338210115215977,0.9881930216153144,4.115324,results/grg_normalized_TorusMDS_random_1x_scale2_comparison.csv,
0.16,0.16,toroidal,6,318,TorusMDS_random_1x_scale2,5.7926,0.9992247581466496,1.0007758433195637,10000.0,max_iters,0.0155,0.0985129988569073,0.1364036565439727,0.085367555459793,0.9539380800867449,0.9346888013329374,8.239156,results/grg_normalized_TorusMDS_random_1x_scale2_comparison.csv,
0.22,0.22,euclidean,7,139,TorusMDS_random_1x_scale2,5.8681,1.020808942539647,0.979615242703618,10000.0,max_iters,0.0029,0.1045859846368907,0.1638622030735046,0.0932181575886183,0.9712810085390514,0.937109091386892,15.921963,results/grg_normalized_TorusMDS_random_1x_scale2_comparison.csv,
0.4,0.4,toroidal,8,269,TorusMDS_random_1x_scale2,5.7338,1.002286567288892,0.9977186491732828,10000.0,max_iters,0.0319,0.2009496379693132,0.268065185019966,0.1779893179564085,0.8637465000578664,1.0,3.784749,results/grg_normalized_TorusMDS_random_1x_scale2_comparison.csv,
0.1,0.13,euclidean,9,171,TorusMDS_random_1x_scale2,5.5967,1.033607804702421,0.9674849545934912,10000.0,max_iters,0.003,0.089433282379667,0.1210399413569099,0.0729087332257669,0.9825886908241172,0.9332035946509628,38.670111,results/grg_normalized_TorusMDS_random_1x_scale2_comparison.csv,
0.4,0.4,toroidal,10,537,TorusMDS_random_1x_scale2,6.4111,1.0005431395313047,0.9994571553091064,10000.0,max_iters,0.3135,0.1989881285180602,0.2666603560897495,0.1758617398785522,0.8637940516285629,1.0,3.797266,results/grg_normalized_TorusMDS_random_1x_scale2_comparison.csv,
0.4,0.4,toroidal,11,357,TorusMDS_random_1x_scale2,5.929,0.997768928895258,1.0022360599134033,10000.0,max_iters,0.0673,0.261177859510302,0.3318539388137294,0.2233892330652988,0.709828800803468,1.0,3.725515,results/grg_normalized_TorusMDS_random_1x_scale2_comparison.csv,
0.22,0.22,toroidal,12,452,TorusMDS_random_1x_scale2,6.0314,0.9984270250413546,1.0015754531069312,10000.0,max_iters,0.0493,0.1342905409991835,0.1804665923650723,0.1176468355644391,0.9222425214129006,0.9617446386407184,5.896117,results/grg_normalized_TorusMDS_random_1x_scale2_comparison.csv,
0.28,0.28,euclidean,13,362,TorusMDS_random_1x_scale2,5.7787,0.8134106141708825,1.2293913831199634,10000.0,max_iters,0.0321,0.2021011455663629,0.2699392112559605,0.1674439516731499,0.8728565904365722,0.8312047997146081,7.166065,results/grg_normalized_TorusMDS_random_1x_scale2_comparison.csv,
0.22,0.22,toroidal,14,329,TorusMDS_random_1x_scale2,6.219,0.9985034355169142,1.001498807545225,10000.0,max_iters,0.0231,0.1318636286340313,0.1791929816601531,0.1150716170549101,0.9225096678682396,0.9433934480584464,6.008246,results/grg_normalized_TorusMDS_random_1x_scale2_comparison.csv,
0.22,0.22,euclidean,15,823,TorusMDS_random_1x_scale2,6.3845,1.2552631978408642,0.7966456769544955,10000.0,max_iters,0.2138,0.1822649392977817,0.235227273727601,0.1518502822134636,0.8933895920175232,0.8260950006697793,8.579213,results/grg_normalized_TorusMDS_random_1x_scale2_comparison.csv,
0.16,0.16,euclidean,16,123,TorusMDS_random_1x_scale2,5.8987,1.0129903007180907,0.9871762832192152,10000.0,max_iters,0.0018,0.0837946200889875,0.1277469773488096,0.0725832322729848,0.9817260214693552,0.9233571632611048,35.441097,results/grg_normalized_TorusMDS_random_1x_scale2_comparison.csv,
0.1,0.1,euclidean,17,856,TorusMDS_random_1x_scale2,6.2945,0.9992302085079996,1.0007703845274554,10000.0,max_iters,0.0994,0.0576886846408414,0.1005026832835442,0.0508996952053677,0.9923610717918891,0.9394522340404692,22.465122,results/grg_normalized_TorusMDS_random_1x_scale2_comparison.csv,
0.28,0.28,toroidal,18,467,TorusMDS_random_1x_scale2,6.076,0.9984040076097352,1.0015985436537718,10000.0,max_iters,0.1342,0.1679967534829176,0.21690631378591,0.1477725771023519,0.8644885909217552,0.9823674733562816,4.773217,results/grg_normalized_TorusMDS_random_1x_scale2_comparison.csv,
0.4,0.4,euclidean,19,250,TorusMDS_random_1x_scale2,5.6241,1.0055876053927129,0.9944434424581728,10000.0,max_iters,0.0201,0.1779193587915495,0.245348916909542,0.1557714679142617,0.9140419535715466,0.9854970263586474,6.263435,results/grg_normalized_TorusMDS_random_1x_scale2_comparison.csv,
0.4,0.4,euclidean,20,199,TorusMDS_random_1x_scale2,5.6117,1.0002680515996054,0.9997320202327998,10000.0,max_iters,0.0117,0.1796838895082278,0.2492786078118036,0.1586865921369127,0.9143172046786172,0.9780690129385664,6.330948,results/grg_normalized_TorusMDS_random_1x_scale2_comparison.csv,
0.28,0.28,toroidal,21,634,TorusMDS_random_1x_scale2,6.5806,1.025345959896056,0.9752805775929274,10000.0,max_iters,0.2593,0.2170373565301879,0.2964153575043632,0.1843040027513057,0.7664595358954736,0.9474583745980258,4.69423,results/grg_normalized_TorusMDS_random_1x_scale2_comparison.csv,
0.28,0.28,euclidean,22,426,TorusMDS_random_1x_scale2,6.007,0.997133718670704,1.0028745205137757,10000.0,max_iters,0.0509,0.1297478353783548,0.1929268610216379,0.1157423138547694,0.9560927562241548,0.9768764509773727,7.960764,results/grg_normalized_TorusMDS_random_1x_scale2_comparison.csv,
0.4,0.4,euclidean,23,961,TorusMDS_random_1x_scale2,7.0818,1.0013463453508062,0.9986554648578314,10000.0,max_iters,0.9383,0.2293102169701279,0.2935927591538466,0.1991716017002428,0.8470675876565931,0.9466808342778968,41.139268,results/grg_normalized_TorusMDS_random_1x_scale2_comparison.csv,
0.4,0.4,toroidal,24,119,TorusMDS_random_1x_scale2,5.963,0.9980598933187724,1.001943878011946,10000.0,max_iters,0.0046,0.1995174615520882,0.2672139100996282,0.1762899200018871,0.8623737237413613,1.0,3.786221,results/grg_normalized_TorusMDS_random_1x_scale2_comparison.csv,
0.1,0.1,toroidal,25,558,TorusMDS_random_1x_scale2,6.1873,0.9974251210199152,1.0025815260973696,10000.0,max_iters,0.0388,0.0761905219297495,0.105756752874492,0.065142895292932,0.9716222258023056,0.9101493228993226,13.020559,results/grg_normalized_TorusMDS_random_1x_scale2_comparison.csv,
0.22,0.22,euclidean,26,533,TorusMDS_random_1x_scale2,6.0527,1.001691212452383,0.998311642918138,10000.0,max_iters,0.0662,0.110189199111238,0.1708733199840647,0.098600123543686,0.9695033173178336,0.9693786646578084,10.019269,results/grg_normalized_TorusMDS_random_1x_scale2_comparison.csv,
0.16,0.16,euclidean,27,367,TorusMDS_random_1x_scale2,5.9782,0.9924712511401942,1.007585860901418,10000.0,max_iters,0.0196,0.0772402739069727,0.1318505156647677,0.0690494218379182,0.985248168203298,0.940551174724976,14.476002,results/grg_normalized_TorusMDS_random_1x_scale2_comparison.csv,
0.16,0.16,euclidean,28,198,TorusMDS_random_1x_scale2,5.6381,0.9934527660519072,1.0065903827256049,10000.0,max_iters,0.0047,0.0824894616626516,0.1288425643237849,0.0719484120919179,0.9815128675042056,0.9151091607285986,22.675582,results/grg_normalized_TorusMDS_random_1x_scale2_comparison.csv,
0.28,0.28,toroidal,29,441,TorusMDS_random_1x_scale2,6.2373,0.972374238244655,1.0284106269672626,10000.0,max_iters,0.0654,0.2128370550377782,0.2879881292961496,0.1793316633604103,0.776412365527405,0.9361977367998062,4.752062,results/grg_normalized_TorusMDS_random_1x_scale2_comparison.csv,
0.34,0.34,euclidean,30,164,TorusMDS_random_1x_scale2,5.7025,0.98783656962993,1.0123132011347045,10000.0,max_iters,0.0062,0.158234245598782,0.2232201283358764,0.1405412183065192,0.9349638885970434,0.9758994571179712,6.550339,results/grg_normalized_TorusMDS_random_1x_scale2_comparison.csv,
0.1,0.12,toroidal,31,165,TorusMDS_random_1x_scale2,5.7865,0.9704514076516458,1.0304482966538815,10000.0,max_iters,0.0029,0.1353503653382788,0.1481960358025822,0.1058120527777246,0.9276261652339404,0.8873487656134712,13.25649,results/grg_normalized_TorusMDS_random_1x_scale2_comparison.csv,
0.34,0.34,euclidean,32,180,TorusMDS_random_1x_scale2,5.8373,1.0024322105210657,0.9975736907737616,10000.0,max_iters,0.0081,0.1541365375180026,0.2195804692598595,0.1367595683761049,0.9366481700616752,0.976539755066114,6.497003,results/grg_normalized_TorusMDS_random_1x_scale2_comparison.csv,
0.16,0.16,euclidean,33,154,TorusMDS_random_1x_scale2,5.6357,0.9931015771115655,1.006946341690946,10000.0,max_iters,0.0029,0.0814542135560105,0.1315688055008965,0.0718229348672712,0.9825023825402528,0.9209245340251344,30.772312,results/grg_normalized_TorusMDS_random_1x_scale2_comparison.csv,
0.22,0.22,toroidal,34,654,TorusMDS_random_1x_scale2,6.3597,1.0008956155729625,0.9991051858365372,10000.0,max_iters,0.1285,0.134814182800692,0.1826382788705927,0.1175013960730958,0.9237586292056104,0.9623568265709274,5.875928,results/grg_normalized_TorusMDS_random_1x_scale2_comparison.csv,
0.22,0.22,euclidean,35,695,TorusMDS_random_1x_scale2,6.2606,0.996005191362288,1.0040108311405969,10000.0,max_iters,0.2249,0.1077090056583412,0.1720363574661523,0.0965542613119012,0.9730715615751592,0.9742626668092282,9.867914,results/grg_normalized_TorusMDS_random_1x_scale2_comparison.csv,
0.34,0.34,toroidal,36,135,TorusMDS_random_1x_scale2,6.0104,1.0001643630940953,0.999835663916692,10000.0,max_iters,0.005,0.1840679840701672,0.2322352212299663,0.1595371439844069,0.8420830411236295,0.9929627950119776,4.168781,results/grg_normalized_TorusMDS_random_1x_scale2_comparison.csv,
0.22,0.22,toroidal,37,275,TorusMDS_random_1x_scale2,5.731,0.9944836607112246,1.0055469380812454,10000.0,max_iters,0.0152,0.1294313707042573,0.1767965046541792,0.1124801538038998,0.9229571902353016,0.9371257904447102,6.04151,results/grg_normalized_TorusMDS_random_1x_scale2_comparison.csv,
0.22,0.22,toroidal,38,107,TorusMDS_random_1x_scale2,5.9904,1.001930396620756,0.9980733226307268,10000.0,max_iters,0.0019,0.1268036741768219,0.1702677896524486,0.11032460496978,0.9249184103129954,0.9023934452550412,6.416946,results/grg_normalized_TorusMDS_random_1x_scale2_comparison.csv,
0.16,0.16,toroidal,39,111,TorusMDS_random_1x_scale2,6.0049,1.0127106053969614,0.9874489263475432,10000.0,max_iters,0.0016,0.1251852010521533,0.1482046219328164,0.1024137857087712,0.924403858757336,0.8890134469768719,9.18128,results/grg_normalized_TorusMDS_random_1x_scale2_comparison.csv,
0.28,0.28,euclidean,40,503,TorusMDS_random_1x_scale2,6.2406,1.0001764475177892,0.9998235836104448,10000.0,max_iters,0.0769,0.1333559222249905,0.1979255138310435,0.1188718097211146,0.9521729395664608,0.97471875456355,8.067175,results/grg_normalized_TorusMDS_random_1x_scale2_comparison.csv,
0.34,0.34,toroidal,41,188,TorusMDS_random_1x_scale2,5.7686,0.9984539537023314,1.0015484402579966,10000.0,max_iters,0.0106,0.2450690372683758,0.3115469271969486,0.2057483485764714,0.7205784861245869,0.988792777342114,4.089379,results/grg_normalized_TorusMDS_random_1x_scale2_comparison.csv,
0.1,0.1,euclidean,42,599,TorusMDS_random_1x_scale2,6.2142,0.998554406881951,1.0014476858827983,10000.0,max_iters,0.0429,0.0567121408912959,0.1031503828529809,0.0501844119776618,0.992115481906136,0.9488093018093016,23.842682,results/grg_normalized_TorusMDS_random_1x_scale2_comparison.csv,
0.16,0.16,toroidal,43,189,TorusMDS_random_1x_scale2,5.6776,0.995763134566645,1.004254892841759,10000.0,max_iters,0.0049,0.1102129147372498,0.1409816843128981,0.0929350757259615,0.941272478938054,0.9103617187290104,8.602063,results/grg_normalized_TorusMDS_random_1x_scale2_comparison.csv,
0.34,0.34,euclidean,44,613,TorusMDS_random_1x_scale2,6.561,0.9998874829466048,1.0001125297149072,10000.0,max_iters,0.2479,0.1550204819212378,0.2248711255322289,0.1368767294906502,0.9366660808356252,0.9766492546338594,6.360659,results/grg_normalized_TorusMDS_random_1x_scale2_comparison.csv,
0.4,0.4,toroidal,45,238,TorusMDS_random_1x_scale2,5.6782,0.9886592773995636,1.0114708098732108,10000.0,max_iters,0.0234,0.2615778632659001,0.3319143949074902,0.2237551873562287,0.7131975483765617,1.0,3.719415,results/grg_normalized_TorusMDS_random_1x_scale2_comparison.csv,
0.34,0.34,euclidean,46,691,TorusMDS_random_1x_scale2,6.4383,1.000278032749997,0.9997220445307264,10000.0,max_iters,0.3287,0.1612502068516889,0.229271701103948,0.1420069194724638,0.9315415119746754,0.9828989583675772,6.338253,results/grg_normalized_TorusMDS_random_1x_scale2_comparison.csv,
0.34,0.34,euclidean,47,374,TorusMDS_random_1x_scale2,5.8676,0.9914330649143086,1.0086409616431664,10000.0,max_iters,0.0447,0.1637233753005222,0.2295204073089777,0.1452437194556426,0.9289234478529952,0.9838072301929056,6.438174,results/grg_normalized_TorusMDS_random_1x_scale2_comparison.csv,
0.34,0.34,toroidal,48,294,TorusMDS_random_1x_scale2,5.6903,0.9981387096512976,1.0018647612107467,10000.0,max_iters,0.0306,0.1899700403445259,0.2383055123387099,0.1635233713725709,0.8411655375614232,0.9977590110552186,4.114345,results/grg_normalized_TorusMDS_random_1x_scale2_comparison.csv,
0.16,0.16,euclidean,49,242,TorusMDS_random_1x_scale2,5.6788,0.993881066324948,1.00615660553599,10000.0,max_iters,0.0077,0.0787259082692649,0.1300545385520261,0.0703187617197319,0.984242445525248,0.9415885119705965,16.77302,results/grg_normalized_TorusMDS_random_1x_scale2_comparison.csv,
0.22,0.22,toroidal,50,597,TorusMDS_random_1x_scale2,6.4425,1.0025714404438866,0.9974351549025294,10000.0,max_iters,0.1028,0.1347339589837332,0.1799008867200011,0.1184829819175607,0.9232470286033572,0.9546658582631437,5.912811,results/grg_normalized_TorusMDS_random_1x_scale2_comparison.csv,
0.4,0.4,euclidean,51,109,TorusMDS_random_1x_scale2,5.9735,1.0038775285549604,0.9961374485983944,10000.0,max_iters,0.0029,0.1571656772107612,0.2249550025767042,0.1389761672471798,0.9299559517640802,0.9696641710387416,6.103058,results/grg_normalized_TorusMDS_random_1x_scale2_comparison.csv,
0.16,0.176,toroidal,52,142,TorusMDS_random_1x_scale2,5.6046,1.0067050224795793,0.9933396354146876,10000.0,max_iters,0.0028,0.1728438185450557,0.2329085748430586,0.1422971372576332,0.8455954681773624,0.7277480996962258,7.966027,results/grg_normalized_TorusMDS_random_1x_scale2_comparison.csv,
0.1,0.1,euclidean,53,544,TorusMDS_random_1x_scale2,6.2268,1.0816025299787937,0.9245540503863342,10000.0,max_iters,0.035,0.2140162473291579,0.2327298982722018,0.160865675887108,0.8714078195362935,0.7967819040785543,19.319519,results/grg_normalized_TorusMDS_random_1x_scale2_comparison.csv,
0.22,0.22,toroidal,54,664,TorusMDS_random_1x_scale2,6.3139,1.0187860371730102,0.9815603703942204,10000.0,max_iters,0.214,0.2174035601449054,0.2973002001049079,0.1802841900499113,0.7660557548928342,0.7260176947662014,5.766053,results/grg_normalized_TorusMDS_random_1x_scale2_comparison.csv,
0.22,0.22,euclidean,55,169,TorusMDS_random_1x_scale2,5.6545,1.0156217835280532,0.9846185028901344,10000.0,max_iters,0.0046,0.1075716036280285,0.1662518195442515,0.09628338546128,0.9716036567719344,0.9431714791966288,11.934821,results/grg_normalized_TorusMDS_random_1x_scale2_comparison.csv,
0.22,0.22,euclidean,56,993,TorusMDS_random_1x_scale2,6.7619,0.9968886406187684,1.0031210701521291,10000.0,max_iters,0.4532,0.1077802800560021,0.1709801072677337,0.0963689241824231,0.9720136913825994,0.9732807213667708,9.797528,results/grg_normalized_TorusMDS_random_1x_scale2_comparison.csv,
0.1,0.16,euclidean,57,147,TorusMDS_random_1x_scale2,5.6597,0.9771330658620824,1.0234020676782063,10000.0,max_iters,0.0027,0.1114698043170641,0.149058701832661,0.0877448594640094,0.9726489556963122,0.8969862056421216,34.251743,results/grg_normalized_TorusMDS_random_1x_scale2_comparison.csv,
0.34,0.34,euclidean,58,430,TorusMDS_random_1x_scale2,6.0754,1.002795568475807,0.9972122249402676,10000.0,max_iters,0.0635,0.1585563484130618,0.2248559113732014,0.1393076064253447,0.9301652733459927,0.9802660280318788,6.381474,results/grg_normalized_TorusMDS_random_1x_scale2_comparison.csv,
0.1,0.1,toroidal,59,208,TorusMDS_random_1x_scale2,5.6897,0.9828308917883846,1.017469035980721,10000.0,max_iters,0.0043,0.1686162098964602,0.1775509735279817,0.1274764428317902,0.883392954051627,0.8682634985665283,16.834537,results/grg_normalized_TorusMDS_random_1x_scale2_comparison.csv,
0.16,0.16,toroidal,60,477,TorusMDS_random_1x_scale2,6.0577,0.964123757877871,1.0372112416367545,10000.0,max_iters,0.0392,0.1875835251618563,0.2585847829785405,0.1520659809614933,0.8187164126156009,0.6653819116967736,7.857255,results/grg_normalized_TorusMDS_random_1x_scale2_comparison.csv,
0.28,0.28,euclidean,61,803,TorusMDS_random_1x_scale2,6.4299,0.9979376851996044,1.0020665767321766,10000.0,max_iters,0.3717,0.1339661577565089,0.200686933355691,0.1191216785330845,0.954407872968198,0.976059045165432,7.902905,results/grg_normalized_TorusMDS_random_1x_scale2_comparison.csv,
0.4,0.4,euclidean,62,188,TorusMDS_random_1x_scale2,5.6047,0.9993277341540528,1.000672718091344,10000.0,max_iters,0.0102,0.1719742253589327,0.242595738405074,0.1530175330603088,0.920924204629605,0.977994661843136,6.028511,results/grg_normalized_TorusMDS_random_1x_scale2_comparison.csv,
0.34,0.34,euclidean,63,850,TorusMDS_random_1x_scale2,6.6638,0.996456048953723,1.0035565553041683,10000.0,max_iters,0.5295,0.1499156709440172,0.2188447134867527,0.1310729316503985,0.9375280898044352,0.9852165712161604,6.326376,results/grg_normalized_TorusMDS_random_1x_scale2_comparison.csv,
0.1,0.1,toroidal,64,238,TorusMDS_random_1x_scale2,5.7013,1.0131632341910028,0.9870077853727948,10000.0,max_iters,0.0058,0.1446684464188726,0.1504648388619682,0.1113347572081406,0.901623933429364,0.8920441502941502,15.930306,results/grg_normalized_TorusMDS_random_1x_scale2_comparison.csv,
0.4,0.4,euclidean,65,119,TorusMDS_random_1x_scale2,6.0711,0.9936386007730088,1.0064021257044988,10000.0,max_iters,0.0037,0.175056726898662,0.2414076073797071,0.1559807517907691,0.915049685402156,0.984280721554096,6.012948,results/grg_normalized_TorusMDS_random_1x_scale2_comparison.csv,
0.4,0.4,euclidean,66,907,TorusMDS_random_1x_scale2,6.8995,0.9986454632437382,1.00135637401472,10000.0,max_iters,0.8116,0.2284783898843957,0.2915338148315929,0.1965883417223334,0.8510676480724823,0.9461708194764656,41.368193,results/grg_normalized_TorusMDS_random_1x_scale2_comparison.csv,
0.28,0.28,toroidal,67,468,TorusMDS_random_1x_scale2,6.0952,1.0190980698834715,0.9812598311704628,10000.0,max_iters,0.076,0.2042734617716319,0.2821123175968461,0.17240541485263,0.7843535002369437,0.9480191901481204,4.742704,results/grg_normalized_TorusMDS_random_1x_scale2_comparison.csv,
0.4,0.4,euclidean,68,239,TorusMDS_random_1x_scale2,5.8139,1.0018866616036226,0.9981168911854732,10000.0,max_iters,0.0176,0.1680902707162647,0.2380968213031077,0.1487295732948046,0.9235761114345324,0.9685645860550492,6.011037,results/grg_normalized_TorusMDS_random_1x_scale2_comparison.csv,
0.28,0.28,euclidean,69,110,TorusMDS_random_1x_scale2,6.0183,1.002196466005549,0.9978083478838202,10000.0,max_iters,0.0024,0.1240673174857512,0.1843561847292413,0.1107928618872333,0.9589481264296098,0.95862254906792,8.418444,results/grg_normalized_TorusMDS_random_1x_scale2_comparison.csv,
0.28,0.28,toroidal,70,516,TorusMDS_random_1x_scale2,6.1927,0.999153253667901,1.000847463919064,10000.0,max_iters,0.0986,0.1680594743154853,0.2191131098014331,0.1482867443142401,0.8585424385887802,0.9831272298174116,4.77238,results/grg_normalized_TorusMDS_random_1x_scale2_comparison.csv,
0.22,0.22,euclidean,71,817,TorusMDS_random_1x_scale2,6.2398,1.003329653562535,0.9966813962383032,10000.0,max_iters,0.3031,0.1106504314816428,0.174865070527654,0.0981417212428694,0.969718520807122,0.9692195017488788,9.932074,results/grg_normalized_TorusMDS_random_1x_scale2_comparison.csv,
0.1,0.11,toroidal,72,182,TorusMDS_random_1x_scale2,5.7003,0.9843016994596826,1.0159486675162044,10000.0,max_iters,0.0035,0.2485775674663903,0.2546809328970127,0.1829771855518582,0.7715925109136486,0.8292893357072922,15.498511,results/grg_normalized_TorusMDS_random_1x_scale2_comparison.csv,
0.1,0.1,toroidal,73,523,TorusMDS_random_1x_scale2,6.2233,1.0109999674720591,0.9891197153056652,10000.0,max_iters,0.0332,0.0776681238268627,0.108730096270741,0.0667405243997391,0.9729692415731228,0.932274182559786,13.257375,results/grg_normalized_TorusMDS_random_1x_scale2_comparison.csv,
0.34,0.34,euclidean,74,545,TorusMDS_random_1x_scale2,6.3521,1.0021338493861534,0.9978706942316534,10000.0,max_iters,0.1285,0.1614795197139125,0.2273701847358801,0.1423114975113527,0.9308622836073752,0.9776687177428284,6.395385,results/grg_normalized_TorusMDS_random_1x_scale2_comparison.csv,
0.34,0.34,toroidal,75,389,TorusMDS_random_1x_scale2,5.9619,1.0228118720395232,0.977696903347401,10000.0,max_iters,0.1247,0.2487873937016578,0.3136528571959708,0.2079956779700643,0.7021723476521038,0.9934953091488046,4.068265,results/grg_normalized_TorusMDS_random_1x_scale2_comparison.csv,
0.22,0.22,toroidal,76,226,TorusMDS_random_1x_scale2,5.6982,1.0033083302499253,0.9967025787086796,10000.0,max_iters,0.0094,0.1280919638436664,0.1735623533191035,0.1117346411764953,0.925703460778107,0.9378965957920564,6.116884,results/grg_normalized_TorusMDS_random_1x_scale2_comparison.csv,
0.22,0.22,toroidal,77,181,TorusMDS_random_1x_scale2,5.6311,1.000545203618033,0.9994550934669806,10000.0,max_iters,0.0058,0.1276207523256714,0.1758594006523308,0.1112847840479961,0.9265297395332956,0.9399176472119868,6.140796,results/grg_normalized_TorusMDS_random_1x_scale2_comparison.csv,
0.22,0.22,euclidean,78,116,TorusMDS_random_1x_scale2,5.9421,1.0042664366550529,0.9957516884968663,10000.0,max_iters,0.002,0.1073128049125586,0.160298463631214,0.0961209252526431,0.9699631035454106,0.9402284817646724,14.145336,results/grg_normalized_TorusMDS_random_1x_scale2_comparison.csv,
0.22,0.22,euclidean,79,327,TorusMDS_random_1x_scale2,5.8262,0.8181764073817182,1.2222303050758252,10000.0,max_iters,0.0203,0.1699673886085425,0.2306739932624006,0.1413812006478752,0.9186007180332192,0.8420294913303042,8.95652,results/grg_normalized_TorusMDS_random_1x_scale2_comparison.csv,
0.34,0.34,euclidean,80,641,TorusMDS_random_1x_scale2,6.4829,0.999953291276626,1.0000467109051807,10000.0,max_iters,0.2802,0.1601560853614242,0.2295642492315144,0.1409339707726064,0.9316651534483849,0.9831180793885532,6.394081,results/grg_normalized_TorusMDS_random_1x_scale2_comparison.csv,
0.1,0.1,euclidean,81,304,TorusMDS_random_1x_scale2,5.7233,0.8210707455004054,1.2179218483670922,10000.0,max_iters,0.0089,0.1931028439722838,0.2384290580663252,0.1494421986667133,0.9040884225638688,0.8269449686116348,21.134645,results/grg_normalized_TorusMDS_random_1x_scale2_comparison.csv,
0.22,0.22,toroidal,82,503,TorusMDS_random_1x_scale2,6.1252,0.9987913995823774,1.001210062900149,10000.0,max_iters,0.0644,0.1331172956395279,0.1785458113535682,0.1167808885652302,0.9246286564088084,0.9666466782740508,5.918338,results/grg_normalized_TorusMDS_random_1x_scale2_comparison.csv,
0.34,0.34,toroidal,83,191,TorusMDS_random_1x_scale2,5.6687,0.9597164209166008,1.041974460585894,10000.0,max_iters,0.011,0.2433317088704877,0.3109430532127285,0.203794028956587,0.7213552573798675,0.987171781578484,4.096785,results/grg_normalized_TorusMDS_random_1x_scale2_comparison.csv,
0.4,0.4,euclidean,84,210,TorusMDS_random_1x_scale2,5.6567,0.990367067840085,1.00972662810863,10000.0,max_iters,0.0134,0.1812748738757177,0.2463107395194931,0.1594824751199091,0.9113799134943232,0.9837393070810848,6.367627,results/grg_normalized_TorusMDS_random_1x_scale2_comparison.csv,
0.28,0.28,euclidean,85,217,TorusMDS_random_1x_scale2,5.6122,1.2128993847432437,0.8244706960682382,10000.0,max_iters,0.0091,0.1867413876260911,0.244183901090472,0.1554828212700351,0.8884074205501402,0.8352194155588587,7.480675,results/grg_normalized_TorusMDS_random_1x_scale2_comparison.csv,
0.22,0.22,euclidean,86,110,TorusMDS_random_1x_scale2,5.9339,1.0286906026644491,0.9721095900068136,10000.0,max_iters,0.0018,0.1112476451794866,0.1610978132906484,0.0956338842713514,0.9708433927610916,0.9514511074532398,12.529029,results/grg_normalized_TorusMDS_random_1x_scale2_comparison.csv,
0.4,0.4,toroidal,87,719,TorusMDS_random_1x_scale2,6.7146,0.989707735570854,1.0103992967410824,10000.0,max_iters,0.5631,0.280890243196409,0.3490898725723372,0.2342092531386752,0.6719092306503988,1.0,3.706085,results/grg_normalized_TorusMDS_random_1x_scale2_comparison.csv,
0.4,0.4,toroidal,88,106,TorusMDS_random_1x_scale2,5.9816,1.0190985716158707,0.981259348067196,10000.0,max_iters,0.0036,0.2523066627202128,0.3186530163921766,0.213754489841665,0.7389060923440289,1.0,3.734373,results/grg_normalized_TorusMDS_random_1x_scale2_comparison.csv,
0.1,0.12,euclidean,89,266,TorusMDS_random_1x_scale2,5.7231,1.0984369065560362,0.9103845601249246,10000.0,max_iters,0.0076,0.2035095730526301,0.2782483887645054,0.1572042299300294,0.8856654449027357,0.7227312565801259,15.080312,results/grg_normalized_TorusMDS_random_1x_scale2_comparison.csv,
0.22,0.22,euclidean,90,408,TorusMDS_random_1x_scale2,5.934,0.9903471874100368,1.0097468975654966,10000.0,max_iters,0.0334,0.1022423008358814,0.1604092663995237,0.091302986018533,0.9735480678454448,0.960019691352048,10.134898,results/grg_normalized_TorusMDS_random_1x_scale2_comparison.csv,
0.28,0.28,euclidean,91,592,TorusMDS_random_1x_scale2,6.322,0.9996755899794854,1.0003245152965288,10000.0,max_iters,0.1188,0.1295271926593906,0.2078057479301148,0.1153170866608754,0.9571054830547048,0.9739297708782102,7.93445,results/grg_normalized_TorusMDS_random_1x_scale2_comparison.csv,
0.4,0.4,euclidean,92,359,TorusMDS_random_1x_scale2,5.7795,0.9995745397510004,1.0004256413424713,10000.0,max_iters,0.0483,0.1757753001906191,0.2415231071834652,0.1554292472940631,0.9145391263073944,0.9869933244602184,6.229153,results/grg_normalized_TorusMDS_random_1x_scale2_comparison.csv,
0.22,0.22,toroidal,93,100,TorusMDS_random_1x_scale2,5.9182,1.00016893803685,0.9998310904983896,10000.0,max_iters,0.0017,0.1286861603197193,0.1745560303477304,0.1112196269276191,0.9303410712557242,0.9032076925909872,6.521982,results/grg_normalized_TorusMDS_random_1x_scale2_comparison.csv,
0.34,0.34,euclidean,94,466,TorusMDS_random_1x_scale2,6.2088,0.9966712154806318,1.0033399023345555,10000.0,max_iters,0.1381,0.1550893558857999,0.2236271009408821,0.1363517251032032,0.9363474629777442,0.9806268336492654,6.303731,results/grg_normalized_TorusMDS_random_1x_scale2_comparison.csv,
0.34,0.34,euclidean,95,754,TorusMDS_random_1x_scale2,6.5633,1.0024670812283285,0.9975389902825484,10000.0,max_iters,0.392,0.1555283187022363,0.2186682760929625,0.1362800291908659,0.9332657639608076,0.973880502172571,6.280464,results/grg_normalized_TorusMDS_random_1x_scale2_comparison.csv,
0.28,0.28,euclidean,96,310,TorusMDS_random_1x_scale2,5.6611,1.006619139060832,0.9934243858436792,10000.0,max_iters,0.0224,0.1351070159477804,0.1980430185623373,0.1208915141444675,0.9521045840786376,0.967171603127903,8.043709,results/grg_normalized_TorusMDS_random_1x_scale2_comparison.csv,
0.22,0.22,euclidean,97,392,TorusMDS_random_1x_scale2,5.7693,0.9993583805949569,1.0006420313448126,10000.0,max_iters,0.0304,0.1080999086401852,0.1692118245614674,0.0966824337032182,0.9705685971382724,0.9591949338829474,10.033002,results/grg_normalized_TorusMDS_random_1x_scale2_comparison.csv,
0.4,0.4,toroidal,98,472,TorusMDS_random_1x_scale2,6.1408,1.0127922540529497,0.9873693208041848,10000.0,max_iters,0.2205,0.2628253528845621,0.3353016973455721,0.2234836660250717,0.7185368494042228,1.0,3.730044,results/grg_normalized_TorusMDS_random_1x_scale2_comparison.csv,
0.1,0.1,toroidal,99,734,TorusMDS_random_1x_scale2,6.3532,1.0056552415439048,0.9943765603655356,10000.0,max_iters,0.0738,0.0734170916460715,0.1086881410221877,0.0633011780805808,0.9767580091442902,0.935337237925473,12.752915,results/grg_normalized_TorusMDS_random_1x_scale2_comparison.csv,
0.16,0.16,euclidean,100,431,TorusMDS_random_1x_scale2,5.9696,1.000975659112774,0.9990252918700951,10000.0,max_iters,0.0292,0.0857102760999124,0.1420565617936675,0.0768483126708548,0.9826953458943416,0.9503432837599456,14.144392,results/grg_normalized_TorusMDS_random_1x_scale2_comparison.csv,
0.28,0.28,euclidean,101,196,TorusMDS_random_1x_scale2,5.6533,0.9996346128636128,1.0003655206929467,10000.0,max_iters,0.008,0.1274874964312225,0.1921778871307186,0.1140831381306847,0.9593960275948836,0.9688081912755604,8.18102,results/grg_normalized_TorusMDS_random_1x_scale2_comparison.csv,
0.4,0.4,toroidal,102,194,TorusMDS_random_1x_scale2,5.704,1.0021191146360895,0.997885366514679,10000.0,max_iters,0.0143,0.2026960442950993,0.2690989613088431,0.1801484813362507,0.8615719785737829,1.0,3.781747,results/grg_normalized_TorusMDS_random_1x_scale2_comparison.csv,
0.28,0.28,euclidean,103,229,TorusMDS_random_1x_scale2,5.6474,1.0112170022101006,0.988907423247844,10000.0,max_iters,0.0109,0.1278023871432671,0.1904537635102635,0.113235860094522,0.9586249999780402,0.966299519178827,8.114783,results/grg_normalized_TorusMDS_random_1x_scale2_comparison.csv,
0.28,0.28,toroidal,104,111,TorusMDS_random_1x_scale2,5.9906,0.9984238083332792,1.001578679968932,10000.0,max_iters,0.0027,0.1596059341250575,0.2059157180607079,0.1410698240359358,0.8772749462046476,0.9440391513203696,4.966165,results/grg_normalized_TorusMDS_random_1x_scale2_comparison.csv,
0.16,0.16,euclidean,105,791,TorusMDS_random_1x_scale2,6.3336,1.202825386529922,0.8313758681839423,10000.0,max_iters,0.1229,0.1688826380766014,0.2031513961492187,0.1358972819513894,0.9069563218901284,0.837588864227888,12.141776,results/grg_normalized_TorusMDS_random_1x_scale2_comparison.csv,
0.28,0.28,euclidean,106,807,TorusMDS_random_1x_scale2,6.4755,0.9986073402442274,1.0013946019618,10000.0,max_iters,0.3744,0.1387324167969204,0.206418306045971,0.1235775630235376,0.952479503977214,0.9769843597057282,7.966282,results/grg_normalized_TorusMDS_random_1x_scale2_comparison.csv,
0.1,0.1,euclidean,107,578,TorusMDS_random_1x_scale2,6.2903,1.0063187143976648,0.9937209610561132,10000.0,max_iters,0.0402,0.1827877174519497,0.2407471162732208,0.1434895534273334,0.8904385244107931,0.7801830722596975,18.096244,results/grg_normalized_TorusMDS_random_1x_scale2_comparison.csv,
0.22,0.22,toroidal,108,251,TorusMDS_random_1x_scale2,5.7242,1.004426642667708,0.995592866139083,10000.0,max_iters,0.0122,0.1279143245757663,0.1734512556395512,0.111762682203877,0.9236845756540948,0.9406357009008006,6.076251,results/grg_normalized_TorusMDS_random_1x_scale2_comparison.csv,
0.4,0.4,euclidean,109,657,TorusMDS_random_1x_scale2,6.3196,1.0017602256698723,0.9982428672802464,10000.0,max_iters,0.354,0.2161862652960562,0.2839788367896593,0.1872842535472212,0.865681580235914,0.9571666391719292,37.709007,results/grg_normalized_TorusMDS_random_1x_scale2_comparison.csv,
0.22,0.22,toroidal,110,166,TorusMDS_random_1x_scale2,5.6799,1.0013993571523463,0.9986025983117008,10000.0,max_iters,0.0047,0.1287761320130825,0.1721281414341817,0.1118568825316759,0.9208764134761026,0.9117434253160996,6.206508,results/grg_normalized_TorusMDS_random_1x_scale2_comparison.csv,
0.28,0.28,euclidean,111,454,TorusMDS_random_1x_scale2,6.1095,1.0005986754580238,0.999401682739836,10000.0,max_iters,0.1183,0.1282179441217731,0.1974360173177607,0.1142232072518068,0.9577381504101224,0.969451761441716,7.982747,results/grg_normalized_TorusMDS_random_1x_scale2_comparison.csv,
0.28,0.28,euclidean,112,754,TorusMDS_random_1x_scale2,6.4751,0.9994643857365416,1.0005359012998385,10000.0,max_iters,0.3109,0.1341657513417648,0.1995933087901384,0.1195069573760015,0.9539364828814678,0.9777988194194768,7.921648,results/grg_normalized_TorusMDS_random_1x_scale2_comparison.csv,
0.16,0.16,toroidal,113,143,TorusMDS_random_1x_scale2,5.653,1.0619016915141206,0.9417067587246636,10000.0,max_iters,0.0027,0.1806990661748368,0.2237673061361605,0.1448799924344671,0.8473173553245685,0.7687038453299669,9.202624,results/grg_normalized_TorusMDS_random_1x_scale2_comparison.csv,
0.4,0.4,euclidean,114,858,TorusMDS_random_1x_scale2,6.6952,0.9990181821524748,1.0009827827611804,10000.0,max_iters,0.6593,0.2114370118538613,0.2827981333969959,0.184108720422907,0.8769792872007998,0.9357481508408556,40.055181,results/grg_normalized_TorusMDS_random_1x_scale2_comparison.csv,
0.1,0.1,euclidean,115,730,TorusMDS_random_1x_scale2,6.1907,1.001185103719746,0.998816299088607,10000.0,max_iters,0.069,0.2074605991397516,0.2407051950437914,0.1584341168459989,0.8762622376659206,0.7810396743779097,17.618394,results/grg_normalized_TorusMDS_random_1x_scale2_comparison.csv,
0.16,0.16,toroidal,116,899,TorusMDS_random_1x_scale2,6.7249,0.977984321731954,1.022511279351654,10000.0,max_iters,0.2644,0.1948337820102804,0.2759331211488012,0.1584839515433861,0.8072458981775255,0.6250484367351177,7.660595,results/grg_normalized_TorusMDS_random_1x_scale2_comparison.csv,
0.16,0.176,euclidean,117,104,TorusMDS_random_1x_scale2,5.8229,0.9942815414896996,1.0057513473515085,10000.0,max_iters,0.0014,0.1114208922256503,0.1421458440738234,0.0875217012217709,0.9722548437551918,0.9233255030443508,28.81429,results/grg_normalized_TorusMDS_random_1x_scale2_comparison.csv,
0.28,0.28,euclidean,118,602,TorusMDS_random_1x_scale2,6.237,1.0008137203821814,0.9991869412203196,10000.0,max_iters,0.1203,0.1318434414428387,0.1989601324788513,0.1171042012652807,0.956382340869476,0.975135416322201,7.996089,results/grg_normalized_TorusMDS_random_1x_scale2_comparison.csv,
0.1,0.12,euclidean,119,155,TorusMDS_random_1x_scale2,5.5229,0.9960133238191836,1.0040026333839889,10000.0,max_iters,0.0025,0.081408291170978,0.1258670002606649,0.0695071114766009,0.98322848441395,0.9116222111222108,50.797959,results/grg_normalized_TorusMDS_random_1x_scale2_comparison.csv,
0.28,0.28,toroidal,120,320,TorusMDS_random_1x_scale2,5.7529,0.9938802007910426,1.0061574817609673,10000.0,max_iters,0.0287,0.2145769397641838,0.2892218937004686,0.1808597490905493,0.7622548505184519,0.9332325753246872,4.755421,results/grg_normalized_TorusMDS_random_1x_scale2_comparison.csv,
0.4,0.4,euclidean,121,911,TorusMDS_random_1x_scale2,6.841,1.0008345390700872,0.9991661568046376,10000.0,max_iters,0.8381,0.2206913696491285,0.2842346627282595,0.1913726051103256,0.8566519839275255,0.9593499248861568,41.642412,results/grg_normalized_TorusMDS_random_1x_scale2_comparison.csv,
0.16,0.16,euclidean,122,535,TorusMDS_random_1x_scale2,6.336,1.0017471768592614,0.9982558704435393,10000.0,max_iters,0.0479,0.0829487690515367,0.1387503817162657,0.074264977678538,0.9831713502711292,0.9582770562099904,14.004118,results/grg_normalized_TorusMDS_random_1x_scale2_comparison.csv,
0.28,0.28,toroidal,123,395,TorusMDS_random_1x_scale2,5.8609,1.0017752215816569,0.998227924245467,10000.0,max_iters,0.0502,0.1681465648156443,0.2152935960226973,0.1477055913496884,0.8515935456972252,0.9820415891280468,4.752504,results/grg_normalized_TorusMDS_random_1x_scale2_comparison.csv,
0.34,0.34,toroidal,124,101,TorusMDS_random_1x_scale2,6.0019,0.9982403896028708,1.0017627120836388,10000.0,max_iters,0.0027,0.1783522798687722,0.2286383511045461,0.1542241625254554,0.8507037632956279,0.9881103347715922,4.228909,results/grg_normalized_TorusMDS_random_1x_scale2_comparison.csv,
0.34,0.34,euclidean,125,841,TorusMDS_random_1x_scale2,6.5773,1.0003674319376648,0.9996327030189768,10000.0,max_iters,0.5508,0.1601436193808637,0.2300821196148793,0.1409001999185467,0.934471019106279,0.979078902909134,6.262191,results/grg_normalized_TorusMDS_random_1x_scale2_comparison.csv,
0.4,0.4,toroidal,126,858,TorusMDS_random_1x_scale2,7.0739,1.0024251239113748,0.997580743086414,10000.0,max_iters,0.9188,0.1999579786473518,0.2675516780106898,0.1772105869955601,0.8645349618624821,1.0,3.789854,results/grg_normalized_TorusMDS_random_1x_scale2_comparison.csv,
0.16,0.16,euclidean,127,148,TorusMDS_random_1x_scale2,5.8326,0.9892358511560908,1.0108812765240256,10000.0,max_iters,0.0029,0.0829469224605823,0.1318891184989049,0.0711043493222892,0.9813265795349074,0.9287951119065028,28.126541,results/grg_normalized_TorusMDS_random_1x_scale2_comparison.csv,
0.22,0.22,toroidal,128,518,TorusMDS_random_1x_scale2,6.1044,1.021985311685251,0.9784876441629112,10000.0,max_iters,0.0695,0.2101902698196665,0.2883057227549415,0.1750699521319552,0.7787250245090005,0.7141401476332443,5.844945,results/grg_normalized_TorusMDS_random_1x_scale2_comparison.csv,
0.22,0.22,euclidean,129,696,TorusMDS_random_1x_scale2,6.3229,1.0011684096763107,0.9988329539116316,10000.0,max_iters,0.2116,0.10601692242545,0.1687903571964425,0.0948226876872333,0.972174505426186,0.962933547897375,9.92019,results/grg_normalized_TorusMDS_random_1x_scale2_comparison.csv,
0.1,0.11,toroidal,130,175,TorusMDS_random_1x_scale2,5.6136,0.9037596987282146,1.1064888171127971,10000.0,max_iters,0.0033,0.2211679222185353,0.2391148105002467,0.1690011849519168,0.8018692848625919,0.7783332027449675,15.04758,results/grg_normalized_TorusMDS_random_1x_scale2_comparison.csv,
0.1,0.13,toroidal,131,127,TorusMDS_random_1x_scale2,5.9305,1.0238522172497424,0.9767034569561086,10000.0,max_iters,0.002,0.1935786695133093,0.1856486532215205,0.1423271363596165,0.870820406478468,0.8814430434405796,13.798008,results/grg_normalized_TorusMDS_random_1x_scale2_comparison.csv,
0.4,0.4,euclidean,132,325,TorusMDS_random_1x_scale2,5.7862,0.999902296040938,1.0000977135060585,10000.0,max_iters,0.039,0.177080233891108,0.2438732232696949,0.1561199660599806,0.9147958531615118,0.9843624683601854,6.248041,results/grg_normalized_TorusMDS_random_1x_scale2_comparison.csv,
0.22,0.22,toroidal,133,612,TorusMDS_random_1x_scale2,6.3506,0.99997308130341,1.0000269194212257,10000.0,max_iters,0.1075,0.1341578753492756,0.180676384897059,0.117460663640354,0.9225938209401604,0.9674999939206498,5.903818,results/grg_normalized_TorusMDS_random_1x_scale2_comparison.csv,
0.22,0.22,toroidal,134,100,TorusMDS_random_1x_scale2,5.9168,1.0132247558700331,0.9869478555538476,10000.0,max_iters,0.0017,0.1348434406134897,0.1748211161925232,0.1143591628510565,0.9145716016193508,0.8898173883708715,6.427503,results/grg_normalized_TorusMDS_random_1x_scale2_comparison.csv,
0.28,0.28,euclidean,135,884,TorusMDS_random_1x_scale2,6.4792,0.9979262809360724,1.0020780283108512,10000.0,max_iters,0.4498,0.1318604693822899,0.1984491098599212,0.1172915009941712,0.9559571446576188,0.9736941332837112,7.936885,results/grg_normalized_TorusMDS_random_1x_scale2_comparison.csv,
0.4,0.4,euclidean,136,110,TorusMDS_random_1x_scale2,6.0144,1.00031223919227,0.9996878582706116,10000.0,max_iters,0.0031,0.1644847178657211,0.2323302992215639,0.1453481041739464,0.9236670933391414,0.96968653821291,6.107059,results/grg_normalized_TorusMDS_random_1x_scale2_comparison.csv,
0.34,0.34,euclidean,137,829,TorusMDS_random_1x_scale2,6.5835,0.9998345821399062,1.0001654452276894,10000.0,max_iters,0.511,0.1570620027394274,0.220893216696796,0.1373893856171316,0.9312435868339524,0.978301429904212,6.329523,results/grg_normalized_TorusMDS_random_1x_scale2_comparison.csv,
0.22,0.22,toroidal,138,237,TorusMDS_random_1x_scale2,5.7462,1.0022448853653183,0.9977601428572016,10000.0,max_iters,0.0107,0.1283596687509136,0.1749304551344242,0.1116888876107809,0.9246958096272048,0.93245045445109,6.137624,results/grg_normalized_TorusMDS_random_1x_scale2_comparison.csv,
0.16,0.16,toroidal,139,283,TorusMDS_random_1x_scale2,5.6951,1.000466478996292,0.9995337385049022,10000.0,max_iters,0.0121,0.1060434674394837,0.1438385375684467,0.0918790906868896,0.9483870984909542,0.9064390372026206,8.260333,results/grg_normalized_TorusMDS_random_1x_scale2_comparison.csv,
0.34,0.34,euclidean,140,864,TorusMDS_random_1x_scale2,6.6409,1.0050228541320656,0.9950022488429844,10000.0,max_iters,0.5557,0.16455062174413,0.2298192315163029,0.1447948023685661,0.9297061712561742,0.9812586991589756,6.324217,results/grg_normalized_TorusMDS_random_1x_scale2_comparison.csv,
0.34,0.34,euclidean,141,272,TorusMDS_random_1x_scale2,5.7386,1.0015311713716295,0.9984711695298186,10000.0,max_iters,0.0205,0.1549149667027925,0.2181598359609989,0.1361733389649669,0.9350095137725356,0.972593710352556,6.414446,results/grg_normalized_TorusMDS_random_1x_scale2_comparison.csv,
0.34,0.34,toroidal,142,143,TorusMDS_random_1x_scale2,5.6241,1.0194810458863488,0.9808912132648708,10000.0,max_iters,0.0057,0.240100444247581,0.3062673999122955,0.2013938216049254,0.7254165515798051,0.9885751716975548,4.12839,results/grg_normalized_TorusMDS_random_1x_scale2_comparison.csv,
0.16,0.16,euclidean,143,331,TorusMDS_random_1x_scale2,5.5554,0.987156338178515,1.013010767722146,10000.0,max_iters,0.0155,0.0780216660635203,0.1355973982050105,0.0695692078770155,0.985813362303537,0.9463873090857012,14.154231,results/grg_normalized_TorusMDS_random_1x_scale2_comparison.csv,
0.34,0.34,toroidal,144,216,TorusMDS_random_1x_scale2,5.6485,0.9485075206759572,1.0542878977779178,10000.0,max_iters,0.0145,0.2387725046347535,0.3044929339531048,0.2021293456322815,0.7314947358811661,0.9914590199782046,4.076657,results/grg_normalized_TorusMDS_random_1x_scale2_comparison.csv,
0.22,0.22,toroidal,145,282,TorusMDS_random_1x_scale2,5.7215,1.0311751870712729,0.9697673223113366,10000.0,max_iters,0.016,0.2094459647215088,0.2934122428338584,0.1735686072319777,0.7804728963324367,0.71657181715117,5.94058,results/grg_normalized_TorusMDS_random_1x_scale2_comparison.csv,
0.1,0.14,toroidal,146,111,TorusMDS_random_1x_scale2,6.0101,0.91998125149187,1.0869786730744448,10000.0,max_iters,0.0015,0.1957853859763205,0.2154178942176024,0.1522217586832563,0.8580718346759091,0.764069623314176,11.241137,results/grg_normalized_TorusMDS_random_1x_scale2_comparison.csv,
0.16,0.16,euclidean,147,512,TorusMDS_random_1x_scale2,5.9451,1.0053922212743078,0.994636698832349,10000.0,max_iters,0.0423,0.0818360873794249,0.1414604872525239,0.0729447575112549,0.9848659307128016,0.954956080921196,14.111024,results/grg_normalized_TorusMDS_random_1x_scale2_comparison.csv,
0.34,0.34,euclidean,148,264,TorusMDS_random_1x_scale2,5.7657,0.9841550904132914,1.0161000128344146,10000.0,max_iters,0.0191,0.1593524179284528,0.2228053467570169,0.1402427863584893,0.9319086532374168,0.9721448237779968,6.512749,results/grg_normalized_TorusMDS_random_1x_scale2_comparison.csv,
0.34,0.34,euclidean,149,219,TorusMDS_random_1x_scale2,5.5613,1.015005341111983,0.9852164904910312,10000.0,max_iters,0.0118,0.1541241196989918,0.2159047653404536,0.1362915502972103,0.9351420565511638,0.975988758785094,6.543363,results/grg_normalized_TorusMDS_random_1x_scale2_comparison.csv,
0.4,0.4,toroidal,150,364,TorusMDS_random_1x_scale2,5.9269,0.9988884911645576,1.0011127456620774,10000.0,max_iters,0.0702,0.2629474968564099,0.3336989488199804,0.2246829376275678,0.7138071868685819,1.0,3.704399,results/grg_normalized_TorusMDS_random_1x_scale2_comparison.csv,
0.1,0.11,toroidal,151,200,TorusMDS_random_1x_scale2,5.7125,0.9892657217686388,1.010850753235612,10000.0,max_iters,0.0042,0.127385683210045,0.1415821159000499,0.100282217518027,0.9273965460276667,0.8862803328422519,14.294975,results/grg_normalized_TorusMDS_random_1x_scale2_comparison.csv,
0.16,0.192,euclidean,152,109,TorusMDS_random_1x_scale2,5.9732,1.003849736011531,0.9961650276197443,10000.0,max_iters,0.0017,0.0857353385431929,0.1359960183274222,0.0763954312064071,0.980144746595797,0.9437677574716492,18.726707,results/grg_normalized_TorusMDS_random_1x_scale2_comparison.csv,
0.16,0.16,euclidean,153,597,TorusMDS_random_1x_scale2,6.2137,1.247883598087557,0.8013567944418446,10000.0,max_iters,0.0627,0.1734151461924076,0.2142648704996709,0.1431600776055762,0.910880155831739,0.799766575076721,12.196528,results/grg_normalized_TorusMDS_random_1x_scale2_comparison.csv,
0.22,0.22,euclidean,154,106,TorusMDS_random_1x_scale2,6.0427,0.8544609214200047,1.1703285368956695,10000.0,max_iters,0.0018,0.1479477397236374,0.1972134663033634,0.1233780625998479,0.9355055186467826,0.8746621001129903,10.310676,results/grg_normalized_TorusMDS_random_1x_scale2_comparison.csv,
0.1,0.1,toroidal,155,822,TorusMDS_random_1x_scale2,6.2723,0.9991686359868756,1.000832055754335,10000.0,max_iters,0.1746,0.0722529472279054,0.1098518734952227,0.0625253955383418,0.9767899353159272,0.9356924415453824,12.62303,results/grg_normalized_TorusMDS_random_1x_scale2_comparison.csv,
0.28,0.28,toroidal,156,126,TorusMDS_random_1x_scale2,5.8782,1.006576473653808,0.9934664937777296,10000.0,max_iters,0.0034,0.1578653719629015,0.2067258098967078,0.1398650610323834,0.8846049910728611,0.9515060222642566,4.955647,results/grg_normalized_TorusMDS_random_1x_scale2_comparison.csv,
0.16,0.16,euclidean,157,551,TorusMDS_random_1x_scale2,6.2853,0.9973664957936436,1.002640457863246,10000.0,max_iters,0.051,0.0840025712529521,0.1389977168987813,0.0752744960551511,0.982884033364424,0.9537813534265795,13.839544,results/grg_normalized_TorusMDS_random_1x_scale2_comparison.csv,
0.28,0.28,euclidean,158,902,TorusMDS_random_1x_scale2,6.6248,1.0005432833810552,0.99945701161551,10000.0,max_iters,0.4739,0.1392369576865852,0.2059406771359283,0.1242612859129395,0.9507022964373478,0.9770285950013524,7.980658,results/grg_normalized_TorusMDS_random_1x_scale2_comparison.csv,
0.28,0.28,euclidean,159,110,TorusMDS_random_1x_scale2,5.8844,0.997405890038522,1.0026008568701932,10000.0,max_iters,0.0023,0.1167669154579423,0.1745645932737662,0.1048312882048507,0.963413594477723,0.9538093746863808,8.758638,results/grg_normalized_TorusMDS_random_1x_scale2_comparison.csv,
0.34,0.34,euclidean,160,169,TorusMDS_random_1x_scale2,5.6625,0.9843977799456072,1.0158495075590834,10000.0,max_iters,0.0062,0.1464247051474487,0.2080844460470958,0.1291890985303979,0.9393213332694108,0.9680138782453804,6.638192,results/grg_normalized_TorusMDS_random_1x_scale2_comparison.csv,
0.22,0.22,euclidean,161,126,TorusMDS_random_1x_scale2,6.1465,1.0141436155951489,0.9860536364104124,10000.0,max_iters,0.0024,0.0954700772112213,0.1506161835771084,0.0852131412182575,0.975749930824674,0.9462697365960224,19.701819,results/grg_normalized_TorusMDS_random_1x_scale2_comparison.csv,
0.16,0.16,euclidean,162,604,TorusMDS_random_1x_scale2,6.2552,0.8216968485345719,1.2169938363319963,10000.0,max_iters,0.0642,0.1547394202111383,0.2010318506547483,0.1232161156764328,0.9279878948661414,0.831850728415824,12.207675,results/grg_normalized_TorusMDS_random_1x_scale2_comparison.csv,
0.1,0.13,euclidean,163,218,TorusMDS_random_1x_scale2,5.6993,0.9957759597810616,1.0042419584219198,10000.0,max_iters,0.005,0.0803610622609398,0.121668132117509,0.0684626712764526,0.9843190492593872,0.9266622386639548,27.973099,results/grg_normalized_TorusMDS_random_1x_scale2_comparison.csv,
0.22,0.22,euclidean,164,731,TorusMDS_random_1x_scale2,6.3327,1.202590094533251,0.8315385304983073,10000.0,max_iters,0.2101,0.1924037219191511,0.2502362033694151,0.1599375746492098,0.88688376082895,0.8272386128266782,8.827875,results/grg_normalized_TorusMDS_random_1x_scale2_comparison.csv,
0.16,0.16,euclidean,165,100,TorusMDS_random_1x_scale2,6.0197,1.006402735189775,0.9936379990177912,10000.0,max_iters,0.0013,0.0954541130143622,0.1351723760995506,0.0802215145424096,0.9783670544020066,0.9200769169001524,35.312571,results/grg_normalized_TorusMDS_random_1x_scale2_comparison.csv,
0.34,0.34,euclidean,166,910,TorusMDS_random_1x_scale2,6.8308,0.9911888264167108,1.008889500515399,10000.0,max_iters,0.6221,0.1622707157266345,0.2311702645349122,0.1423502159965387,0.9321170425054396,0.978019899324994,6.347996,results/grg_normalized_TorusMDS_random_1x_scale2_comparison.csv,
0.4,0.4,euclidean,167,390,TorusMDS_random_1x_scale2,5.7834,0.9979417430814852,1.0020625020776857,10000.0,max_iters,0.0624,0.1995988523920739,0.2670939605996157,0.1756866974142504,0.8885018802488797,0.9641471614417568,32.548622,results/grg_normalized_TorusMDS_random_1x_scale2_comparison.csv,
0.22,0.22,euclidean,168,951,TorusMDS_random_1x_scale2,6.4312,0.9994851225389728,1.0005151426963907,10000.0,max_iters,0.4142,0.1046864551834752,0.1758967063008266,0.0938512435716169,0.9744582340507804,0.9746029256322716,9.770043,results/grg_normalized_TorusMDS_random_1x_scale2_comparison.csv,
0.22,0.22,toroidal,169,136,TorusMDS_random_1x_scale2,5.9938,1.0145184956221005,0.9856892745822264,10000.0,max_iters,0.0032,0.1252116419295293,0.1697445884371526,0.1080723040917581,0.925207417277809,0.9068642543396144,6.31555,results/grg_normalized_TorusMDS_random_1x_scale2_comparison.csv,
0.22,0.22,toroidal,170,441,TorusMDS_random_1x_scale2,6.0069,0.999462281046975,1.000538008250258,10000.0,max_iters,0.047,0.1368564873358702,0.1842912231720543,0.1201992708542323,0.9231392944699268,0.9495170328424424,5.948869,results/grg_normalized_TorusMDS_random_1x_scale2_comparison.csv,
0.22,0.22,euclidean,171,159,TorusMDS_random_1x_scale2,5.5485,1.0136348638810773,0.9865485448785069,10000.0,max_iters,0.0039,0.1000159010778067,0.1594221761975644,0.0899784513242404,0.9738521093182068,0.9563047873979412,11.702614,results/grg_normalized_TorusMDS_random_1x_scale2_comparison.csv,
0.34,0.34,euclidean,172,327,TorusMDS_random_1x_scale2,5.7284,1.00464325614218,0.995378204040298,10000.0,max_iters,0.0922,0.1585894232788001,0.2242405224251467,0.1393152798792672,0.9314983600526658,0.9759232678961888,6.397642,results/grg_normalized_TorusMDS_random_1x_scale2_comparison.csv,
0.1,0.1,euclidean,173,404,TorusMDS_random_1x_scale2,5.9091,0.99198612217485,1.00807861888993,10000.0,max_iters,0.0173,0.0631427162092194,0.1026072281692958,0.0546374013387588,0.9906864485008696,0.9089940614940611,26.120615,results/grg_normalized_TorusMDS_random_1x_scale2_comparison.csv,
0.28,0.28,euclidean,174,114,TorusMDS_random_1x_scale2,5.9972,1.0039033500115309,0.9961118268890268,10000.0,max_iters,0.0027,0.1249635706267229,0.1886705865429714,0.112050988890595,0.9583210937382686,0.9639500705197812,8.385847,results/grg_normalized_TorusMDS_random_1x_scale2_comparison.csv,
0.1,0.1,toroidal,175,426,TorusMDS_random_1x_scale2,5.9283,0.9991792247286096,1.0008214494968242,10000.0,max_iters,0.0211,0.0826570899649124,0.1091541897518161,0.0700087087281728,0.9675785384019538,0.896029287705758,13.669695,results/grg_normalized_TorusMDS_random_1x_scale2_comparison.csv,
0.22,0.22,euclidean,176,884,TorusMDS_random_1x_scale2,6.3628,1.0011867874772906,0.998814619317659,10000.0,max_iters,0.2842,0.1188501165987556,0.1844935899716837,0.1069498703904098,0.967387242816832,0.9695605705775546,9.959419,results/grg_normalized_TorusMDS_random_1x_scale2_comparison.csv,
0.4,0.4,euclidean,177,146,TorusMDS_random_1x_scale2,5.5767,0.9866836445987314,1.0134960739180836,10000.0,max_iters,0.006,0.1759810937623463,0.2427272762683547,0.1566465143349716,0.9141274836770826,0.9886526019835408,6.082997,results/grg_normalized_TorusMDS_random_1x_scale2_comparison.csv,
0.22,0.22,euclidean,178,977,TorusMDS_random_1x_scale2,6.6309,0.9983057186589546,1.0016971568021482,10000.0,max_iters,0.4406,0.1116161247148625,0.1767295827220995,0.1000096832664177,0.9707055485798504,0.9807303084852084,9.854352,results/grg_normalized_TorusMDS_random_1x_scale2_comparison.csv,
0.1,0.12,toroidal,179,117,TorusMDS_random_1x_scale2,5.9198,0.8199643739542354,1.2195651808352992,10000.0,max_iters,0.0015,0.1536202337638024,0.1790003945165346,0.1226432003744196,0.91265158767066,0.8342392693306004,19.904762,results/grg_normalized_TorusMDS_random_1x_scale2_comparison.csv,
0.34,0.34,euclidean,180,137,TorusMDS_random_1x_scale2,5.9183,1.0898936055206387,0.9175207515070272,10000.0,max_iters,0.0042,0.1747604267659679,0.2342332496840677,0.1483811106249254,0.9088361854376056,0.8879609559955837,6.383347,results/grg_normalized_TorusMDS_random_1x_scale2_comparison.csv,
0.22,0.22,euclidean,181,143,TorusMDS_random_1x_scale2,5.608,0.9895288520572408,1.0105819531396074,10000.0,max_iters,0.0033,0.1012495846127574,0.1598394790881087,0.0905060575573334,0.9729495830186004,0.9522010241285273,11.295987,results/grg_normalized_TorusMDS_random_1x_scale2_comparison.csv,
0.16,0.16,toroidal,182,196,TorusMDS_random_1x_scale2,5.6942,1.017173037298862,0.9831168968610636,10000.0,max_iters,0.0053,0.1020735661695303,0.1426344620951431,0.0872721750572448,0.953496952203165,0.9310017343199668,8.727062,results/grg_normalized_TorusMDS_random_1x_scale2_comparison.csv,
0.1,0.1,toroidal,183,355,TorusMDS_random_1x_scale2,5.797,1.002724225909595,0.9972831753345504,10000.0,max_iters,0.0138,0.0785691217868205,0.1106724093398968,0.0662696377129535,0.9712735028137816,0.8920268342768339,14.253623,results/grg_normalized_TorusMDS_random_1x_scale2_comparison.csv,
0.22,0.22,euclidean,184,106,TorusMDS_random_1x_scale2,6.0171,1.0241254515886986,0.9764428746973592,10000.0,max_iters,0.0017,0.1818622611427695,0.2234330519483089,0.1470527575879239,0.9034183199078188,0.8282761566551007,9.208545,results/grg_normalized_TorusMDS_random_1x_scale2_comparison.csv,
0.34,0.34,euclidean,185,690,TorusMDS_random_1x_scale2,6.5369,0.9986766667076712,1.001325086823838,10000.0,max_iters,0.3189,0.153535321182608,0.2171111132369433,0.134136868844246,0.93430883293287,0.9745852886872232,6.374451,results/grg_normalized_TorusMDS_random_1x_scale2_comparison.csv,
0.1,0.1,toroidal,186,300,TorusMDS_random_1x_scale2,5.7019,1.0014481606045498,0.9985539335319408,10000.0,max_iters,0.0094,0.1344676642176354,0.1349849426892125,0.0950248817693611,0.9273710670905636,0.9210327551236642,15.222368,results/grg_normalized_TorusMDS_random_1x_scale2_comparison.csv,
0.34,0.34,euclidean,187,843,TorusMDS_random_1x_scale2,6.6892,1.0005296128262873,0.9994706675149864,10000.0,max_iters,0.5083,0.1554729969745474,0.2235476198861625,0.1355549522229579,0.9337716995968428,0.9841381331069547,6.274797,results/grg_normalized_TorusMDS_random_1x_scale2_comparison.csv,
0.1,0.1,toroidal,188,550,TorusMDS_random_1x_scale2,6.1928,0.9975290027582482,1.002477118193977,10000.0,max_iters,0.0384,0.0757274161936855,0.1067370343661281,0.064765705481381,0.9734844912694468,0.9208755133755132,13.201472,results/grg_normalized_TorusMDS_random_1x_scale2_comparison.csv,
0.28,0.28,toroidal,189,178,TorusMDS_random_1x_scale2,5.663,1.0048830407284235,0.995140687492463,10000.0,max_iters,0.0679,0.1597911125541544,0.2066671568676479,0.14085071611565,0.8730365514962273,0.9668710766985136,4.858108,results/grg_normalized_TorusMDS_random_1x_scale2_comparison.csv,
0.34,0.34,toroidal,190,525,TorusMDS_random_1x_scale2,6.3218,0.9992236662010526,1.0007769369613702,10000.0,max_iters,0.1585,0.1895085902527104,0.2350507930568887,0.1633834519113663,0.8322480315320253,0.9987816519922558,4.123728,results/grg_normalized_TorusMDS_random_1x_scale2_comparison.csv,
0.34,0.34,toroidal,191,256,TorusMDS_random_1x_scale2,5.8054,0.979523436566486,1.020904618173599,10000.0,max_iters,0.0219,0.2478122698217648,0.3158244468649882,0.2095343770395195,0.7142263255099262,0.99183806420758,4.087993,results/grg_normalized_TorusMDS_random_1x_scale2_comparison.csv,
0.1,0.1,toroidal,192,563,TorusMDS_random_1x_scale2,6.2402,0.9944772472281737,1.005553422953838,10000.0,max_iters,0.0396,0.0730235787727912,0.1065192626973188,0.0630979214278167,0.97785692976943,0.9508604646986996,13.148458,results/grg_normalized_TorusMDS_random_1x_scale2_comparison.csv,
0.34,0.34,euclidean,193,271,TorusMDS_random_1x_scale2,5.8988,0.9906711127540596,1.0094167349040857,10000.0,max_iters,0.0198,0.1542785898067621,0.21410076717197,0.1352840325788558,0.9340251002323442,0.9698691632360192,6.537493,results/grg_normalized_TorusMDS_random_1x_scale2_comparison.csv,
0.4,0.4,euclidean,194,215,TorusMDS_random_1x_scale2,5.5532,1.000031204690239,0.9999687962834632,10000.0,max_iters,0.0721,0.1833981132113688,0.2499208563087978,0.1622492885225951,0.9052472259219188,0.9826801369323396,6.350524,results/grg_normalized_TorusMDS_random_1x_scale2_comparison.csv,
0.16,0.16,toroidal,195,638,TorusMDS_random_1x_scale2,6.4659,0.9437184759270608,1.0596380440868778,10000.0,max_iters,0.0821,0.1841357496422054,0.2424647644698215,0.1523201139009606,0.8211539253058324,0.6823270993035838,7.752781,results/grg_normalized_TorusMDS_random_1x_scale2_comparison.csv,
0.22,0.22,toroidal,196,186,TorusMDS_random_1x_scale2,5.642,0.994916637963038,1.0051093346346782,10000.0,max_iters,0.0064,0.1330451808285519,0.1810634027345353,0.1157978637871744,0.9265891935092488,0.9282066359316524,6.149684,results/grg_normalized_TorusMDS_random_1x_scale2_comparison.csv,
0.1,0.11,toroidal,197,142,TorusMDS_random_1x_scale2,5.6153,0.9478736380353104,1.0549929440729395,10000.0,max_iters,0.0019,0.2220940952711594,0.2158301442796427,0.1669431315469195,0.9214665228136836,0.7999798623332726,22.351399,results/grg_normalized_TorusMDS_random_1x_scale2_comparison.csv,
0.16,0.16,toroidal,198,733,TorusMDS_random_1x_scale2,6.3178,1.0002559853628756,0.9997440801488604,10000.0,max_iters,0.1144,0.1027761975001437,0.1474689033078574,0.0900410979233242,0.9553379663155228,0.9520467981398956,7.854553,results/grg_normalized_TorusMDS_random_1x_scale2_comparison.csv,
0.34,0.34,euclidean,199,636,TorusMDS_random_1x_scale2,6.4703,1.0003773098929267,0.999622832416134,10000.0,max_iters,0.269,0.1638905881504221,0.2301039718631451,0.1433573915311777,0.92695315198794,0.9831893397881648,6.322938,results/grg_normalized_TorusMDS_random_1x_scale2_comparison.csv,
