k,exp_idx,n,method,t_embed,r0_fit,r1_fit,n_iter,termination_reason,t_spd,stress,pointwise_stress,distortion,sgs,np_score,alpha,source_shard,theta_fit
6,0,433,TorusMDS,4.0753,,,2304.0,tolerance,0.0303,0.3468358808074315,0.3705786133883308,0.2772084194058573,0.2331669326897064,0.9222895142931388,4.56466,results/sbm_normalized_TorusMDS_comparison.csv,
3,1,109,TorusMDS,1.3656,,,3072.0,tolerance,0.0023,0.3164004586757385,0.3549746292130271,0.2603326342612636,0.4798048442309867,0.7815769431916668,4.945803,results/sbm_normalized_TorusMDS_comparison.csv,
6,2,650,TorusMDS,1.5201,,,3072.0,tolerance,0.1647,0.3464328759742734,0.3789195818029132,0.2734181616139266,0.2155608300045771,0.9807915893630176,4.456423,results/sbm_normalized_TorusMDS_comparison.csv,
8,3,404,TorusMDS,1.0785,,,2304.0,tolerance,0.0237,0.3587954893920502,0.3864105145594063,0.288446995273371,0.2201896912976524,0.8710127547658248,4.669941,results/sbm_normalized_TorusMDS_comparison.csv,
6,4,349,TorusMDS,1.0406,,,2304.0,tolerance,0.0175,0.3462235902240568,0.3785922686754949,0.2797824869611882,0.2780292476782046,0.8716888312971622,4.706519,results/sbm_normalized_TorusMDS_comparison.csv,
7,5,654,TorusMDS,1.1611,,,2304.0,tolerance,0.0799,0.3456163257628476,0.3736823331177397,0.2734851038033805,0.2221993861537259,0.968616567526729,4.509561,results/sbm_normalized_TorusMDS_comparison.csv,
6,6,720,TorusMDS,1.1818,,,2304.0,tolerance,0.1999,0.3424962186073846,0.3734924358753774,0.2699931975791365,0.2363312045574971,0.9868480725623582,4.448903,results/sbm_normalized_TorusMDS_comparison.csv,
8,7,536,TorusMDS,1.2124,,,2304.0,tolerance,0.0465,0.357706491290551,0.3883058604214337,0.2857530775978377,0.1724173587036653,0.9144720320180548,4.567559,results/sbm_normalized_TorusMDS_comparison.csv,
3,8,729,TorusMDS,1.6512,,,3328.0,tolerance,0.1449,0.3490392514260651,0.386263834751024,0.2762795940191819,0.2664057000284128,0.9995959595959596,4.348057,results/sbm_normalized_TorusMDS_comparison.csv,
5,9,199,TorusMDS,1.2883,,,2944.0,tolerance,0.0051,0.3389551236161764,0.371303808664075,0.2778753623640616,0.3551188115155591,0.7568014659846797,4.961514,results/sbm_normalized_TorusMDS_comparison.csv,
3,10,106,TorusMDS,1.0047,,,2304.0,tolerance,0.0015,0.3186478461675751,0.3584154723436015,0.2627569409124167,0.4802332856442293,0.7676882008273792,4.980634,results/sbm_normalized_TorusMDS_comparison.csv,
6,11,468,TorusMDS,1.0811,,,2304.0,tolerance,0.0353,0.3417164775039311,0.3730890905291491,0.2708629998380105,0.2529052689767903,0.9469396069893116,4.517113,results/sbm_normalized_TorusMDS_comparison.csv,
7,12,412,TorusMDS,1.0762,,,2304.0,tolerance,0.0248,0.3549460869548259,0.3810150776790627,0.2848231757581382,0.2100008617066417,0.8868303353657315,4.639776,results/sbm_normalized_TorusMDS_comparison.csv,
7,13,993,TorusMDS,1.4141,,,2304.0,tolerance,0.3476,0.349743227823415,0.3857368327053603,0.275848545241052,0.1730809040685914,0.9963574520717376,4.410038,results/sbm_normalized_TorusMDS_comparison.csv,
8,14,484,TorusMDS,1.0943,,,2304.0,tolerance,0.0361,0.3543920596386366,0.3821952341975668,0.2850846035474737,0.1937903545160558,0.9040712790141824,4.580154,results/sbm_normalized_TorusMDS_comparison.csv,
7,15,488,TorusMDS,1.1112,,,2304.0,tolerance,0.0376,0.354085284693369,0.3828560288053051,0.2833487954875777,0.2051040597686884,0.9235491467569495,4.580699,results/sbm_normalized_TorusMDS_comparison.csv,
6,16,136,TorusMDS,1.472,,,3328.0,tolerance,0.0021,0.3258451119529985,0.3678364315335142,0.2663426469478041,0.4195725013265431,0.5742581676724126,5.578417,results/sbm_normalized_TorusMDS_comparison.csv,
5,17,335,TorusMDS,1.0405,,,2304.0,tolerance,0.0166,0.3381700151804668,0.3681403631743536,0.2693942039869257,0.299330764715648,0.9126969049653268,4.570815,results/sbm_normalized_TorusMDS_comparison.csv,
7,18,306,TorusMDS,1.1624,,,2432.0,tolerance,0.0125,0.3594736197495835,0.3905386435716055,0.2926438022257751,0.2446975497992779,0.821697186243975,4.736471,results/sbm_normalized_TorusMDS_comparison.csv,
6,19,859,TorusMDS,1.2605,,,2304.0,tolerance,0.2678,0.3466981447079174,0.3851068645547957,0.2727362007008654,0.1904345611843528,0.9967676767676766,4.429877,results/sbm_normalized_TorusMDS_comparison.csv,
4,20,372,TorusMDS,1.3538,,,2944.0,tolerance,0.0228,0.3384858625477482,0.3649747009304116,0.2680890034353942,0.2905155330829476,0.9612462729546668,4.465895,results/sbm_normalized_TorusMDS_comparison.csv,
6,21,392,TorusMDS,1.0604,,,2304.0,tolerance,0.0227,0.3425567091052464,0.3729102419477668,0.2741052430459647,0.2727116236296942,0.9045370391964668,4.577297,results/sbm_normalized_TorusMDS_comparison.csv,
4,22,246,TorusMDS,1.0356,,,2304.0,tolerance,0.0085,0.3360094998351332,0.3695475366527191,0.2719170605654522,0.3345636463640848,0.8769912451081749,4.631658,results/sbm_normalized_TorusMDS_comparison.csv,
7,23,168,TorusMDS,1.3968,,,3200.0,tolerance,0.0032,0.3439085148154199,0.3796172085541733,0.2827328019776943,0.3403496071087288,0.6255705183730449,5.279124,results/sbm_normalized_TorusMDS_comparison.csv,
5,24,121,TorusMDS,1.0049,,,2304.0,tolerance,0.0018,0.3235453179575824,0.3667832294430717,0.2656315769050959,0.4422794804679009,0.6848787895459573,5.223559,results/sbm_normalized_TorusMDS_comparison.csv,
4,25,612,TorusMDS,1.2381,,,2432.0,tolerance,0.0791,0.3426119055904977,0.3764944770775792,0.2707908382904111,0.2561554804672074,0.9983838383838384,4.388059,results/sbm_normalized_TorusMDS_comparison.csv,
3,26,752,TorusMDS,1.4272,,,2560.0,tolerance,0.1557,0.3439741139152099,0.3843855461664504,0.2691620579328592,0.2576082795620347,0.998989898989899,4.430102,results/sbm_normalized_TorusMDS_comparison.csv,
6,27,216,TorusMDS,1.0188,,,2304.0,tolerance,0.0058,0.3365942712533016,0.3749199394807647,0.2786424424399939,0.3714869509086621,0.6959705511168065,5.144712,results/sbm_normalized_TorusMDS_comparison.csv,
8,28,282,TorusMDS,1.0631,,,2304.0,tolerance,0.0103,0.3588410324293529,0.3850602169343732,0.2925325005220095,0.2579626741321923,0.7370454187110173,4.921156,results/sbm_normalized_TorusMDS_comparison.csv,
7,29,170,TorusMDS,1.0648,,,2432.0,tolerance,0.0032,0.3409418029129505,0.3806510301910479,0.2804913831630231,0.3558979666171457,0.6086790275886989,5.363938,results/sbm_normalized_TorusMDS_comparison.csv,
8,30,253,TorusMDS,1.063,,,2304.0,tolerance,0.008,0.3603121590219497,0.3934412795188456,0.2940879132247618,0.2603464473940564,0.7158705288723834,5.023544,results/sbm_normalized_TorusMDS_comparison.csv,
6,31,123,TorusMDS,1.0103,,,2304.0,tolerance,0.0019,0.3330981368675318,0.3793550444935638,0.2741041709811828,0.400000822706052,0.615407242092229,5.411297,results/sbm_normalized_TorusMDS_comparison.csv,
8,32,198,TorusMDS,1.188,,,2688.0,tolerance,0.0046,0.3454920559578586,0.3826737201966446,0.2835993313683141,0.3378201414650302,0.6246068845276375,5.287416,results/sbm_normalized_TorusMDS_comparison.csv,
7,33,158,TorusMDS,0.9911,,,2304.0,tolerance,0.0031,0.3245020220115908,0.3636039278285513,0.2658481530770618,0.4230166946388481,0.5892538398483227,5.520979,results/sbm_normalized_TorusMDS_comparison.csv,
6,34,231,TorusMDS,1.0408,,,2304.0,tolerance,0.0067,0.342089271332539,0.3720888151178165,0.2796284674374173,0.3186540980773915,0.7548922271529034,4.921699,results/sbm_normalized_TorusMDS_comparison.csv,
7,35,425,TorusMDS,1.0812,,,2304.0,tolerance,0.0268,0.355722623787494,0.3785313138214244,0.2844063825251425,0.2412104091519307,0.9029129395550342,4.63167,results/sbm_normalized_TorusMDS_comparison.csv,
5,36,275,TorusMDS,1.0446,,,2304.0,tolerance,0.0102,0.341151366736314,0.3695414851820921,0.2775939237971216,0.3303181228656873,0.8493002254637809,4.739229,results/sbm_normalized_TorusMDS_comparison.csv,
3,37,316,TorusMDS,1.3479,,,2816.0,tolerance,0.0165,0.3412558819529843,0.3701882991210551,0.2721980545465814,0.2974122409009743,0.9697932153961236,4.463273,results/sbm_normalized_TorusMDS_comparison.csv,
5,38,417,TorusMDS,1.2192,,,2560.0,tolerance,0.0277,0.3382306106039371,0.3645658665493208,0.2692263222274919,0.2852023297437435,0.9280403858780182,4.552539,results/sbm_normalized_TorusMDS_comparison.csv,
3,39,889,TorusMDS,1.3184,,,2304.0,tolerance,0.3381,0.344899897435368,0.3866536717417449,0.2727345344950673,0.2494865031922258,1.0,4.40203,results/sbm_normalized_TorusMDS_comparison.csv,
5,40,572,TorusMDS,1.2391,,,2304.0,tolerance,0.0614,0.3332184100070308,0.361542771522043,0.2606286485010728,0.2880639784244179,0.9833867605148896,4.466537,results/sbm_normalized_TorusMDS_comparison.csv,
4,41,338,TorusMDS,1.0568,,,2304.0,tolerance,0.0177,0.336266904396962,0.3617125074307021,0.265611214833958,0.3186524179968731,0.9355557968259992,4.52194,results/sbm_normalized_TorusMDS_comparison.csv,
4,42,259,TorusMDS,1.1646,,,2560.0,tolerance,0.0094,0.3349318327007962,0.364976364125737,0.2707358808254824,0.3451402154682583,0.8883733259448531,4.622202,results/sbm_normalized_TorusMDS_comparison.csv,
8,43,514,TorusMDS,1.5384,,,3200.0,tolerance,0.0415,0.3526652813110167,0.379873119325543,0.2818950114943014,0.1836595826911939,0.925024974922802,4.568847,results/sbm_normalized_TorusMDS_comparison.csv,
3,44,130,TorusMDS,1.0254,,,2304.0,tolerance,0.0023,0.3217494974581287,0.3603489915152462,0.2644698830089902,0.4499791561529046,0.7985127660763943,4.859715,results/sbm_normalized_TorusMDS_comparison.csv,
7,45,846,TorusMDS,1.3309,,,2304.0,tolerance,0.1583,0.3464226126788758,0.3774824539167052,0.2727169839523084,0.1968005811397647,0.9852484023912592,4.469966,results/sbm_normalized_TorusMDS_comparison.csv,
3,46,103,TorusMDS,1.0183,,,2304.0,tolerance,0.0015,0.3142714521623775,0.3543481545569659,0.2593111871137784,0.4800792244059732,0.7750537177820519,4.971437,results/sbm_normalized_TorusMDS_comparison.csv,
7,47,957,TorusMDS,1.3885,,,2304.0,tolerance,0.3337,0.3539237267881348,0.392041132619972,0.2796307746986468,0.1571144069106613,0.991919191919192,4.434248,results/sbm_normalized_TorusMDS_comparison.csv,
6,48,140,TorusMDS,1.0313,,,2304.0,tolerance,0.0024,0.3352771928163758,0.3793399224405926,0.2798193917669468,0.3719546147800719,0.6284000953165856,5.284532,results/sbm_normalized_TorusMDS_comparison.csv,
5,49,776,TorusMDS,1.2268,,,2304.0,tolerance,0.1392,0.3452979799963758,0.3796697907596577,0.2702654006153052,0.2334358349758658,0.9947474747474746,4.423837,results/sbm_normalized_TorusMDS_comparison.csv,
4,50,301,TorusMDS,1.155,,,2432.0,tolerance,0.0135,0.3353409047089989,0.3639715250528158,0.2688152964510321,0.3385994775963618,0.9184072333874832,4.547286,results/sbm_normalized_TorusMDS_comparison.csv,
3,51,633,TorusMDS,1.3406,,,2560.0,tolerance,0.0983,0.3462051766180178,0.3847882012789861,0.2696869852728545,0.2704624116048174,0.9991919191919192,4.379258,results/sbm_normalized_TorusMDS_comparison.csv,
5,52,184,TorusMDS,1.6092,,,3712.0,tolerance,0.0041,0.333758534670581,0.3726720538597989,0.2747315471967644,0.3917461774725059,0.7584538250664827,4.973903,results/sbm_normalized_TorusMDS_comparison.csv,
3,53,277,TorusMDS,1.2417,,,2688.0,tolerance,0.012,0.3349796206270058,0.3629827351032639,0.2655959969978406,0.342715751832705,0.9506440063724074,4.473268,results/sbm_normalized_TorusMDS_comparison.csv,
7,54,109,TorusMDS,1.0331,,,2304.0,tolerance,0.0014,0.3301351467516194,0.37407617181534,0.2686118766912365,0.4194063478564178,0.5685378134515594,5.592544,results/sbm_normalized_TorusMDS_comparison.csv,
6,55,411,TorusMDS,1.0875,,,2304.0,tolerance,0.1348,0.3449165884506178,0.3712435821162982,0.2759552681355899,0.2685646474206714,0.920651216837186,4.541023,results/sbm_normalized_TorusMDS_comparison.csv,
4,56,523,TorusMDS,1.3752,,,2816.0,tolerance,0.0527,0.3418711396664655,0.3716398804612595,0.2687830224073423,0.2799155410815964,0.9864605236033804,4.437433,results/sbm_normalized_TorusMDS_comparison.csv,
3,57,572,TorusMDS,1.2272,,,2432.0,tolerance,0.0754,0.3411416192161247,0.3812044777768826,0.2664234438044794,0.2569852428359606,0.9983838383838384,4.417475,results/sbm_normalized_TorusMDS_comparison.csv,
4,58,849,TorusMDS,1.3721,,,2304.0,tolerance,0.2909,0.3435974539772208,0.3806879994879235,0.2692329877295446,0.23390709046028,1.0,4.38508,results/sbm_normalized_TorusMDS_comparison.csv,
6,59,693,TorusMDS,1.1778,,,2304.0,tolerance,0.0962,0.348519891971177,0.3761441708150954,0.2763959727455322,0.212853703723912,0.9846257228289628,4.466452,results/sbm_normalized_TorusMDS_comparison.csv,
4,60,220,TorusMDS,1.0234,,,2304.0,tolerance,0.0066,0.3334049109365974,0.3685038148722906,0.2733022814397414,0.3629764945206463,0.8432138581129216,4.726684,results/sbm_normalized_TorusMDS_comparison.csv,
3,61,924,TorusMDS,1.4437,,,2304.0,tolerance,0.3741,0.3489433873368074,0.3971585011278333,0.2759065631667255,0.2239386020481061,1.0,4.331257,results/sbm_normalized_TorusMDS_comparison.csv,
4,62,181,TorusMDS,1.0119,,,2304.0,tolerance,0.0042,0.3248874110126663,0.3578245522756867,0.267613701752973,0.4149365561233623,0.8041420590027084,4.85403,results/sbm_normalized_TorusMDS_comparison.csv,
4,63,772,TorusMDS,1.2192,,,2304.0,tolerance,0.1474,0.3429756853817124,0.3752883348342708,0.2687517377202094,0.2454191335021799,0.9983838383838384,4.387463,results/sbm_normalized_TorusMDS_comparison.csv,
7,64,133,TorusMDS,1.4857,,,3328.0,tolerance,0.002,0.3312328052845119,0.37266749085536,0.2717949694594722,0.3936615328117878,0.5407338630627033,5.615895,results/sbm_normalized_TorusMDS_comparison.csv,
8,65,385,TorusMDS,1.5151,,,3328.0,tolerance,0.0208,0.3622904465015262,0.3907429497474693,0.2928007428715315,0.2067727519853907,0.842394384027787,4.734461,results/sbm_normalized_TorusMDS_comparison.csv,
3,66,645,TorusMDS,1.4612,,,2944.0,tolerance,0.1037,0.3417888626150676,0.3814246637145356,0.2679892348010252,0.2473654659058788,0.9983838383838384,4.446922,results/sbm_normalized_TorusMDS_comparison.csv,
5,67,194,TorusMDS,1.1055,,,2560.0,tolerance,0.0047,0.3363757986671159,0.3733622143503512,0.2785115466964712,0.3668376945075019,0.7659834349318112,4.924222,results/sbm_normalized_TorusMDS_comparison.csv,
7,68,657,TorusMDS,1.2309,,,2304.0,tolerance,0.1935,0.3521370382886654,0.3813019437097636,0.2787367727577674,0.1879141941898858,0.96802708337318,4.512434,results/sbm_normalized_TorusMDS_comparison.csv,
6,69,910,TorusMDS,1.2678,,,2304.0,tolerance,0.2021,0.3520022530743673,0.3902058266132359,0.2797689491039941,0.1652768038586505,0.9943434343434342,4.435807,results/sbm_normalized_TorusMDS_comparison.csv,
4,70,356,TorusMDS,1.1597,,,2560.0,tolerance,0.0199,0.3470890975508549,0.3755343660659154,0.2779321366835083,0.2953061732931589,0.9395155256865246,4.542252,results/sbm_normalized_TorusMDS_comparison.csv,
8,71,705,TorusMDS,1.1633,,,2304.0,tolerance,0.195,0.3623214340107663,0.3923352460238998,0.2879637828675621,0.1805049565788066,0.9567037724180574,4.4833,results/sbm_normalized_TorusMDS_comparison.csv,
3,72,254,TorusMDS,1.0434,,,2304.0,tolerance,0.01,0.3429725308067519,0.3752635692786123,0.2755679047485537,0.3111298445591847,0.9291335921816706,4.505573,results/sbm_normalized_TorusMDS_comparison.csv,
6,73,110,TorusMDS,1.0262,,,2304.0,tolerance,0.0014,0.3249026967614382,0.3665749679070832,0.2673099933576942,0.4339761434901308,0.5833108738259274,5.54162,results/sbm_normalized_TorusMDS_comparison.csv,
8,74,260,TorusMDS,1.0663,,,2304.0,tolerance,0.0082,0.3622277018836835,0.3977648025010122,0.2990322747437195,0.2428238720809565,0.7085835604340572,4.976191,results/sbm_normalized_TorusMDS_comparison.csv,
3,75,102,TorusMDS,0.9936,,,2304.0,tolerance,0.0014,0.2993309455251899,0.3475376690152642,0.2479677416274629,0.5512924578472199,0.7266603379611588,5.238769,results/sbm_normalized_TorusMDS_comparison.csv,
4,76,119,TorusMDS,1.2907,,,2944.0,tolerance,0.0017,0.320198078993997,0.3641180233099195,0.2646740186297968,0.4514099890565353,0.6605306665270841,5.310457,results/sbm_normalized_TorusMDS_comparison.csv,
8,77,187,TorusMDS,1.1307,,,2560.0,tolerance,0.004,0.3474156770460692,0.3831021824411943,0.2861183827979505,0.3368795656326769,0.6255863556346466,5.318651,results/sbm_normalized_TorusMDS_comparison.csv,
7,78,878,TorusMDS,1.6024,,,3072.0,tolerance,0.1759,0.3471342628775428,0.3788587465633219,0.2727746218077899,0.1962396509490021,0.989482580911152,4.476383,results/sbm_normalized_TorusMDS_comparison.csv,
5,79,732,TorusMDS,1.2864,,,2304.0,tolerance,0.1201,0.3414209685427554,0.3735428839456238,0.2691877802285776,0.2599400470426579,0.9953514739229024,4.412895,results/sbm_normalized_TorusMDS_comparison.csv,
5,80,240,TorusMDS,1.0547,,,2304.0,tolerance,0.0078,0.3411701132802435,0.3711611689848123,0.2769922379737481,0.337214512460718,0.8240638959417894,4.807719,results/sbm_normalized_TorusMDS_comparison.csv,
5,81,308,TorusMDS,1.2747,,,2688.0,tolerance,0.0138,0.3352750749132591,0.3658789334851449,0.2692123696641477,0.3240628754136495,0.8810671104670618,4.7022,results/sbm_normalized_TorusMDS_comparison.csv,
3,82,596,TorusMDS,1.6098,,,3200.0,tolerance,0.0844,0.3489185725553809,0.3857761279501729,0.2744254783181463,0.2618223238383023,0.996967635539064,4.340884,results/sbm_normalized_TorusMDS_comparison.csv,
6,83,186,TorusMDS,1.0039,,,2304.0,tolerance,0.0041,0.3446340256152793,0.3835078101217967,0.284684016818127,0.3337098033343227,0.6705508301118686,5.140857,results/sbm_normalized_TorusMDS_comparison.csv,
3,84,760,TorusMDS,1.257,,,2304.0,tolerance,0.1592,0.3486707103729039,0.3825013907598887,0.2719238688304609,0.2859150142780627,1.0,4.34475,results/sbm_normalized_TorusMDS_comparison.csv,
6,85,220,TorusMDS,1.4744,,,3328.0,tolerance,0.006,0.3432088006647092,0.3743135813792115,0.2828054337731336,0.3201209347615327,0.7491063346502408,4.92876,results/sbm_normalized_TorusMDS_comparison.csv,
3,86,206,TorusMDS,1.0378,,,2304.0,tolerance,0.0061,0.3368024995135391,0.3680843051753973,0.2736782660872573,0.3941033299167781,0.8701851914618155,4.678327,results/sbm_normalized_TorusMDS_comparison.csv,
4,87,758,TorusMDS,1.3221,,,2304.0,tolerance,0.2367,0.3446749367906812,0.3769442176425283,0.270316653878963,0.2467668802606979,0.9983838383838384,4.393686,results/sbm_normalized_TorusMDS_comparison.csv,
6,88,465,TorusMDS,1.4903,,,3200.0,tolerance,0.0348,0.3441144122995703,0.3689388336655957,0.2743981808520794,0.2617548966480548,0.9370656729908649,4.554556,results/sbm_normalized_TorusMDS_comparison.csv,
8,89,842,TorusMDS,1.3261,,,2304.0,tolerance,0.1506,0.3507813650927536,0.3816978063965624,0.2772803960541324,0.1686732378957638,0.9858234140266536,4.48014,results/sbm_normalized_TorusMDS_comparison.csv,
8,90,725,TorusMDS,1.1759,,,2304.0,tolerance,0.2038,0.3595584205856708,0.3930186223870862,0.2856067204285173,0.1306409105134484,0.9679782410012616,4.46324,results/sbm_normalized_TorusMDS_comparison.csv,
3,91,138,TorusMDS,1.2092,,,2688.0,tolerance,0.0026,0.3216094752074806,0.3596447539165018,0.2644290349897623,0.4509841353248574,0.8119175150443487,4.830911,results/sbm_normalized_TorusMDS_comparison.csv,
7,92,518,TorusMDS,1.4001,,,2816.0,tolerance,0.0441,0.3472018694446369,0.3784432585454941,0.2777660207309373,0.2378664789130396,0.9471951384218622,4.540422,results/sbm_normalized_TorusMDS_comparison.csv,
8,93,248,TorusMDS,1.3294,,,2944.0,tolerance,0.0074,0.3539102580098163,0.3877190879212797,0.2893001055373903,0.2847213205710064,0.7248850957673298,5.00947,results/sbm_normalized_TorusMDS_comparison.csv,
7,94,364,TorusMDS,1.1241,,,2432.0,tolerance,0.0192,0.3487848782542018,0.3776747930904455,0.280504844546207,0.2397259440218553,0.8680055107119717,4.663888,results/sbm_normalized_TorusMDS_comparison.csv,
7,95,156,TorusMDS,0.9994,,,2304.0,tolerance,0.0028,0.3410741765607953,0.3867618775027477,0.2808297889872553,0.3532199703852443,0.5967797124461087,5.399142,results/sbm_normalized_TorusMDS_comparison.csv,
4,96,333,TorusMDS,1.0304,,,2304.0,tolerance,0.0174,0.340133654315836,0.3681185669687784,0.2678497056582118,0.2947114512385156,0.9461184849480324,4.485027,results/sbm_normalized_TorusMDS_comparison.csv,
3,97,959,TorusMDS,1.5264,,,2304.0,tolerance,0.4158,0.3504039441565336,0.3915999629944285,0.275383910327316,0.2369098868374478,1.0,4.360563,results/sbm_normalized_TorusMDS_comparison.csv,
6,98,101,TorusMDS,1.0106,,,2304.0,tolerance,0.0022,0.3247195021796937,0.3654246635538554,0.2656170614609275,0.4423244268695031,0.5730034365986024,5.603668,results/sbm_normalized_TorusMDS_comparison.csv,
6,99,951,TorusMDS,1.3624,,,2304.0,tolerance,0.2277,0.3435601469550729,0.3793724596035536,0.270634578554371,0.1938355882902951,0.995151515151515,4.459109,results/sbm_normalized_TorusMDS_comparison.csv,
7,100,208,TorusMDS,1.2031,,,2688.0,tolerance,0.005,0.3482314412409196,0.3833000814322643,0.2882983250295921,0.3252406171254407,0.6710729705389932,5.154876,results/sbm_normalized_TorusMDS_comparison.csv,
6,101,470,TorusMDS,1.3889,,,2944.0,tolerance,0.0355,0.3443920308855723,0.372487044263023,0.2729131972121622,0.2451980840575627,0.9466723834175962,4.546455,results/sbm_normalized_TorusMDS_comparison.csv,
8,102,378,TorusMDS,1.071,,,2304.0,tolerance,0.0198,0.359174464739216,0.3903221291883311,0.2900210071093041,0.211807932715321,0.8502290538231507,4.671493,results/sbm_normalized_TorusMDS_comparison.csv,
3,103,917,TorusMDS,1.457,,,2304.0,tolerance,0.378,0.3540252192765958,0.3976950701863148,0.2813968067058788,0.2405925261294514,1.0,4.379926,results/sbm_normalized_TorusMDS_comparison.csv,
6,104,316,TorusMDS,1.3452,,,2816.0,tolerance,0.0144,0.3426846085499669,0.3736779893823357,0.2771843824758896,0.3098893051482059,0.8562677564183919,4.683345,results/sbm_normalized_TorusMDS_comparison.csv,
7,105,150,TorusMDS,0.9848,,,2304.0,tolerance,0.0027,0.3442185918321619,0.384451187774915,0.283981589039701,0.347829214978286,0.5901350472111102,5.380211,results/sbm_normalized_TorusMDS_comparison.csv,
7,106,115,TorusMDS,1.1402,,,2560.0,tolerance,0.0016,0.3312417664506644,0.3763420116682264,0.2707698359989963,0.4144059424277901,0.5448362489073794,5.694808,results/sbm_normalized_TorusMDS_comparison.csv,
4,107,122,TorusMDS,1.0262,,,2304.0,tolerance,0.002,0.3178140699772959,0.3575231391371599,0.2634495549631919,0.4583292314730701,0.6928208453160144,5.183453,results/sbm_normalized_TorusMDS_comparison.csv,
4,108,747,TorusMDS,1.3411,,,2304.0,tolerance,0.137,0.3364661510646796,0.3679078926439569,0.2644635350974719,0.251283871654361,0.9995959595959596,4.449165,results/sbm_normalized_TorusMDS_comparison.csv,
3,109,817,TorusMDS,1.3728,,,2304.0,tolerance,0.2969,0.3557136996975236,0.3966730832353708,0.2797328146251414,0.2452030431085756,1.0,4.346785,results/sbm_normalized_TorusMDS_comparison.csv,
4,110,822,TorusMDS,1.6068,,,3072.0,tolerance,0.1758,0.34358818087957,0.3801207853814098,0.2700748924644651,0.246740325077984,0.9991919191919192,4.397537,results/sbm_normalized_TorusMDS_comparison.csv,
3,111,118,TorusMDS,1.4109,,,3200.0,tolerance,0.002,0.3183414744314381,0.3610546832472402,0.2636800830381939,0.4708305970588268,0.783221526253829,4.942406,results/sbm_normalized_TorusMDS_comparison.csv,
7,112,739,TorusMDS,1.2632,,,2432.0,tolerance,0.2087,0.3481279899452873,0.3781053484591245,0.2748609435473546,0.1869070663146961,0.9830220573077714,4.463297,results/sbm_normalized_TorusMDS_comparison.csv,
3,113,313,TorusMDS,1.2306,,,2560.0,tolerance,0.0167,0.3391388616860013,0.3703391134486759,0.2708240996254571,0.2949372175793438,0.9610109231915192,4.475535,results/sbm_normalized_TorusMDS_comparison.csv,
5,114,471,TorusMDS,1.108,,,2304.0,tolerance,0.0382,0.3406015142667499,0.3673662088046991,0.2679017833858768,0.2667344905983648,0.9575538681576968,4.495025,results/sbm_normalized_TorusMDS_comparison.csv,
3,115,513,TorusMDS,1.3103,,,2432.0,tolerance,0.0564,0.351182551171551,0.3835706867520359,0.2753405674143511,0.287524838820393,0.9935312306740878,4.368044,results/sbm_normalized_TorusMDS_comparison.csv,
7,116,321,TorusMDS,1.4823,,,3328.0,tolerance,0.0142,0.3526237459364562,0.3785860499852148,0.2845654427576197,0.2576766992215894,0.8125513939322743,4.772948,results/sbm_normalized_TorusMDS_comparison.csv,
3,117,123,TorusMDS,1.3493,,,3072.0,tolerance,0.0022,0.3253591950236615,0.3610475208365961,0.2667665191045631,0.4347470123684585,0.7951029449152798,4.886298,results/sbm_normalized_TorusMDS_comparison.csv,
7,118,157,TorusMDS,1.0099,,,2304.0,tolerance,0.0031,0.3345320821440377,0.374656519777746,0.2755042416718578,0.3833176444740616,0.6573032478677099,5.233142,results/sbm_normalized_TorusMDS_comparison.csv,
6,119,308,TorusMDS,1.5838,,,3328.0,tolerance,0.0132,0.339321449187203,0.3694799963584126,0.2716391617974161,0.3093716739054333,0.8661924154787094,4.673347,results/sbm_normalized_TorusMDS_comparison.csv,
4,120,152,TorusMDS,0.9891,,,2304.0,tolerance,0.0029,0.3226645349832742,0.3607676412396128,0.2677134922572831,0.4279135313534561,0.733043567705986,5.044683,results/sbm_normalized_TorusMDS_comparison.csv,
6,121,632,TorusMDS,1.3263,,,2560.0,tolerance,0.1785,0.3408197071128034,0.375154706460678,0.2683660335302781,0.2570726995811847,0.9836218047825186,4.465521,results/sbm_normalized_TorusMDS_comparison.csv,
5,122,650,TorusMDS,1.2752,,,2304.0,tolerance,0.0882,0.3395501386129478,0.3722896738780963,0.2661235686768608,0.2537864669594356,0.989688723974438,4.44613,results/sbm_normalized_TorusMDS_comparison.csv,
5,123,451,TorusMDS,1.1141,,,2304.0,tolerance,0.0338,0.3397463689354714,0.367980436030982,0.2672701611735974,0.2860109800950146,0.9558977171780922,4.485714,results/sbm_normalized_TorusMDS_comparison.csv,
6,124,116,TorusMDS,1.2712,,,2816.0,tolerance,0.0017,0.3160811919235012,0.3635930796191489,0.2609228334789032,0.4577074163885431,0.5680195688826942,5.698352,results/sbm_normalized_TorusMDS_comparison.csv,
6,125,240,TorusMDS,1.4006,,,3072.0,tolerance,0.0075,0.3501119340721818,0.3777395953080102,0.2869179272982626,0.2886827997094415,0.7806371123904953,4.825735,results/sbm_normalized_TorusMDS_comparison.csv,
5,126,986,TorusMDS,1.4414,,,2304.0,tolerance,0.3676,0.3415162846711337,0.3749589666739956,0.2682818612193059,0.2242106066763634,0.9995959595959596,4.489327,results/sbm_normalized_TorusMDS_comparison.csv,
3,127,305,TorusMDS,1.2556,,,2560.0,tolerance,0.0156,0.3412144602489725,0.3735233471099338,0.2690060104174206,0.3084234352735864,0.9644933662312156,4.443782,results/sbm_normalized_TorusMDS_comparison.csv,
8,128,754,TorusMDS,1.2861,,,2304.0,tolerance,0.1123,0.3560319327903491,0.3865443943224583,0.282967533633138,0.1803822101118554,0.9749433106575958,4.475415,results/sbm_normalized_TorusMDS_comparison.csv,
4,129,510,TorusMDS,1.1262,,,2304.0,tolerance,0.0491,0.342179740714421,0.3721932029370261,0.2682945054277518,0.2621730672533444,0.9876705833848688,4.442717,results/sbm_normalized_TorusMDS_comparison.csv,
7,130,629,TorusMDS,1.3348,,,2560.0,tolerance,0.0722,0.348984001842932,0.3793905365657092,0.2744437050066351,0.1981705249157582,0.966761109942258,4.497836,results/sbm_normalized_TorusMDS_comparison.csv,
7,131,626,TorusMDS,1.1932,,,2304.0,tolerance,0.0708,0.3472452492335217,0.3781054862248679,0.2750636515007613,0.2088255297013145,0.967429138321995,4.483139,results/sbm_normalized_TorusMDS_comparison.csv,
7,132,230,TorusMDS,1.0889,,,2432.0,tolerance,0.0065,0.3477939594970594,0.3789295586562789,0.286093501453531,0.3206485384423906,0.7251294784654276,5.030068,results/sbm_normalized_TorusMDS_comparison.csv,
6,133,347,TorusMDS,1.0597,,,2304.0,tolerance,0.0173,0.3494100686909464,0.3803805852109194,0.2809564952363141,0.2690905863805319,0.8849833390489888,4.635896,results/sbm_normalized_TorusMDS_comparison.csv,
4,134,255,TorusMDS,1.0464,,,2304.0,tolerance,0.0094,0.3360013203737836,0.3687237816781604,0.2713639170642788,0.3493869492785593,0.8937324335885858,4.603898,results/sbm_normalized_TorusMDS_comparison.csv,
4,135,555,TorusMDS,1.1529,,,2304.0,tolerance,0.0616,0.3407507151375085,0.3717799646301694,0.2655342982039131,0.2787790016620391,0.9870582534794607,4.427292,results/sbm_normalized_TorusMDS_comparison.csv,
5,136,137,TorusMDS,1.0216,,,2304.0,tolerance,0.0023,0.3261602122061404,0.3671743540807829,0.2702270617019806,0.4240431489709772,0.6499223002065128,5.305743,results/sbm_normalized_TorusMDS_comparison.csv,
3,137,662,TorusMDS,1.3313,,,2432.0,tolerance,0.1129,0.3487778856640616,0.3858419910778813,0.2751633869564714,0.2561266877828821,0.9987878787878788,4.408634,results/sbm_normalized_TorusMDS_comparison.csv,
3,138,697,TorusMDS,1.6077,,,2944.0,tolerance,0.1294,0.347910956693317,0.3881453917482775,0.2750737597131031,0.2530360314574616,0.9991919191919192,4.34697,results/sbm_normalized_TorusMDS_comparison.csv,
6,139,954,TorusMDS,1.4423,,,2304.0,tolerance,0.3329,0.3465921011479418,0.3800724093225277,0.2747032051279618,0.2086486347305699,0.9983838383838384,4.423353,results/sbm_normalized_TorusMDS_comparison.csv,
6,140,318,TorusMDS,1.1467,,,2560.0,tolerance,0.0146,0.3476252281968073,0.3773344122992256,0.2804992689727349,0.2866460318948655,0.8393142677540092,4.735671,results/sbm_normalized_TorusMDS_comparison.csv,
4,141,820,TorusMDS,1.355,,,2304.0,tolerance,0.2787,0.3399915387908075,0.3751288787717492,0.2663599878226022,0.2639615985049878,0.9995959595959596,4.398883,results/sbm_normalized_TorusMDS_comparison.csv,
3,142,730,TorusMDS,1.2289,,,2304.0,tolerance,0.1447,0.3520711029128953,0.3916356525737615,0.275838066546249,0.2523545486066014,0.9995959595959596,4.345111,results/sbm_normalized_TorusMDS_comparison.csv,
4,143,196,TorusMDS,1.397,,,3200.0,tolerance,0.0052,0.335173405496156,0.3680247461206736,0.2746301789282175,0.3717029205094616,0.8100830685913336,4.802063,results/sbm_normalized_TorusMDS_comparison.csv,
8,144,372,TorusMDS,1.4503,,,3200.0,tolerance,0.0194,0.3530955782605479,0.378903888473918,0.2846564997032161,0.2298364775019541,0.8461133939751002,4.693266,results/sbm_normalized_TorusMDS_comparison.csv,
8,145,246,TorusMDS,1.3695,,,3072.0,tolerance,0.0073,0.3570396589889029,0.3917882199040006,0.2917693378437937,0.2695703829218007,0.723154988686802,5.004651,results/sbm_normalized_TorusMDS_comparison.csv,
3,146,299,TorusMDS,1.4624,,,3072.0,tolerance,0.0144,0.3356418884898954,0.3665215712772583,0.2649187093826505,0.3306113541148924,0.94765138020219,4.490721,results/sbm_normalized_TorusMDS_comparison.csv,
4,147,265,TorusMDS,1.0483,,,2304.0,tolerance,0.0102,0.3360946033572337,0.3651044976660965,0.2700989201035281,0.3501940045607523,0.8923100221358871,4.617476,results/sbm_normalized_TorusMDS_comparison.csv,
4,148,132,TorusMDS,1.0156,,,2304.0,tolerance,0.0023,0.3231048994360612,0.3659342177926522,0.2679338806196152,0.4443927816098009,0.7385767328145135,5.068706,results/sbm_normalized_TorusMDS_comparison.csv,
5,149,483,TorusMDS,1.1025,,,2304.0,tolerance,0.0405,0.3467504577835335,0.3782278358110411,0.2754240619924853,0.2192125267018135,0.9589280560709124,4.494359,results/sbm_normalized_TorusMDS_comparison.csv,
6,150,788,TorusMDS,1.3395,,,2304.0,tolerance,0.2497,0.3512408882653426,0.3865653916311891,0.278234042498925,0.1941943031181641,0.992519068233354,4.432111,results/sbm_normalized_TorusMDS_comparison.csv,
3,151,109,TorusMDS,1.0128,,,2304.0,tolerance,0.0017,0.3176848585650474,0.3550799932092168,0.2600550860752539,0.4676270079036019,0.7861294070556984,4.916741,results/sbm_normalized_TorusMDS_comparison.csv,
3,152,370,TorusMDS,1.0649,,,2304.0,tolerance,0.0249,0.3439601428708037,0.3790191083013717,0.2733973429607957,0.2690569932547172,0.978138528138528,4.403602,results/sbm_normalized_TorusMDS_comparison.csv,
4,153,340,TorusMDS,1.1862,,,2560.0,tolerance,0.0186,0.340101432109693,0.3676087481467424,0.2696589927083352,0.3144389006661057,0.9376313679103324,4.523109,results/sbm_normalized_TorusMDS_comparison.csv,
4,154,993,TorusMDS,1.3876,,,2304.0,tolerance,0.2958,0.3484218254510419,0.3875854763756067,0.2757919003949509,0.198627903823616,1.0,4.423457,results/sbm_normalized_TorusMDS_comparison.csv,
4,155,148,TorusMDS,0.9852,,,2304.0,tolerance,0.0029,0.3192470203968661,0.3587587496168415,0.2635775989401543,0.4556014330324893,0.7725339534298757,4.932354,results/sbm_normalized_TorusMDS_comparison.csv,
7,156,566,TorusMDS,1.1684,,,2304.0,tolerance,0.1618,0.3478693604762655,0.3743581600210561,0.2767271404431067,0.1927114598015703,0.94638762799633,4.543191,results/sbm_normalized_TorusMDS_comparison.csv,
7,157,387,TorusMDS,1.0803,,,2304.0,tolerance,0.022,0.352014068067792,0.3829492734642776,0.2852902216423815,0.2582475645593026,0.8694106584928172,4.671844,results/sbm_normalized_TorusMDS_comparison.csv,
4,158,532,TorusMDS,1.1778,,,2304.0,tolerance,0.0551,0.3407352184219928,0.3763780522318617,0.2694715264377009,0.2605657680606573,0.9848381776953202,4.437312,results/sbm_normalized_TorusMDS_comparison.csv,
8,159,155,TorusMDS,1.3653,,,3072.0,tolerance,0.0028,0.3447831437827487,0.384655361760787,0.2811535303707162,0.3352723008989103,0.5540912190120106,5.502727,results/sbm_normalized_TorusMDS_comparison.csv,
4,160,366,TorusMDS,1.2534,,,2688.0,tolerance,0.0221,0.337148798267278,0.3623671731212727,0.2689620790284486,0.3266560297306868,0.9470344127629504,4.523776,results/sbm_normalized_TorusMDS_comparison.csv,
8,161,792,TorusMDS,2.0374,,,3712.0,tolerance,0.1276,0.3474615104846031,0.374217421815961,0.2735411224942953,0.1915631736096897,0.9793250103071528,4.50631,results/sbm_normalized_TorusMDS_comparison.csv,
4,162,496,TorusMDS,1.1861,,,2304.0,tolerance,0.046,0.3491261842220691,0.3837196314702341,0.2760024595872559,0.2343807197497335,0.9878787878787876,4.40082,results/sbm_normalized_TorusMDS_comparison.csv,
8,163,149,TorusMDS,1.4146,,,3200.0,tolerance,0.0025,0.3417043051397742,0.3834588783989034,0.2801788130449122,0.3564730132489276,0.56710047726265,5.496665,results/sbm_normalized_TorusMDS_comparison.csv,
6,164,230,TorusMDS,1.2566,,,2688.0,tolerance,0.0067,0.3431359707109354,0.370470484341405,0.2811514417581731,0.3166311066705666,0.7565531379130163,4.933829,results/sbm_normalized_TorusMDS_comparison.csv,
5,165,878,TorusMDS,1.2902,,,2304.0,tolerance,0.2992,0.3462118030585848,0.3818154773540837,0.2714882386502205,0.23577521027807,0.9987878787878788,4.4076,results/sbm_normalized_TorusMDS_comparison.csv,
6,166,325,TorusMDS,1.0597,,,2304.0,tolerance,0.0152,0.3468053234446113,0.3763960093694363,0.2801067958051476,0.2654912140084561,0.8555351644372601,4.681016,results/sbm_normalized_TorusMDS_comparison.csv,
6,167,145,TorusMDS,1.4776,,,3328.0,tolerance,0.0025,0.3375398455325575,0.3782037106858996,0.277368668531561,0.3750941424965807,0.574085466984029,5.514738,results/sbm_normalized_TorusMDS_comparison.csv,
3,168,615,TorusMDS,1.36,,,2304.0,tolerance,0.0927,0.3429314254676464,0.386362017333405,0.2693706348309549,0.2596736255712165,0.9983838383838384,4.380195,results/sbm_normalized_TorusMDS_comparison.csv,
7,169,166,TorusMDS,1.0225,,,2304.0,tolerance,0.0032,0.3358180929007053,0.3728191921615535,0.2769091166776216,0.3827311481838907,0.6290092097835926,5.315099,results/sbm_normalized_TorusMDS_comparison.csv,
3,170,102,TorusMDS,1.0374,,,2304.0,tolerance,0.0015,0.3154845448759227,0.3566784973393491,0.2619893427023091,0.4859849903242279,0.7571049873664804,5.016097,results/sbm_normalized_TorusMDS_comparison.csv,
8,171,520,TorusMDS,1.1571,,,2304.0,tolerance,0.1431,0.3496301611381937,0.3796537655861006,0.2796667420008784,0.2035805745920746,0.9312240727281222,4.577978,results/sbm_normalized_TorusMDS_comparison.csv,
4,172,408,TorusMDS,1.2198,,,2560.0,tolerance,0.0285,0.3415479116513213,0.3650743740596431,0.270629765147492,0.3067905659439139,0.9550982765802348,4.47077,results/sbm_normalized_TorusMDS_comparison.csv,
3,173,176,TorusMDS,1.0645,,,2432.0,tolerance,0.0045,0.3288621873104174,0.3614479615976237,0.2675039941933684,0.4085315980125799,0.8321668632579198,4.752568,results/sbm_normalized_TorusMDS_comparison.csv,
6,174,247,TorusMDS,1.4978,,,3200.0,tolerance,0.0078,0.3439654903596532,0.3729560420145829,0.2791558312690773,0.3143544682569895,0.78371315917714,4.878666,results/sbm_normalized_TorusMDS_comparison.csv,
3,175,838,TorusMDS,1.8024,,,3328.0,tolerance,0.2153,0.3481891405661648,0.3901177248003838,0.2720773494345947,0.2384623241531973,0.9991919191919192,4.353251,results/sbm_normalized_TorusMDS_comparison.csv,
7,176,389,TorusMDS,1.3895,,,2944.0,tolerance,0.1096,0.3571860420293885,0.3874244588092749,0.2879866867084237,0.2412553367089468,0.8878027943785038,4.62698,results/sbm_normalized_TorusMDS_comparison.csv,
4,177,136,TorusMDS,1.1794,,,2560.0,tolerance,0.0023,0.3251382892234901,0.3654324901178961,0.2698316192802933,0.4248468496134494,0.7236558785160518,5.070731,results/sbm_normalized_TorusMDS_comparison.csv,
5,178,519,TorusMDS,1.4526,,,2816.0,tolerance,0.0483,0.335988835768143,0.3657626826731075,0.2640714795324446,0.2797665737182013,0.9654647056533432,4.505321,results/sbm_normalized_TorusMDS_comparison.csv,
4,179,219,TorusMDS,1.0557,,,2304.0,tolerance,0.0065,0.3374748428489227,0.3690083011891361,0.2754553631353583,0.3700608593093063,0.8269037189977919,4.726763,results/sbm_normalized_TorusMDS_comparison.csv,
4,180,663,TorusMDS,1.2719,,,2432.0,tolerance,0.1001,0.3442339638268777,0.3779000313342893,0.2714082877359752,0.2538062547711089,0.9983838383838384,4.399547,results/sbm_normalized_TorusMDS_comparison.csv,
8,181,299,TorusMDS,1.5039,,,3072.0,tolerance,0.0114,0.3492820539161886,0.379714909815373,0.2866365823967085,0.2899710438306965,0.7324587975136599,4.981327,results/sbm_normalized_TorusMDS_comparison.csv,
6,182,118,TorusMDS,1.5273,,,3328.0,tolerance,0.0016,0.3270592729487326,0.3678151491722354,0.2681649354044887,0.4221507282829096,0.5537040361250358,5.662474,results/sbm_normalized_TorusMDS_comparison.csv,
5,183,380,TorusMDS,1.4625,,,3200.0,tolerance,0.0228,0.3375210657048126,0.3648248610423564,0.2697760522457653,0.2784489963309001,0.9228639135618124,4.573635,results/sbm_normalized_TorusMDS_comparison.csv,
8,184,945,TorusMDS,1.4092,,,2304.0,tolerance,0.3013,0.3553992298302565,0.3897735579516467,0.2824935355504939,0.1522825924063102,0.9935353535353534,4.521093,results/sbm_normalized_TorusMDS_comparison.csv,
5,185,283,TorusMDS,1.1622,,,2432.0,tolerance,0.0115,0.3423993614054117,0.3726381558838446,0.2764953570986444,0.2961329148100748,0.8808185638925117,4.618018,results/sbm_normalized_TorusMDS_comparison.csv,
6,186,170,TorusMDS,1.4233,,,3200.0,tolerance,0.0035,0.3341355425363604,0.3706771602679404,0.2756625468608876,0.384989336354559,0.6840068981972819,5.156389,results/sbm_normalized_TorusMDS_comparison.csv,
3,187,440,TorusMDS,1.1067,,,2304.0,tolerance,0.0383,0.347934508631645,0.3866299202404183,0.2763527568034729,0.2486783078804028,0.9856297670583384,4.392578,results/sbm_normalized_TorusMDS_comparison.csv,
4,188,121,TorusMDS,1.0359,,,2304.0,tolerance,0.0019,0.3245717942999718,0.368626294095048,0.2712251259605133,0.4236016568545341,0.6746707875193126,5.195798,results/sbm_normalized_TorusMDS_comparison.csv,
7,189,331,TorusMDS,1.0606,,,2304.0,tolerance,0.0154,0.3582415226407851,0.3879151287796851,0.2900149093164262,0.2404209488524093,0.809881721219903,4.77644,results/sbm_normalized_TorusMDS_comparison.csv,
4,190,109,TorusMDS,1.0387,,,2304.0,tolerance,0.0016,0.3203419004348559,0.3620302725799368,0.2649056438788086,0.4506803969648331,0.6659768513236242,5.257355,results/sbm_normalized_TorusMDS_comparison.csv,
3,191,881,TorusMDS,1.3907,,,2304.0,tolerance,0.2404,0.3497836216580083,0.3857640277919953,0.2749812837663272,0.2541984553363803,1.0,4.371618,results/sbm_normalized_TorusMDS_comparison.csv,
3,192,711,TorusMDS,1.6404,,,3200.0,tolerance,0.2497,0.3442458772017474,0.381233176336552,0.2693949279173543,0.2712112902269586,0.9995959595959596,4.395195,results/sbm_normalized_TorusMDS_comparison.csv,
3,193,246,TorusMDS,1.065,,,2304.0,tolerance,0.0094,0.3379606595252154,0.3702378851863294,0.2702439849158435,0.3327045347438544,0.9240508536789152,4.528156,results/sbm_normalized_TorusMDS_comparison.csv,
3,194,666,TorusMDS,1.2094,,,2304.0,tolerance,0.1139,0.3493970296541865,0.3854714849280768,0.2754841247010379,0.2412353408100483,0.9991919191919192,4.393856,results/sbm_normalized_TorusMDS_comparison.csv,
7,195,686,TorusMDS,1.1955,,,2304.0,tolerance,0.1904,0.3537601197733407,0.3873673103941126,0.2832149056072222,0.1910433054378795,0.97917130488559,4.463273,results/sbm_normalized_TorusMDS_comparison.csv,
5,196,491,TorusMDS,1.1468,,,2304.0,tolerance,0.0421,0.3428930309752629,0.3769564393871789,0.272278029941459,0.233443289465747,0.9576487271728428,4.493189,results/sbm_normalized_TorusMDS_comparison.csv,
3,197,664,TorusMDS,1.189,,,2304.0,tolerance,0.1123,0.3477995347034811,0.3911882087025086,0.2744413998864096,0.2370324375914401,0.9987878787878788,4.381403,results/sbm_normalized_TorusMDS_comparison.csv,
8,198,560,TorusMDS,1.2926,,,2560.0,tolerance,0.0518,0.3530591698272062,0.3812305503914857,0.2809601840708453,0.1963722382479709,0.933964377712478,4.52678,results/sbm_normalized_TorusMDS_comparison.csv,
8,199,266,TorusMDS,1.2771,,,2688.0,tolerance,0.0089,0.3547720525553426,0.383968731959532,0.2900138961361435,0.284162400275727,0.7654603534556687,4.915286,results/sbm_normalized_TorusMDS_comparison.csv,
6,0,129,wrap_typescript,1.4392,,,,,0.1272,0.3902453131060119,0.4658970909181829,0.3163954510500347,0.0655567119081435,0.9461507139563098,4.291852,results/sbm_normalized_wrap_typescript_comparison.csv,
3,1,109,wrap_typescript,0.6362,,,,,0.0025,0.3735795152957731,0.3994208073030409,0.3042814612406222,0.2333224502750101,0.7160743766632442,4.830269,results/sbm_normalized_wrap_typescript_comparison.csv,
6,2,650,wrap_typescript,50.6861,,,,,0.101,0.4033211400561409,0.4375377858121617,0.328807939045575,0.1527234447239341,0.9809956709956704,4.351976,results/sbm_normalized_wrap_typescript_comparison.csv,
8,3,404,wrap_typescript,14.2423,,,,,0.0312,0.3695252243450521,0.3945803780977339,0.2933613813334117,0.1514631212660271,0.8674015120083978,4.59859,results/sbm_normalized_wrap_typescript_comparison.csv,
6,4,349,wrap_typescript,9.737,,,,,0.0235,0.3638287645272111,0.3867748753513238,0.2893373906165745,0.1854328825772607,0.862403113711897,4.636019,results/sbm_normalized_wrap_typescript_comparison.csv,
7,5,654,wrap_typescript,51.3371,,,,,0.1003,0.3990890252971114,0.4391188235971184,0.3224646488642059,0.1042809738837502,0.967627123326681,4.395241,results/sbm_normalized_wrap_typescript_comparison.csv,
6,6,720,wrap_typescript,67.0238,,,,,0.1358,0.3996690631984121,0.430867633075786,0.3247370498720821,0.1945967390929538,0.9850505050505048,4.333489,results/sbm_normalized_wrap_typescript_comparison.csv,
8,7,536,wrap_typescript,29.8422,,,,,0.0599,0.395577175565557,0.4223970983499647,0.3201629489543249,0.0935302454314297,0.9127443300031656,4.505359,results/sbm_normalized_wrap_typescript_comparison.csv,
3,8,729,wrap_typescript,69.5523,,,,,0.2783,0.4171039597171339,0.4661187199650109,0.3382248221226409,0.1653845538297625,0.9995959595959596,4.216147,results/sbm_normalized_wrap_typescript_comparison.csv,
5,9,199,wrap_typescript,2.3064,,,,,0.0068,0.3867802574539771,0.406504276546397,0.3122599081006211,0.1387410323107515,0.7147585644338615,4.838103,results/sbm_normalized_wrap_typescript_comparison.csv,
3,10,106,wrap_typescript,0.5966,,,,,0.0022,0.3752310735708998,0.3977491515517452,0.3037611839801437,0.2314041624557365,0.7021081392043663,4.849868,results/sbm_normalized_wrap_typescript_comparison.csv,
6,11,468,wrap_typescript,22.4341,,,,,0.0462,0.3602577646230872,0.3914423351539288,0.2859041085849109,0.2059227241274532,0.9455998019326436,4.461074,results/sbm_normalized_wrap_typescript_comparison.csv,
7,12,412,wrap_typescript,15.3703,,,,,0.0326,0.364867846555516,0.3937859862968687,0.2912357074836764,0.1460313511719076,0.8880136534569868,4.589427,results/sbm_normalized_wrap_typescript_comparison.csv,
7,13,993,wrap_typescript,167.9349,,,,,0.3014,0.43342993659813,0.4698243484880153,0.3536605936415559,0.0938146518052603,0.9955555555555554,4.265462,results/sbm_normalized_wrap_typescript_comparison.csv,
8,14,484,wrap_typescript,23.6264,,,,,0.046,0.367927534160131,0.3984766982871097,0.2920017713746218,0.1398918459272302,0.904394168755792,4.550917,results/sbm_normalized_wrap_typescript_comparison.csv,
7,15,488,wrap_typescript,23.4879,,,,,0.1743,0.3738091109212839,0.4066233345294302,0.2990873514678079,0.1309177170564338,0.9140978265720529,4.496406,results/sbm_normalized_wrap_typescript_comparison.csv,
6,16,136,wrap_typescript,0.9683,,,,,0.0028,0.3433683086377921,0.3830154715218327,0.2810470990900559,0.3643499314302956,0.5471442442035539,5.581672,results/sbm_normalized_wrap_typescript_comparison.csv,
5,17,335,wrap_typescript,8.7173,,,,,0.0224,0.3536942282894026,0.3860888518427043,0.281794502991592,0.2187077856874749,0.9055315802392572,4.538382,results/sbm_normalized_wrap_typescript_comparison.csv,
7,18,306,wrap_typescript,6.8865,,,,,0.0171,0.3807929275277771,0.4049316098111972,0.3035550003223526,0.1258495400497491,0.8147957955533337,4.708743,results/sbm_normalized_wrap_typescript_comparison.csv,
6,19,859,wrap_typescript,111.1387,,,,,0.2094,0.4119983416011987,0.4542675188229853,0.329417911669644,0.1162461577827623,0.9967676767676766,4.302979,results/sbm_normalized_wrap_typescript_comparison.csv,
4,20,372,wrap_typescript,11.9393,,,,,0.0283,0.3475952600219547,0.3785451646090905,0.2754027174442695,0.2524014462367919,0.960836865325004,4.472384,results/sbm_normalized_wrap_typescript_comparison.csv,
6,21,392,wrap_typescript,13.4695,,,,,0.0293,0.3629982377471269,0.3888606937632198,0.2882359665416311,0.1844670223081938,0.900432345948195,4.526469,results/sbm_normalized_wrap_typescript_comparison.csv,
4,22,246,wrap_typescript,4.3142,,,,,0.0115,0.3513785709965725,0.3767160511765132,0.2806656895213156,0.2720677014322415,0.8704215267541987,4.603174,results/sbm_normalized_wrap_typescript_comparison.csv,
7,23,168,wrap_typescript,1.6597,,,,,0.0045,0.40430833567421,0.4339414602218594,0.3317035553009472,0.0676956049723484,0.5405306028516157,5.163844,results/sbm_normalized_wrap_typescript_comparison.csv,
5,24,121,wrap_typescript,0.8263,,,,,0.0023,0.3480260482759743,0.3865361297410091,0.2868670086948091,0.3916810495256735,0.6572873791661544,5.411555,results/sbm_normalized_wrap_typescript_comparison.csv,
4,25,612,wrap_typescript,44.0112,,,,,0.2222,0.3826911629753422,0.4260097435979335,0.3076703003305795,0.1859754905465218,0.9985858585858586,4.32746,results/sbm_normalized_wrap_typescript_comparison.csv,
3,26,752,wrap_typescript,77.0548,,,,,0.2069,0.4286469890605719,0.4758911390001729,0.3525755732803941,0.1497640529724174,0.9987878787878788,4.265587,results/sbm_normalized_wrap_typescript_comparison.csv,
6,27,216,wrap_typescript,2.8456,,,,,0.0073,0.4022305853223923,0.4252227336485196,0.3280057076833891,0.0708487928403275,0.6191595110222643,5.030106,results/sbm_normalized_wrap_typescript_comparison.csv,
8,28,282,wrap_typescript,5.818,,,,,0.0133,0.3958244465931744,0.4157357247845579,0.3204183094535315,0.0842299176616486,0.7076943534849751,4.848017,results/sbm_normalized_wrap_typescript_comparison.csv,
7,29,170,wrap_typescript,1.6552,,,,,0.0046,0.3649131840033834,0.4006912083107768,0.2997953401682424,0.2707526677797446,0.5715502595895057,5.36667,results/sbm_normalized_wrap_typescript_comparison.csv,
8,30,253,wrap_typescript,4.4434,,,,,0.0107,0.3927947388348442,0.4154751496317611,0.3187157328355413,0.0922473911907874,0.674158797801703,4.919828,results/sbm_normalized_wrap_typescript_comparison.csv,
6,31,123,wrap_typescript,0.8021,,,,,0.0023,0.3592099110693814,0.3959831429432051,0.2968847140182931,0.3222243084522335,0.5718121411131777,5.505678,results/sbm_normalized_wrap_typescript_comparison.csv,
8,32,198,wrap_typescript,2.3363,,,,,0.0058,0.4046962960632858,0.4343087184180831,0.3338410123980891,0.0712867412434736,0.538890108187601,5.145276,results/sbm_normalized_wrap_typescript_comparison.csv,
7,33,158,wrap_typescript,1.3865,,,,,0.0038,0.3510906293696925,0.390933114881711,0.288330310988222,0.3082456681548101,0.5395405484384238,5.482749,results/sbm_normalized_wrap_typescript_comparison.csv,
6,34,231,wrap_typescript,3.2728,,,,,0.0089,0.3843844572594193,0.4084031679792496,0.3101223491511037,0.1251389561072781,0.724069612082828,4.849485,results/sbm_normalized_wrap_typescript_comparison.csv,
7,35,425,wrap_typescript,16.309,,,,,0.0357,0.3630445218940881,0.3876223594544377,0.287117772283083,0.1809953490295316,0.897704496966743,4.542117,results/sbm_normalized_wrap_typescript_comparison.csv,
5,36,275,wrap_typescript,5.4115,,,,,0.0143,0.3709118144517616,0.3941568506189539,0.2960500393248593,0.173889880689315,0.8305638769223528,4.652907,results/sbm_normalized_wrap_typescript_comparison.csv,
3,37,316,wrap_typescript,7.6784,,,,,0.023,0.346829828313592,0.3778867181276591,0.2734357653469265,0.2774046127722073,0.9695996547634982,4.426931,results/sbm_normalized_wrap_typescript_comparison.csv,
5,38,417,wrap_typescript,15.4145,,,,,0.037,0.3539787342983558,0.3835486267266224,0.2823015215150539,0.2381908554418645,0.9253123563345694,4.516281,results/sbm_normalized_wrap_typescript_comparison.csv,
3,39,889,wrap_typescript,121.9718,,,,,0.4342,0.4070316794430546,0.4477666748710268,0.3282383833007108,0.1977168393440248,1.0,4.275586,results/sbm_normalized_wrap_typescript_comparison.csv,
5,40,572,wrap_typescript,35.798,,,,,0.0756,0.3765554018234385,0.4088828322879799,0.3027406318486771,0.2124800220415672,0.9817975675118528,4.357398,results/sbm_normalized_wrap_typescript_comparison.csv,
4,41,338,wrap_typescript,9.1111,,,,,0.0229,0.3515035243763699,0.3740124168202359,0.2785625346754519,0.2479309127725776,0.9305152135929586,4.488435,results/sbm_normalized_wrap_typescript_comparison.csv,
4,42,259,wrap_typescript,4.7109,,,,,0.0123,0.3524460165715943,0.378700913698743,0.2814104459064668,0.260847104489956,0.8811270901968009,4.58849,results/sbm_normalized_wrap_typescript_comparison.csv,
8,43,514,wrap_typescript,26.7817,,,,,0.0548,0.3714795029514741,0.4024401258093609,0.2967439588864086,0.1385492530034107,0.9252652551179792,4.522302,results/sbm_normalized_wrap_typescript_comparison.csv,
3,44,130,wrap_typescript,0.9174,,,,,0.0033,0.3752714297722992,0.3996597733000843,0.3006011303780965,0.2203486163524615,0.7479148136923057,4.768762,results/sbm_normalized_wrap_typescript_comparison.csv,
7,45,846,wrap_typescript,108.4363,,,,,0.1966,0.4117330830202431,0.447826942782991,0.330974391271756,0.1195995761392863,0.9846464646464642,4.320591,results/sbm_normalized_wrap_typescript_comparison.csv,
3,46,103,wrap_typescript,0.6196,,,,,0.0019,0.3713468345821787,0.3929538362029904,0.3002720593580786,0.2482845719630225,0.7064108633086462,4.857474,results/sbm_normalized_wrap_typescript_comparison.csv,
7,47,957,wrap_typescript,153.7946,,,,,0.3698,0.4338763631676631,0.470684833827325,0.3537003679670192,0.0973487238560279,0.991919191919192,4.255453,results/sbm_normalized_wrap_typescript_comparison.csv,
6,48,140,wrap_typescript,1.0785,,,,,0.0031,0.3644492089364469,0.3999994945790884,0.2995857886602757,0.3165424228626591,0.6137121773282849,5.442263,results/sbm_normalized_wrap_typescript_comparison.csv,
5,49,776,wrap_typescript,84.5293,,,,,0.1736,0.419270537830819,0.4611372106638546,0.3406009748317305,0.1279192292230729,0.9949453720882292,4.278184,results/sbm_normalized_wrap_typescript_comparison.csv,
4,50,301,wrap_typescript,6.927,,,,,0.0177,0.346860038514912,0.3744068869346168,0.275119775704483,0.2814698162550489,0.9123090717600436,4.533228,results/sbm_normalized_wrap_typescript_comparison.csv,
3,51,633,wrap_typescript,48.9631,,,,,0.1243,0.4020948705481842,0.4517231225490529,0.3272945392296425,0.1784615927474979,0.9991919191919192,4.31835,results/sbm_normalized_wrap_typescript_comparison.csv,
5,52,184,wrap_typescript,2.0197,,,,,0.0057,0.3889285862201757,0.4102472264828766,0.3130446033855968,0.1405775071263968,0.7032814404547111,4.860704,results/sbm_normalized_wrap_typescript_comparison.csv,
3,53,277,wrap_typescript,5.7388,,,,,0.0159,0.3430385066944407,0.3705784876924695,0.2726436135108775,0.3067977826170086,0.948743360121305,4.498419,results/sbm_normalized_wrap_typescript_comparison.csv,
7,54,109,wrap_typescript,0.667,,,,,0.0018,0.3515637999493087,0.3915341517434066,0.2886194234976016,0.3399938001499181,0.5274737546768432,5.605335,results/sbm_normalized_wrap_typescript_comparison.csv,
6,55,411,wrap_typescript,15.088,,,,,0.0338,0.3601398620335022,0.3883197453982861,0.2853126718283572,0.1863943097460194,0.917415975449848,4.537285,results/sbm_normalized_wrap_typescript_comparison.csv,
4,56,523,wrap_typescript,28.5484,,,,,0.1683,0.3783374380981357,0.4201140077951856,0.3029487888618933,0.2022039573803194,0.9866666666666662,4.354765,results/sbm_normalized_wrap_typescript_comparison.csv,
3,57,572,wrap_typescript,36.3763,,,,,0.0904,0.3808643613844845,0.4239814551812458,0.3013896312519559,0.2063233376066575,0.9985858585858586,4.363487,results/sbm_normalized_wrap_typescript_comparison.csv,
4,58,849,wrap_typescript,111.4657,,,,,0.2533,0.4119276993606816,0.4566216625930896,0.3322240784300931,0.1805798719123252,1.0,4.25003,results/sbm_normalized_wrap_typescript_comparison.csv,
6,59,693,wrap_typescript,61.4503,,,,,0.2107,0.3930419731806588,0.4348098795198714,0.3148822144676966,0.1334793530771493,0.9838383838383836,4.385917,results/sbm_normalized_wrap_typescript_comparison.csv,
4,60,220,wrap_typescript,3.0809,,,,,0.0086,0.3657097296757471,0.3914439918464575,0.2934524433561067,0.2107498943285126,0.8183466105838064,4.66424,results/sbm_normalized_wrap_typescript_comparison.csv,
3,61,924,wrap_typescript,138.1242,,,,,0.454,0.4271961871025322,0.4646728258740645,0.3368850919164749,0.2780328869728865,1.0,4.19804,results/sbm_normalized_wrap_typescript_comparison.csv,
4,62,181,wrap_typescript,1.9238,,,,,0.0058,0.3740791372489169,0.3931196765971295,0.3024970146736616,0.2019977407497524,0.760868501301658,4.767202,results/sbm_normalized_wrap_typescript_comparison.csv,
4,63,772,wrap_typescript,82.3915,,,,,0.1867,0.3958011988710795,0.4362231266436912,0.3160148915764975,0.2020264924298307,0.9983838383838384,4.296976,results/sbm_normalized_wrap_typescript_comparison.csv,
7,64,133,wrap_typescript,0.9582,,,,,0.0027,0.3539949718849186,0.3932910918559041,0.2893715881931998,0.3090522285010894,0.5089302844866022,5.598924,results/sbm_normalized_wrap_typescript_comparison.csv,
8,65,385,wrap_typescript,12.6534,,,,,0.0268,0.3774893451951029,0.401284310950363,0.3027892145978541,0.1046070831068685,0.8259345974480837,4.685531,results/sbm_normalized_wrap_typescript_comparison.csv,
3,66,645,wrap_typescript,50.6377,,,,,0.1269,0.4076603382346783,0.4509453679740663,0.330013634945869,0.1750376043910645,0.9983838383838384,4.278754,results/sbm_normalized_wrap_typescript_comparison.csv,
5,67,194,wrap_typescript,2.3213,,,,,0.0061,0.3807628495083839,0.3978064036961564,0.3060184267055438,0.1631060524295366,0.7265494272155659,4.814814,results/sbm_normalized_wrap_typescript_comparison.csv,
7,68,657,wrap_typescript,53.8201,,,,,0.2142,0.4041007328689112,0.4341326309916268,0.3278098195990968,0.110552237600974,0.9672356215213352,4.374316,results/sbm_normalized_wrap_typescript_comparison.csv,
6,69,910,wrap_typescript,133.6347,,,,,0.2472,0.420356066337412,0.4607077654060357,0.3411577185403024,0.1035292219167883,0.9943434343434342,4.274979,results/sbm_normalized_wrap_typescript_comparison.csv,
4,70,356,wrap_typescript,10.6944,,,,,0.027,0.3519243383256594,0.3787169508316124,0.2797525345003404,0.2890506657206149,0.9387709749168738,4.494623,results/sbm_normalized_wrap_typescript_comparison.csv,
8,71,705,wrap_typescript,64.0008,,,,,0.1143,0.4053630186034992,0.4382024899479662,0.3280100848771659,0.122597424093557,0.9572786990460028,4.416894,results/sbm_normalized_wrap_typescript_comparison.csv,
3,72,254,wrap_typescript,4.5405,,,,,0.0137,0.3543980470908051,0.3873415497531527,0.2814274324803202,0.2516443642692778,0.9282175791070992,4.483537,results/sbm_normalized_wrap_typescript_comparison.csv,
6,73,110,wrap_typescript,0.6831,,,,,0.0021,0.3397232247946163,0.3813560724781458,0.27916191957914,0.3846945949370712,0.5647238866250701,5.545472,results/sbm_normalized_wrap_typescript_comparison.csv,
8,74,260,wrap_typescript,4.5338,,,,,0.011,0.3936831623839906,0.4141045241656994,0.3178979740616909,0.0999621266767504,0.6766779440143277,4.924483,results/sbm_normalized_wrap_typescript_comparison.csv,
3,75,102,wrap_typescript,0.5891,,,,,0.0019,0.3256592254466149,0.3672317906994446,0.2687583182968899,0.4768798846042379,0.6974651021461723,5.310241,results/sbm_normalized_wrap_typescript_comparison.csv,
4,76,119,wrap_typescript,0.7712,,,,,0.0025,0.3366352626880178,0.3801458348035609,0.2786129998723494,0.4138988905526443,0.6397728983447062,5.41928,results/sbm_normalized_wrap_typescript_comparison.csv,
8,77,187,wrap_typescript,2.0956,,,,,0.0053,0.3642781972988976,0.3951349626138185,0.2975909056970581,0.2586953461322567,0.6004056407111369,5.306389,results/sbm_normalized_wrap_typescript_comparison.csv,
7,78,878,wrap_typescript,118.694,,,,,0.3124,0.4182981968008767,0.4509287298415066,0.3380953578685164,0.1137162137210028,0.989482580911152,4.319742,results/sbm_normalized_wrap_typescript_comparison.csv,
5,79,732,wrap_typescript,72.2483,,,,,0.1407,0.4102577344271226,0.4469572866782857,0.3309736376358395,0.1900927753641832,0.995151515151515,4.270172,results/sbm_normalized_wrap_typescript_comparison.csv,
5,80,240,wrap_typescript,4.1874,,,,,0.0098,0.3724563830938738,0.3917957912283019,0.2988538859675325,0.1980430578816379,0.8015817308457471,4.709859,results/sbm_normalized_wrap_typescript_comparison.csv,
5,81,308,wrap_typescript,7.1206,,,,,0.0179,0.3538406221174267,0.3809033839042076,0.284903678836199,0.2364881901008125,0.8664786076140308,4.642843,results/sbm_normalized_wrap_typescript_comparison.csv,
3,82,596,wrap_typescript,40.5863,,,,,0.203,0.3996268475915004,0.4449995695728614,0.3239609814577531,0.2029081724005789,0.9969696969696968,4.357476,results/sbm_normalized_wrap_typescript_comparison.csv,
6,83,186,wrap_typescript,1.9962,,,,,0.0055,0.3950102266294776,0.4216635925356102,0.321258765284775,0.1149769032180961,0.6142229168660623,5.037017,results/sbm_normalized_wrap_typescript_comparison.csv,
3,84,760,wrap_typescript,80.8341,,,,,0.2098,0.4263341053329616,0.4582443120006685,0.3333947409653893,0.2840208780220399,1.0,4.241985,results/sbm_normalized_wrap_typescript_comparison.csv,
6,85,220,wrap_typescript,3.3445,,,,,0.0078,0.3885674419450224,0.4106882940039867,0.31449175062081,0.1171610961778718,0.7168266681229915,4.840351,results/sbm_normalized_wrap_typescript_comparison.csv,
3,86,206,wrap_typescript,2.7196,,,,,0.0081,0.3555985507558265,0.3790111949470416,0.2854125838358333,0.2813995446245563,0.8573283830028664,4.614701,results/sbm_normalized_wrap_typescript_comparison.csv,
4,87,758,wrap_typescript,79.5192,,,,,0.2636,0.4055184981657274,0.44451100230447,0.3275115716277375,0.1635398989546622,0.9983838383838384,4.255651,results/sbm_normalized_wrap_typescript_comparison.csv,
6,88,465,wrap_typescript,21.4664,,,,,0.0432,0.3773888821130067,0.4054436725270137,0.3022022542908857,0.1302686420729064,0.9295437111097904,4.501024,results/sbm_normalized_wrap_typescript_comparison.csv,
8,89,842,wrap_typescript,105.9534,,,,,0.1767,0.4080162429622329,0.4385200168595448,0.3276411659510917,0.1146894752872247,0.9836259714757504,4.345536,results/sbm_normalized_wrap_typescript_comparison.csv,
8,90,725,wrap_typescript,68.97,,,,,0.1239,0.4183742873199877,0.4593359479098287,0.3367735323271803,0.0684599769119525,0.9674208102484976,4.393955,results/sbm_normalized_wrap_typescript_comparison.csv,
3,91,138,wrap_typescript,1.0952,,,,,0.0034,0.3652820712335341,0.3900008504638921,0.2951778614216146,0.2579700476933487,0.7588575298393025,4.756052,results/sbm_normalized_wrap_typescript_comparison.csv,
7,92,518,wrap_typescript,27.8077,,,,,0.0567,0.3750315752880909,0.4062018553565407,0.2996488787407427,0.1501242354426426,0.9413822423689868,4.478411,results/sbm_normalized_wrap_typescript_comparison.csv,
8,93,248,wrap_typescript,4.1612,,,,,0.0099,0.3906210092530718,0.4139136548902312,0.3163144251417102,0.0932896848760471,0.6819443942118744,4.901757,results/sbm_normalized_wrap_typescript_comparison.csv,
7,94,364,wrap_typescript,10.9636,,,,,0.0249,0.3768622336929842,0.401936684192457,0.3001223883837906,0.1339398886274569,0.8584323735467799,4.602121,results/sbm_normalized_wrap_typescript_comparison.csv,
7,95,156,wrap_typescript,1.3362,,,,,0.0038,0.3602920141959108,0.3931107255816689,0.2940200506883192,0.3026848427673519,0.5693222223827042,5.481993,results/sbm_normalized_wrap_typescript_comparison.csv,
4,96,333,wrap_typescript,8.7364,,,,,0.0239,0.3516453230051117,0.3772195853380996,0.2789912488163031,0.2324246457585021,0.9413335756045615,4.468726,results/sbm_normalized_wrap_typescript_comparison.csv,
3,97,959,wrap_typescript,155.2501,,,,,0.5113,0.4172679879011516,0.4622367960812464,0.3409467492818558,0.1528230278693196,1.0,4.261995,results/sbm_normalized_wrap_typescript_comparison.csv,
6,98,101,wrap_typescript,0.6036,,,,,0.0016,0.3397280021818749,0.377788729411025,0.276973182836946,0.3733850157200227,0.5454789537386264,5.551005,results/sbm_normalized_wrap_typescript_comparison.csv,
6,99,951,wrap_typescript,149.8117,,,,,0.2878,0.4134940412405316,0.4483414866991874,0.3338921502628904,0.1370121415553734,0.995151515151515,4.301708,results/sbm_normalized_wrap_typescript_comparison.csv,
7,100,208,wrap_typescript,2.9023,,,,,0.0066,0.3927969087219286,0.4261027766491427,0.3215854781469806,0.098485858693292,0.6097287356012099,5.052682,results/sbm_normalized_wrap_typescript_comparison.csv,
6,101,470,wrap_typescript,21.3331,,,,,0.0466,0.3521983802793494,0.3871982097634864,0.2822291971179689,0.1998724825405349,0.9464868971643634,4.505755,results/sbm_normalized_wrap_typescript_comparison.csv,
8,102,378,wrap_typescript,12.0807,,,,,0.0262,0.3672351932139371,0.3908036544005236,0.2938381737656359,0.1642660223271006,0.8457024305453151,4.650344,results/sbm_normalized_wrap_typescript_comparison.csv,
3,103,917,wrap_typescript,134.9907,,,,,0.4782,0.4305645588772936,0.4725190955563642,0.3561524643676467,0.2259622908362112,1.0,4.269555,results/sbm_normalized_wrap_typescript_comparison.csv,
6,104,316,wrap_typescript,8.2397,,,,,0.0189,0.3805285663660967,0.4032270246604127,0.3029057333941593,0.1312791290088673,0.8416358685280553,4.614062,results/sbm_normalized_wrap_typescript_comparison.csv,
7,105,150,wrap_typescript,1.3687,,,,,0.0035,0.3663734428820294,0.3986138778505865,0.3010545861115571,0.2658201487751856,0.5553292076137535,5.413639,results/sbm_normalized_wrap_typescript_comparison.csv,
7,106,115,wrap_typescript,0.7363,,,,,0.0021,0.3631149156237209,0.4017825720099705,0.2986712974289594,0.2821151329269628,0.4855939817008718,5.631486,results/sbm_normalized_wrap_typescript_comparison.csv,
4,107,122,wrap_typescript,0.834,,,,,0.0027,0.3431746721997215,0.3800295238678947,0.2827596696427299,0.4028441360563736,0.6759054259876881,5.331567,results/sbm_normalized_wrap_typescript_comparison.csv,
4,108,747,wrap_typescript,77.0873,,,,,0.1665,0.3966806480211475,0.4388049292780264,0.3219536468554793,0.1664846989159542,0.9995959595959596,4.323501,results/sbm_normalized_wrap_typescript_comparison.csv,
3,109,817,wrap_typescript,97.5871,,,,,0.3661,0.4102814863850653,0.4579067220482583,0.3318968032259772,0.1727511325506744,1.0,4.258128,results/sbm_normalized_wrap_typescript_comparison.csv,
4,110,822,wrap_typescript,100.042,,,,,0.2315,0.4108755188862926,0.4609752971828926,0.3295571767448289,0.1272007609506389,0.9991919191919192,4.243395,results/sbm_normalized_wrap_typescript_comparison.csv,
3,111,118,wrap_typescript,0.7729,,,,,0.0027,0.3485456396962002,0.3843310325014156,0.2890802846830137,0.4279547882018832,0.7649167808814948,5.298287,results/sbm_normalized_wrap_typescript_comparison.csv,
7,112,739,wrap_typescript,73.8946,,,,,0.2273,0.4227100499569535,0.457244956249568,0.3410283216135155,0.0821287947514907,0.9830220573077714,4.285247,results/sbm_normalized_wrap_typescript_comparison.csv,
3,113,313,wrap_typescript,7.5931,,,,,0.0206,0.3483807994303404,0.3813866724287967,0.2777552858884973,0.2622131932667406,0.9609877320968996,4.459973,results/sbm_normalized_wrap_typescript_comparison.csv,
5,114,471,wrap_typescript,21.9915,,,,,0.0497,0.3669418520726555,0.3963736259908554,0.2938224058953087,0.2137235439827533,0.9534278616163736,4.471448,results/sbm_normalized_wrap_typescript_comparison.csv,
3,115,513,wrap_typescript,27.2176,,,,,0.0714,0.3787335217218955,0.4202699366555605,0.3031288437665361,0.2281773286166209,0.9933292104720676,4.31125,results/sbm_normalized_wrap_typescript_comparison.csv,
7,116,321,wrap_typescript,8.0282,,,,,0.0182,0.3830545847576696,0.400977612077243,0.3048473171513868,0.127898347859627,0.7948918221028646,4.712697,results/sbm_normalized_wrap_typescript_comparison.csv,
3,117,123,wrap_typescript,0.8236,,,,,0.0028,0.366448664251992,0.3885512763151547,0.2929456443553986,0.2597311086674506,0.7597438460514317,4.775049,results/sbm_normalized_wrap_typescript_comparison.csv,
7,118,157,wrap_typescript,1.4283,,,,,0.004,0.3527460373586862,0.3911656756419482,0.2915418212336103,0.3208381997418848,0.6371989282836766,5.242937,results/sbm_normalized_wrap_typescript_comparison.csv,
6,119,308,wrap_typescript,7.0782,,,,,0.0183,0.3675354958519409,0.3924844396038205,0.2949905010417602,0.2128372121729456,0.8502313383489843,4.614688,results/sbm_normalized_wrap_typescript_comparison.csv,
4,120,152,wrap_typescript,1.2749,,,,,0.0041,0.3871015915644669,0.4103276040491374,0.3145505774558986,0.1518576454838084,0.6664366658169882,4.923294,results/sbm_normalized_wrap_typescript_comparison.csv,
6,121,632,wrap_typescript,48.0425,,,,,0.1901,0.3860245850879399,0.4261593189680427,0.3079436668434325,0.1381321449524707,0.9826221397649963,4.354726,results/sbm_normalized_wrap_typescript_comparison.csv,
5,122,650,wrap_typescript,54.3496,,,,,0.11,0.4030966327037047,0.4425704893883038,0.3267662833891733,0.1681020268322027,0.989486703772418,4.322346,results/sbm_normalized_wrap_typescript_comparison.csv,
5,123,451,wrap_typescript,19.8549,,,,,0.0426,0.3531832034725475,0.3835461632326633,0.2817769014770885,0.2194024682071655,0.9510136235062592,4.486451,results/sbm_normalized_wrap_typescript_comparison.csv,
6,124,116,wrap_typescript,0.781,,,,,0.0021,0.3475695118047094,0.3874584219906919,0.28471439059081,0.3390492144347338,0.5129920122751526,5.637091,results/sbm_normalized_wrap_typescript_comparison.csv,
6,125,240,wrap_typescript,4.2419,,,,,0.0097,0.3797688159365396,0.399322496984236,0.3047728034236638,0.1424080168723558,0.7628541621336226,4.773567,results/sbm_normalized_wrap_typescript_comparison.csv,
5,126,986,wrap_typescript,167.4902,,,,,0.4482,0.4240347262317696,0.4591198975006181,0.3433281201905929,0.1622247342721142,0.9995959595959596,4.261731,results/sbm_normalized_wrap_typescript_comparison.csv,
3,127,305,wrap_typescript,7.0812,,,,,0.0208,0.3427699131220592,0.3761396742219502,0.2730737433562563,0.2931520051778937,0.965089285629504,4.409135,results/sbm_normalized_wrap_typescript_comparison.csv,
8,128,754,wrap_typescript,78.0249,,,,,0.1417,0.415512329909595,0.4479808001817641,0.338714985824332,0.1223519493010478,0.9757265267869092,4.332615,results/sbm_normalized_wrap_typescript_comparison.csv,
4,129,510,wrap_typescript,27.0221,,,,,0.0642,0.3775154421620325,0.4135728065087427,0.2979993241764529,0.2185709335667252,0.9882663368377652,4.305091,results/sbm_normalized_wrap_typescript_comparison.csv,
7,130,629,wrap_typescript,47.3835,,,,,0.0922,0.3806951270176259,0.4198832275696625,0.3052462719455476,0.1432513944639576,0.9669694844510744,4.438218,results/sbm_normalized_wrap_typescript_comparison.csv,
7,131,626,wrap_typescript,46.852,,,,,0.0897,0.383010884393373,0.4172796542846572,0.3040574135665502,0.1451810679759931,0.9658297258297251,4.400637,results/sbm_normalized_wrap_typescript_comparison.csv,
7,132,230,wrap_typescript,3.3886,,,,,0.0085,0.3954668765828867,0.4194860399186094,0.3191804527275078,0.079822120257265,0.674574640921115,4.911079,results/sbm_normalized_wrap_typescript_comparison.csv,
6,133,347,wrap_typescript,9.8571,,,,,0.0227,0.3652676892811955,0.3948187622275721,0.2929300696097446,0.1675880003978479,0.8737299631621444,4.602654,results/sbm_normalized_wrap_typescript_comparison.csv,
4,134,255,wrap_typescript,4.7953,,,,,0.0128,0.3425763237974464,0.3685746417618662,0.2734349588571526,0.3157093601364379,0.8900648510776143,4.585781,results/sbm_normalized_wrap_typescript_comparison.csv,
4,135,555,wrap_typescript,33.6268,,,,,0.0784,0.3796583075141594,0.4182074237100983,0.3029829156410808,0.2034733141899511,0.9862626262626258,4.35389,results/sbm_normalized_wrap_typescript_comparison.csv,
5,136,137,wrap_typescript,1.0216,,,,,0.0031,0.3543640302705661,0.389479349327801,0.2896984317892247,0.3484711270753851,0.6278354805147788,5.377149,results/sbm_normalized_wrap_typescript_comparison.csv,
3,137,662,wrap_typescript,55.493,,,,,0.2507,0.3914873946089521,0.4393718678811685,0.3173001256666324,0.1851085242693664,0.9987878787878788,4.286295,results/sbm_normalized_wrap_typescript_comparison.csv,
3,138,697,wrap_typescript,62.9157,,,,,0.1583,0.4044708106804865,0.4533121151068676,0.3254236234519395,0.1738845653783813,0.9991919191919192,4.299948,results/sbm_normalized_wrap_typescript_comparison.csv,
6,139,954,wrap_typescript,152.6134,,,,,0.3882,0.4209792028134355,0.4555264073530701,0.3407242487577444,0.1111881837905349,0.997979797979798,4.258422,results/sbm_normalized_wrap_typescript_comparison.csv,
6,140,318,wrap_typescript,7.743,,,,,0.0196,0.3727981000055616,0.4028885981057032,0.2999593986665445,0.1385952694062862,0.8192770181418706,4.684024,results/sbm_normalized_wrap_typescript_comparison.csv,
4,141,820,wrap_typescript,96.9457,,,,,0.3275,0.4086205768679674,0.4532077677450392,0.3299200183871092,0.1689488207435703,0.9995959595959596,4.256589,results/sbm_normalized_wrap_typescript_comparison.csv,
3,142,730,wrap_typescript,69.9081,,,,,0.1931,0.3983250827671751,0.4422050786230367,0.3187150750553545,0.2113288925845806,0.9995959595959596,4.235518,results/sbm_normalized_wrap_typescript_comparison.csv,
4,143,196,wrap_typescript,2.352,,,,,0.0067,0.3790672935586554,0.3995130616483291,0.3049129408314656,0.189155400909679,0.7816773025377244,4.728037,results/sbm_normalized_wrap_typescript_comparison.csv,
8,144,372,wrap_typescript,11.4117,,,,,0.0257,0.3789224890466481,0.398937066301413,0.3048166595863845,0.1241434523166584,0.8352253966674407,4.712824,results/sbm_normalized_wrap_typescript_comparison.csv,
8,145,246,wrap_typescript,4.0981,,,,,0.01,0.3890484978459047,0.4157316916905221,0.3156607532697766,0.1144291253883784,0.6808163580464914,4.912425,results/sbm_normalized_wrap_typescript_comparison.csv,
3,146,299,wrap_typescript,6.5129,,,,,0.0198,0.3456734277054744,0.3765578896420969,0.2731157875595562,0.2832453809307205,0.9425839679251228,4.470557,results/sbm_normalized_wrap_typescript_comparison.csv,
4,147,265,wrap_typescript,4.8574,,,,,0.0134,0.352318848806913,0.3764103660181094,0.2825499857894542,0.2689753090255969,0.8845459056277959,4.596204,results/sbm_normalized_wrap_typescript_comparison.csv,
4,148,132,wrap_typescript,0.9206,,,,,0.0029,0.3727358788654875,0.3960661986787638,0.3029965661452792,0.2328774272321112,0.680271353290353,4.940479,results/sbm_normalized_wrap_typescript_comparison.csv,
5,149,483,wrap_typescript,22.4927,,,,,0.0516,0.362043024421471,0.3968877592080329,0.2886300350162771,0.1684379092042636,0.9593048303357574,4.450015,results/sbm_normalized_wrap_typescript_comparison.csv,
6,150,788,wrap_typescript,85.7113,,,,,0.2725,0.4213499952704498,0.4597036874060266,0.3431762169329209,0.1071105068533746,0.9921170892599462,4.345045,results/sbm_normalized_wrap_typescript_comparison.csv,
3,151,109,wrap_typescript,0.6657,,,,,0.0022,0.3663465844024253,0.3897981832588022,0.2974441922345361,0.2587504463174229,0.7254627168118282,4.818325,results/sbm_normalized_wrap_typescript_comparison.csv,
3,152,370,wrap_typescript,11.2509,,,,,0.0318,0.357925443978046,0.3924234869497327,0.2858374072755404,0.2606764187611541,0.9773551419943168,4.431399,results/sbm_normalized_wrap_typescript_comparison.csv,
4,153,340,wrap_typescript,9.0947,,,,,0.024,0.3476000353549867,0.3761621941572653,0.2781829831145868,0.269767852663579,0.928073866691318,4.513414,results/sbm_normalized_wrap_typescript_comparison.csv,
4,154,993,wrap_typescript,166.2668,,,,,0.4972,0.435578978565844,0.4789535457288407,0.3553331620905115,0.1058215240829972,1.0,4.188413,results/sbm_normalized_wrap_typescript_comparison.csv,
4,155,148,wrap_typescript,1.2091,,,,,0.0038,0.3715842287048963,0.3993086577623952,0.3021083279994466,0.2327303916068069,0.7224870805698628,4.836093,results/sbm_normalized_wrap_typescript_comparison.csv,
7,156,566,wrap_typescript,34.9277,,,,,0.0719,0.3827654949169475,0.4153502929686721,0.3071010827280847,0.137147293897416,0.945966198256049,4.452088,results/sbm_normalized_wrap_typescript_comparison.csv,
7,157,387,wrap_typescript,12.3531,,,,,0.0297,0.3652836920746149,0.3916160725001882,0.2923846648454422,0.1856531795344304,0.8681953894377072,4.624925,results/sbm_normalized_wrap_typescript_comparison.csv,
4,158,532,wrap_typescript,30.2207,,,,,0.069,0.3744116573442337,0.410906314984343,0.2997457137611027,0.2206941290168162,0.985642093138411,4.396012,results/sbm_normalized_wrap_typescript_comparison.csv,
8,159,155,wrap_typescript,1.36,,,,,0.0035,0.3618355491879867,0.4011741334376217,0.2980868948592245,0.2701656122493434,0.5233504538687468,5.477676,results/sbm_normalized_wrap_typescript_comparison.csv,
4,160,366,wrap_typescript,10.967,,,,,0.0285,0.3463986633129543,0.3745365516294998,0.2755955611499812,0.2780681513881856,0.9439035380631472,4.487866,results/sbm_normalized_wrap_typescript_comparison.csv,
8,161,792,wrap_typescript,87.1491,,,,,0.1634,0.4187792518694852,0.4486668266559706,0.3370292222506322,0.081550170197481,0.9773654916512056,4.407632,results/sbm_normalized_wrap_typescript_comparison.csv,
4,162,496,wrap_typescript,24.5572,,,,,0.0577,0.3595078264393452,0.3945531921155326,0.2867807243314414,0.2463218953154126,0.9882766439909296,4.362701,results/sbm_normalized_wrap_typescript_comparison.csv,
8,163,149,wrap_typescript,1.2151,,,,,0.0032,0.3602667145640705,0.393496235377187,0.2942877287836196,0.2887442328686711,0.5282024505332525,5.52861,results/sbm_normalized_wrap_typescript_comparison.csv,
6,164,230,wrap_typescript,3.4164,,,,,0.0091,0.3818032033586543,0.4056164191216146,0.3091238811805303,0.1304814045971838,0.7187368673145529,4.850026,results/sbm_normalized_wrap_typescript_comparison.csv,
5,165,878,wrap_typescript,122.3333,,,,,0.353,0.430491042358968,0.4678764704843831,0.3497591978216586,0.1617036002719025,0.9987878787878788,4.286862,results/sbm_normalized_wrap_typescript_comparison.csv,
6,166,325,wrap_typescript,9.0183,,,,,0.0196,0.3689088274909771,0.3921746643403807,0.2929985707287856,0.1655532138711715,0.8489791576495818,4.636431,results/sbm_normalized_wrap_typescript_comparison.csv,
6,167,145,wrap_typescript,1.3087,,,,,0.0034,0.3669421733754651,0.4023862810140785,0.3014334493886199,0.2653240000260309,0.5265834435140856,5.497277,results/sbm_normalized_wrap_typescript_comparison.csv,
3,168,615,wrap_typescript,47.0348,,,,,0.1154,0.3981354958299024,0.4402577595282721,0.3221942770847957,0.1956749904894542,0.9983838383838384,4.283256,results/sbm_normalized_wrap_typescript_comparison.csv,
7,169,166,wrap_typescript,1.6576,,,,,0.0041,0.3566054479076025,0.3897728939104947,0.2925444920888972,0.3150858704139024,0.608836863687802,5.338577,results/sbm_normalized_wrap_typescript_comparison.csv,
3,170,102,wrap_typescript,0.6258,,,,,0.0019,0.3368670605019739,0.3724339348161585,0.2780559020264305,0.4678691643300261,0.7524430039477862,5.320567,results/sbm_normalized_wrap_typescript_comparison.csv,
8,171,520,wrap_typescript,29.5265,,,,,0.058,0.3812902785140273,0.4141114654388138,0.3065522878974592,0.1243453601881755,0.9258942039796229,4.504191,results/sbm_normalized_wrap_typescript_comparison.csv,
4,172,408,wrap_typescript,15.7379,,,,,0.0375,0.347816428924999,0.373726456521046,0.2746376960079585,0.2463195767646465,0.9525404635456176,4.471622,results/sbm_normalized_wrap_typescript_comparison.csv,
3,173,176,wrap_typescript,2.0499,,,,,0.0058,0.3580649420258098,0.3828453999958336,0.2881945884552616,0.2716730422676911,0.8033892541900743,4.708534,results/sbm_normalized_wrap_typescript_comparison.csv,
6,174,247,wrap_typescript,4.2524,,,,,0.0102,0.3859520763210731,0.4025344719931485,0.310500119562111,0.1128713021495348,0.7417544686393276,4.787142,results/sbm_normalized_wrap_typescript_comparison.csv,
3,175,838,wrap_typescript,116.0747,,,,,0.2791,0.463135094694957,0.4975860344544681,0.3785917709876135,0.2454933625742897,0.9991919191919192,4.106364,results/sbm_normalized_wrap_typescript_comparison.csv,
7,176,389,wrap_typescript,14.6126,,,,,0.0294,0.3658641677809345,0.3913213857943498,0.2908516256407206,0.1515174661548071,0.8810974179023623,4.578002,results/sbm_normalized_wrap_typescript_comparison.csv,
4,177,136,wrap_typescript,1.1779,,,,,0.0031,0.3618119532612603,0.393307368532341,0.2989159032422321,0.3519282269199111,0.6998704358325831,5.33672,results/sbm_normalized_wrap_typescript_comparison.csv,
5,178,519,wrap_typescript,31.5294,,,,,0.0591,0.3667611877275967,0.4021505332171108,0.294810382068065,0.2011310958044664,0.9621035239306586,4.427662,results/sbm_normalized_wrap_typescript_comparison.csv,
4,179,219,wrap_typescript,3.4627,,,,,0.0086,0.3576368533914767,0.3827330130480902,0.2877577756404129,0.2607560173363223,0.8154554446156541,4.705267,results/sbm_normalized_wrap_typescript_comparison.csv,
4,180,663,wrap_typescript,60.8418,,,,,0.2141,0.381200061844559,0.4215775890561362,0.3035151313583059,0.1933762719029359,0.9983838383838384,4.314335,results/sbm_normalized_wrap_typescript_comparison.csv,
8,181,299,wrap_typescript,7.1946,,,,,0.0148,0.3949428289741298,0.4204725165331958,0.3187695257929281,0.0615095270885285,0.6930201132369552,4.887167,results/sbm_normalized_wrap_typescript_comparison.csv,
6,182,118,wrap_typescript,0.8901,,,,,0.0021,0.3609379249507672,0.4006680627561235,0.2941582939998217,0.405040037699139,0.5327419107999422,6.319459,results/sbm_normalized_wrap_typescript_comparison.csv,
5,183,380,wrap_typescript,13.651,,,,,0.0288,0.3500267413795165,0.3740113851952359,0.2772888134642743,0.2167182278511381,0.9162783951443738,4.558454,results/sbm_normalized_wrap_typescript_comparison.csv,
8,184,945,wrap_typescript,172.4949,,,,,0.2541,0.4283429037237494,0.4665566565053109,0.3480923192086083,0.06248710898908,0.9935353535353534,4.315949,results/sbm_normalized_wrap_typescript_comparison.csv,
5,185,283,wrap_typescript,6.6764,,,,,0.0144,0.3547666870246162,0.380421733604857,0.2855550565755877,0.2450636861730484,0.8741694803913684,4.594949,results/sbm_normalized_wrap_typescript_comparison.csv,
6,186,170,wrap_typescript,1.8751,,,,,0.0046,0.357999345854184,0.3919685759992437,0.2961330570814564,0.2964897983604854,0.6530313530551795,5.165416,results/sbm_normalized_wrap_typescript_comparison.csv,
3,187,440,wrap_typescript,20.4438,,,,,0.0482,0.3639292634130035,0.4048499411622251,0.2869217797529738,0.2527281033613138,0.9850381364667076,4.40632,results/sbm_normalized_wrap_typescript_comparison.csv,
4,188,121,wrap_typescript,0.9362,,,,,0.0023,0.3557919324326002,0.3883074111748102,0.2920360717660908,0.384979101589416,0.6699047637283467,5.52578,results/sbm_normalized_wrap_typescript_comparison.csv,
7,189,331,wrap_typescript,9.8338,,,,,0.0197,0.3782017885411247,0.4017974633595465,0.3033722826803166,0.1364993058611167,0.8010499427738835,4.748063,results/sbm_normalized_wrap_typescript_comparison.csv,
4,190,109,wrap_typescript,0.7686,,,,,0.002,0.3648196437642957,0.3978006228614758,0.2982719080115162,0.3395932284435312,0.6334300419599974,5.449025,results/sbm_normalized_wrap_typescript_comparison.csv,
3,191,881,wrap_typescript,135.5288,,,,,0.412,0.4403288778024835,0.4845160658870208,0.3606606893850704,0.162122775759335,1.0,4.200123,results/sbm_normalized_wrap_typescript_comparison.csv,
3,192,711,wrap_typescript,74.2215,,,,,0.2558,0.4109031086521497,0.4524019006234538,0.3340083322028577,0.203514388628467,0.9995959595959596,4.216578,results/sbm_normalized_wrap_typescript_comparison.csv,
3,193,246,wrap_typescript,4.8106,,,,,0.0129,0.34424450150409,0.3737960142995811,0.2752996660532056,0.3130045615961986,0.926342716229052,4.518922,results/sbm_normalized_wrap_typescript_comparison.csv,
3,194,666,wrap_typescript,62.4281,,,,,0.1475,0.4017693785250087,0.4433784001691563,0.3209299180845186,0.2095061852788836,0.9993939393939394,4.248484,results/sbm_normalized_wrap_typescript_comparison.csv,
7,195,686,wrap_typescript,67.1357,,,,,0.1132,0.3955792308815591,0.4291014497423729,0.3188855220661357,0.1343748529253043,0.9787693259121824,4.366746,results/sbm_normalized_wrap_typescript_comparison.csv,
5,196,491,wrap_typescript,27.2884,,,,,0.0531,0.3609365697612252,0.3967320483842811,0.2872106773837178,0.1803384900055189,0.9580201712050012,4.443977,results/sbm_normalized_wrap_typescript_comparison.csv,
3,197,664,wrap_typescript,62.141,,,,,0.2378,0.4268671239552076,0.4692485931853057,0.3466701865607586,0.1990303517650711,0.998989898989899,4.308487,results/sbm_normalized_wrap_typescript_comparison.csv,
8,198,560,wrap_typescript,38.8813,,,,,0.0667,0.3833365212089404,0.4173338592429866,0.3065832162771081,0.1412125037121183,0.9335665708571192,4.466514,results/sbm_normalized_wrap_typescript_comparison.csv,
8,199,266,wrap_typescript,5.986,,,,,0.0113,0.3838827899294309,0.4043582769824705,0.3082595697918854,0.1272934882878652,0.7311493518026854,4.841222,results/sbm_normalized_wrap_typescript_comparison.csv,
6,0,433,wrap_python_newdist,2.2694,,,,,0.0387,0.3550086229205509,0.3791984690980743,0.2817967883989031,0.1978011832168045,0.9184355384041836,4.54973,results/sbm_normalized_wrap_python_newdist_comparison.csv,
3,1,109,wrap_python_newdist,0.0463,,,,,0.0026,0.3262202276779157,0.366583344604218,0.2694488593332346,0.4347160241877792,0.7695889023812615,4.913524,results/sbm_normalized_wrap_python_newdist_comparison.csv,
6,2,650,wrap_python_newdist,2.8618,,,,,0.1729,0.3988544211289743,0.4363067295898039,0.3185709234053129,0.1468695602777794,0.9807936507936504,4.361376,results/sbm_normalized_wrap_python_newdist_comparison.csv,
8,3,404,wrap_python_newdist,0.8467,,,,,0.024,0.3649242152656077,0.3912939005657605,0.2931496262748881,0.1790620561726441,0.8670349088237833,4.638278,results/sbm_normalized_wrap_python_newdist_comparison.csv,
6,4,349,wrap_python_newdist,0.6187,,,,,0.0176,0.3502835157708791,0.3817285563120818,0.2825365612586621,0.2548916177993181,0.8685486242378717,4.67246,results/sbm_normalized_wrap_python_newdist_comparison.csv,
7,5,654,wrap_python_newdist,2.8202,,,,,0.0793,0.4035783285049546,0.4402537698932723,0.3276032479614909,0.1235094280228727,0.9674273345701913,4.372668,results/sbm_normalized_wrap_python_newdist_comparison.csv,
6,6,720,wrap_python_newdist,3.7377,,,,,0.2025,0.4037745979214525,0.4410294865322026,0.3270522826873448,0.1461785076992504,0.986044114615543,4.315701,results/sbm_normalized_wrap_python_newdist_comparison.csv,
8,7,536,wrap_python_newdist,1.6923,,,,,0.0468,0.3895343069252305,0.4255941634639861,0.3160066946627076,0.1608336114515387,0.9172698491833629,4.537885,results/sbm_normalized_wrap_python_newdist_comparison.csv,
3,8,729,wrap_python_newdist,5.3417,,,,,0.1458,0.4184471335524414,0.4691807603134507,0.3407947299154049,0.1337375788926748,0.9995959595959596,4.20673,results/sbm_normalized_wrap_python_newdist_comparison.csv,
5,9,199,wrap_python_newdist,0.1677,,,,,0.005,0.3527603188557887,0.3828710436387353,0.2887822301708934,0.3075209962898161,0.7418554249667976,4.939182,results/sbm_normalized_wrap_python_newdist_comparison.csv,
3,10,106,wrap_python_newdist,0.0438,,,,,0.0016,0.3250656916284747,0.3653290723203669,0.2699122917957457,0.4442503332387719,0.7574397735062729,4.948823,results/sbm_normalized_wrap_python_newdist_comparison.csv,
6,11,468,wrap_python_newdist,1.2709,,,,,0.0356,0.3631686949789731,0.3951100934622621,0.2917217880217453,0.191160925570683,0.9448247040146884,4.468741,results/sbm_normalized_wrap_python_newdist_comparison.csv,
7,12,412,wrap_python_newdist,0.9088,,,,,0.025,0.3653382532729101,0.3968191352290697,0.2932121531803038,0.1756915502076169,0.886450654906119,4.622813,results/sbm_normalized_wrap_python_newdist_comparison.csv,
7,13,993,wrap_python_newdist,10.7429,,,,,0.3529,0.4494400280515366,0.4860080212811534,0.3712821629173584,0.1001349660592691,0.9955555555555554,4.231068,results/sbm_normalized_wrap_python_newdist_comparison.csv,
8,14,484,wrap_python_newdist,1.3093,,,,,0.0361,0.3706333137986948,0.402236313579322,0.2959606918370462,0.1327816184848373,0.9053464153645142,4.570438,results/sbm_normalized_wrap_python_newdist_comparison.csv,
7,15,488,wrap_python_newdist,1.3545,,,,,0.0378,0.3819741649457084,0.4161016593479767,0.3084188037905775,0.1580801235138922,0.9169737717346426,4.503993,results/sbm_normalized_wrap_python_newdist_comparison.csv,
6,16,136,wrap_python_newdist,0.0703,,,,,0.0022,0.332425338251522,0.3776979997968988,0.2726270927107853,0.3924269377421797,0.5664261181232639,5.553162,results/sbm_normalized_wrap_python_newdist_comparison.csv,
5,17,335,wrap_python_newdist,0.5877,,,,,0.0167,0.3513451675929439,0.3805820841417079,0.2803357465457844,0.2413735464597441,0.906324883705966,4.530797,results/sbm_normalized_wrap_python_newdist_comparison.csv,
7,18,306,wrap_python_newdist,0.442,,,,,0.0126,0.360101331581983,0.3929025146582348,0.2939526880222433,0.2226967711870726,0.8251797108142892,4.722156,results/sbm_normalized_wrap_python_newdist_comparison.csv,
6,19,859,wrap_python_newdist,6.2219,,,,,0.2823,0.4219490871784605,0.4632534581655365,0.3435099870222277,0.1022696756704887,0.9967676767676766,4.264456,results/sbm_normalized_wrap_python_newdist_comparison.csv,
4,20,372,wrap_python_newdist,0.7935,,,,,0.0233,0.3405867546760817,0.3711816972005997,0.2717279137522509,0.2792898500281129,0.9608121691350696,4.464597,results/sbm_normalized_wrap_python_newdist_comparison.csv,
6,21,392,wrap_python_newdist,0.8233,,,,,0.023,0.3537183212108869,0.3857878338960854,0.2841395396353708,0.2247818589737261,0.9057606600381934,4.552287,results/sbm_normalized_wrap_python_newdist_comparison.csv,
4,22,246,wrap_python_newdist,0.2929,,,,,0.0087,0.3475553754813188,0.3793650266443135,0.2808007314230718,0.3009515384962128,0.870436935571002,4.598121,results/sbm_normalized_wrap_python_newdist_comparison.csv,
7,23,168,wrap_python_newdist,0.1105,,,,,0.0033,0.3622082774102171,0.4045781841380049,0.299754956098933,0.2643846163818573,0.5968346319926376,5.250186,results/sbm_normalized_wrap_python_newdist_comparison.csv,
5,24,121,wrap_python_newdist,0.0561,,,,,0.0019,0.3212519300706996,0.3650180837079069,0.2657806580082696,0.4518376376684713,0.676983784810523,5.253156,results/sbm_normalized_wrap_python_newdist_comparison.csv,
4,25,612,wrap_python_newdist,2.7323,,,,,0.0797,0.3942938399211627,0.4346847892435609,0.3169773861263078,0.2128529834109873,0.9983838383838384,4.270857,results/sbm_normalized_wrap_python_newdist_comparison.csv,
3,26,752,wrap_python_newdist,5.381,,,,,0.1569,0.4376393673654635,0.4897165678164197,0.3611808277849778,0.128243997053559,0.9987878787878788,4.2393,results/sbm_normalized_wrap_python_newdist_comparison.csv,
6,27,216,wrap_python_newdist,0.1953,,,,,0.0056,0.3573837837187983,0.3875850275928665,0.2947861782034688,0.2783765803194458,0.6651807807249951,5.086448,results/sbm_normalized_wrap_python_newdist_comparison.csv,
8,28,282,wrap_python_newdist,0.3542,,,,,0.0103,0.3761777246859732,0.4023848001201591,0.306682119742617,0.1825170970922476,0.725495477324843,4.94757,results/sbm_normalized_wrap_python_newdist_comparison.csv,
7,29,170,wrap_python_newdist,0.1125,,,,,0.0034,0.3479943655723561,0.3882819861333758,0.287203099376796,0.3295121856974886,0.5954784668566516,5.375846,results/sbm_normalized_wrap_python_newdist_comparison.csv,
8,30,253,wrap_python_newdist,0.2752,,,,,0.0081,0.3675686543529818,0.3964344180393423,0.3020249433251463,0.2134917675423406,0.7027922716635774,4.967096,results/sbm_normalized_wrap_python_newdist_comparison.csv,
6,31,123,wrap_python_newdist,0.0567,,,,,0.0018,0.3345051656196475,0.3788781376800005,0.277028337753508,0.3873909920179115,0.6029614546012713,5.389414,results/sbm_normalized_wrap_python_newdist_comparison.csv,
8,32,198,wrap_python_newdist,0.157,,,,,0.0046,0.3639172840926495,0.4035102791810929,0.3004978190875229,0.2567036256537854,0.5950269456659535,5.231145,results/sbm_normalized_wrap_python_newdist_comparison.csv,
7,33,158,wrap_python_newdist,0.0956,,,,,0.0033,0.3255603567518895,0.3661535478502359,0.2682488531088973,0.4137687768419134,0.5851622915012029,5.512056,results/sbm_normalized_wrap_python_newdist_comparison.csv,
6,34,231,wrap_python_newdist,0.2298,,,,,0.0067,0.3617443801510453,0.3949401648864269,0.2957496983336778,0.2403527496334051,0.7452164671488006,4.882339,results/sbm_normalized_wrap_python_newdist_comparison.csv,
7,35,425,wrap_python_newdist,0.984,,,,,0.0271,0.3583776195271715,0.3857597792957087,0.2883934155222498,0.2352209711963187,0.903270360612576,4.600612,results/sbm_normalized_wrap_python_newdist_comparison.csv,
5,36,275,wrap_python_newdist,0.366,,,,,0.0104,0.3536823896395342,0.3830309980506805,0.2870944825173488,0.2635240749086908,0.838687668283417,4.693019,results/sbm_normalized_wrap_python_newdist_comparison.csv,
3,37,316,wrap_python_newdist,0.5823,,,,,0.0167,0.3431199567933242,0.3768676597799591,0.2707828107749306,0.2792856177421559,0.9684018759018752,4.434542,results/sbm_normalized_wrap_python_newdist_comparison.csv,
5,38,417,wrap_python_newdist,0.9864,,,,,0.0278,0.348404634386794,0.3814328380728627,0.2789963251646997,0.2507425985944806,0.9286308043309722,4.533301,results/sbm_normalized_wrap_python_newdist_comparison.csv,
3,39,889,wrap_python_newdist,8.7285,,,,,0.3443,0.4238569340491011,0.4715811517039378,0.3373611177253261,0.1949786105720544,1.0,4.308704,results/sbm_normalized_wrap_python_newdist_comparison.csv,
5,40,572,wrap_python_newdist,2.1785,,,,,0.0623,0.3772685638212831,0.4155936444971123,0.3030319230492445,0.1920099242611967,0.9814079571222424,4.418414,results/sbm_normalized_wrap_python_newdist_comparison.csv,
4,41,338,wrap_python_newdist,0.6202,,,,,0.0178,0.3425809901006535,0.3720027997425153,0.2737207956930098,0.2839103951186291,0.9314734145076164,4.496882,results/sbm_normalized_wrap_python_newdist_comparison.csv,
4,42,259,wrap_python_newdist,0.3332,,,,,0.0096,0.3402678413436754,0.3702615481389902,0.2731714067636214,0.3320403303935373,0.8893056165438061,4.608263,results/sbm_normalized_wrap_python_newdist_comparison.csv,
8,43,514,wrap_python_newdist,1.5161,,,,,0.0418,0.3739239192121039,0.4090532140474921,0.3012874772535979,0.1289013796612507,0.9236639830877676,4.541887,results/sbm_normalized_wrap_python_newdist_comparison.csv,
3,44,130,wrap_python_newdist,0.068,,,,,0.0023,0.3363290745937857,0.3684050591172634,0.2753557633885782,0.3899930426368827,0.7818567715135974,4.836338,results/sbm_normalized_wrap_python_newdist_comparison.csv,
7,45,846,wrap_python_newdist,5.4024,,,,,0.1577,0.438085191129852,0.4735847972780578,0.3587955207897622,0.0960760510254407,0.9856441970727684,4.232339,results/sbm_normalized_wrap_python_newdist_comparison.csv,
3,46,103,wrap_python_newdist,0.0412,,,,,0.0015,0.3289921953245339,0.369377502515088,0.2709464382332208,0.4219416155089645,0.7589050158238109,4.938038,results/sbm_normalized_wrap_python_newdist_comparison.csv,
7,47,957,wrap_python_newdist,7.7723,,,,,0.3297,0.4266852196328067,0.4644417372156838,0.3466011366893499,0.1098772333137382,0.991919191919192,4.269988,results/sbm_normalized_wrap_python_newdist_comparison.csv,
6,48,140,wrap_python_newdist,0.0757,,,,,0.0024,0.3425111696805812,0.3818477805872369,0.2812567878827501,0.3568131501418645,0.6329392332042053,5.306753,results/sbm_normalized_wrap_python_newdist_comparison.csv,
5,49,776,wrap_python_newdist,4.9601,,,,,0.1384,0.420275209445455,0.4572452762999353,0.3415304949211331,0.1561223194275425,0.9949453720882292,4.279836,results/sbm_normalized_wrap_python_newdist_comparison.csv,
4,50,301,wrap_python_newdist,0.4688,,,,,0.0135,0.344981591567911,0.3742064812355528,0.2762010729542897,0.3160097908497422,0.9118092561113212,4.558855,results/sbm_normalized_wrap_python_newdist_comparison.csv,
3,51,633,wrap_python_newdist,3.4753,,,,,0.0981,0.4172197088405683,0.4626519913800045,0.3427599596076165,0.158724037700452,0.9991919191919192,4.278221,results/sbm_normalized_wrap_python_newdist_comparison.csv,
5,52,184,wrap_python_newdist,0.1412,,,,,0.0042,0.3461533076964522,0.3798060971366904,0.2838432810736749,0.3435065205846273,0.7442362865571894,4.971435,results/sbm_normalized_wrap_python_newdist_comparison.csv,
3,53,277,wrap_python_newdist,0.4177,,,,,0.0122,0.3449357078471756,0.3763020740579443,0.2740581812819409,0.3109931491539677,0.9463312427652784,4.431235,results/sbm_normalized_wrap_python_newdist_comparison.csv,
7,54,109,wrap_python_newdist,0.045,,,,,0.0015,0.33562040432952,0.3768208199131332,0.2733475951261834,0.400321303946913,0.5577662581847636,5.611608,results/sbm_normalized_wrap_python_newdist_comparison.csv,
6,55,411,wrap_python_newdist,0.9428,,,,,0.125,0.3486235169565693,0.3762036139072688,0.278902714572027,0.2348872546704426,0.917244139912041,4.543013,results/sbm_normalized_wrap_python_newdist_comparison.csv,
4,56,523,wrap_python_newdist,1.8632,,,,,0.0526,0.362426837177367,0.400071276308531,0.2859813921162238,0.2345525716989197,0.9868645640074208,4.379795,results/sbm_normalized_wrap_python_newdist_comparison.csv,
3,57,572,wrap_python_newdist,2.5944,,,,,0.0749,0.3850711440493486,0.4326619608594049,0.3078072982093889,0.1970321060225645,0.9983838383838384,4.345879,results/sbm_normalized_wrap_python_newdist_comparison.csv,
4,58,849,wrap_python_newdist,6.675,,,,,0.2828,0.4160128094504456,0.460433997865469,0.3356595463440852,0.1804864900864103,1.0,4.202959,results/sbm_normalized_wrap_python_newdist_comparison.csv,
6,59,693,wrap_python_newdist,3.3459,,,,,0.0967,0.3915548027218081,0.4312123336904854,0.3141737122628903,0.1564932148117416,0.9844341372912798,4.39415,results/sbm_normalized_wrap_python_newdist_comparison.csv,
4,60,220,wrap_python_newdist,0.2247,,,,,0.0067,0.3452507923181537,0.3781114056561174,0.2797630858156828,0.3203005990196409,0.8338972871586803,4.697626,results/sbm_normalized_wrap_python_newdist_comparison.csv,
3,61,924,wrap_python_newdist,9.9881,,,,,0.3667,0.4011772359753929,0.4661225962969016,0.32190444117083,0.0942288676278132,1.0,4.225392,results/sbm_normalized_wrap_python_newdist_comparison.csv,
4,62,181,wrap_python_newdist,0.1399,,,,,0.0043,0.3395312772843928,0.3706078467020111,0.2789251544955564,0.3750982523992968,0.7945525665734761,4.82249,results/sbm_normalized_wrap_python_newdist_comparison.csv,
4,63,772,wrap_python_newdist,5.1153,,,,,0.1465,0.3959835845525196,0.4452031595364097,0.3177224314039411,0.1471860724849244,0.9983838383838384,4.280972,results/sbm_normalized_wrap_python_newdist_comparison.csv,
7,64,133,wrap_python_newdist,0.0661,,,,,0.002,0.3348502234779423,0.3801792604749075,0.2752275124017855,0.3798714325905131,0.5402935884260139,5.604531,results/sbm_normalized_wrap_python_newdist_comparison.csv,
8,65,385,wrap_python_newdist,0.7456,,,,,0.0208,0.3722094731768669,0.3969226330440356,0.2990181755267935,0.1502525168962507,0.8325398318799277,4.711605,results/sbm_normalized_wrap_python_newdist_comparison.csv,
3,66,645,wrap_python_newdist,3.4563,,,,,0.1052,0.3902574029188953,0.4410356215773413,0.315627888242408,0.1253644307370989,0.9983838383838384,4.271403,results/sbm_normalized_wrap_python_newdist_comparison.csv,
5,67,194,wrap_python_newdist,0.1593,,,,,0.0047,0.348377029047193,0.3812964125619987,0.2862729428221634,0.3106112375502152,0.7547605874298927,4.888247,results/sbm_normalized_wrap_python_newdist_comparison.csv,
7,68,657,wrap_python_newdist,2.8966,,,,,0.1862,0.3964155860277346,0.4299737522408566,0.3160023183256583,0.1481059292985553,0.9678230442442516,4.369979,results/sbm_normalized_wrap_python_newdist_comparison.csv,
6,69,910,wrap_python_newdist,7.0386,,,,,0.1989,0.4338741382602533,0.4694504751185125,0.3536246054645416,0.1154194736817321,0.9943434343434342,4.277993,results/sbm_normalized_wrap_python_newdist_comparison.csv,
4,70,356,wrap_python_newdist,0.6988,,,,,0.02,0.3406639085584568,0.3691689183129684,0.2722404417313172,0.2965445878203444,0.9365477029365478,4.523526,results/sbm_normalized_wrap_python_newdist_comparison.csv,
8,71,705,wrap_python_newdist,3.3217,,,,,0.1841,0.4018172784030442,0.433622007881207,0.3239801141585823,0.102787535927679,0.9570912363695864,4.392892,results/sbm_normalized_wrap_python_newdist_comparison.csv,
3,72,254,wrap_python_newdist,0.4361,,,,,0.0102,0.3443861335388483,0.3756049225884248,0.2742812205355204,0.3091705843360809,0.9321104765874332,4.487493,results/sbm_normalized_wrap_python_newdist_comparison.csv,
6,73,110,wrap_python_newdist,0.0456,,,,,0.0016,0.3281801182074919,0.3706826855385429,0.270606757086374,0.4167432707064138,0.5780861649265947,5.520039,results/sbm_normalized_wrap_python_newdist_comparison.csv,
8,74,260,wrap_python_newdist,0.2967,,,,,0.0085,0.3625829127220276,0.3924918367932277,0.2957286492597642,0.2534001015212654,0.7137368014373345,4.990787,results/sbm_normalized_wrap_python_newdist_comparison.csv,
3,75,102,wrap_python_newdist,0.0396,,,,,0.0014,0.3114504000201966,0.3610831220984717,0.2593029386722035,0.4959885080943839,0.7022467892243789,5.204073,results/sbm_normalized_wrap_python_newdist_comparison.csv,
4,76,119,wrap_python_newdist,0.0541,,,,,0.0018,0.3218174981225747,0.364863146420344,0.2665214928567618,0.4588481841482372,0.6565584707023249,5.353272,results/sbm_normalized_wrap_python_newdist_comparison.csv,
8,77,187,wrap_python_newdist,0.1387,,,,,0.0041,0.3582430734576123,0.395696072543876,0.2960508635190125,0.2774509864247719,0.605325465846176,5.300163,results/sbm_normalized_wrap_python_newdist_comparison.csv,
7,78,878,wrap_python_newdist,6.0522,,,,,0.173,0.4140347429631777,0.4482060253521191,0.3355120462243786,0.1245471531878526,0.9896824121713664,4.307969,results/sbm_normalized_wrap_python_newdist_comparison.csv,
5,79,732,wrap_python_newdist,4.1861,,,,,0.1182,0.4114082146446824,0.4513172090672506,0.3336143555290018,0.1421193553296079,0.995151515151515,4.263899,results/sbm_normalized_wrap_python_newdist_comparison.csv,
5,80,240,wrap_python_newdist,0.2627,,,,,0.0076,0.3470051063758067,0.376774752913699,0.2827283600387166,0.2951418185062863,0.816805001518227,4.75184,results/sbm_normalized_wrap_python_newdist_comparison.csv,
5,81,308,wrap_python_newdist,0.4818,,,,,0.0138,0.3431358534420421,0.3745907741933493,0.276064675685258,0.2836785354170605,0.876823059174956,4.644396,results/sbm_normalized_wrap_python_newdist_comparison.csv,
3,82,596,wrap_python_newdist,2.9616,,,,,0.1923,0.3889423488692887,0.4347562961973662,0.3114691985864432,0.2249502044061368,0.9967676767676766,4.316146,results/sbm_normalized_wrap_python_newdist_comparison.csv,
6,83,186,wrap_python_newdist,0.1414,,,,,0.0042,0.3580815417992931,0.3916947013864199,0.2959757308715197,0.2674133210229676,0.6518629097455224,5.113907,results/sbm_normalized_wrap_python_newdist_comparison.csv,
3,84,760,wrap_python_newdist,5.8977,,,,,0.1585,0.3935404293954617,0.4370180263514259,0.3156246423203749,0.2012318577086923,1.0,4.273195,results/sbm_normalized_wrap_python_newdist_comparison.csv,
6,85,220,wrap_python_newdist,0.2092,,,,,0.0061,0.3560986412940641,0.3849442263615398,0.2914462419115405,0.2733503942452737,0.7407731544033048,4.910699,results/sbm_normalized_wrap_python_newdist_comparison.csv,
3,86,206,wrap_python_newdist,0.1988,,,,,0.0061,0.3421275698907782,0.3733338825548883,0.2785498372972327,0.3596889938832493,0.8654125902608556,4.70122,results/sbm_normalized_wrap_python_newdist_comparison.csv,
4,87,758,wrap_python_newdist,4.8576,,,,,0.2375,0.4128427397852184,0.4526599819592429,0.3350642741297384,0.157033529109931,0.9983838383838384,4.231073,results/sbm_normalized_wrap_python_newdist_comparison.csv,
6,88,465,wrap_python_newdist,1.2366,,,,,0.0351,0.3636427498780487,0.3956294545705453,0.291692489656818,0.19479238238479,0.9327795308640162,4.512537,results/sbm_normalized_wrap_python_newdist_comparison.csv,
8,89,842,wrap_python_newdist,5.2816,,,,,0.1499,0.4142474173391324,0.4507202736424022,0.3366251016755048,0.0885105348042844,0.9830303030303028,4.343851,results/sbm_normalized_wrap_python_newdist_comparison.csv,
8,90,725,wrap_python_newdist,3.6188,,,,,0.1006,0.4152450502187736,0.4521397656805269,0.336722124636626,0.0822934097840352,0.9672188325502016,4.392296,results/sbm_normalized_wrap_python_newdist_comparison.csv,
3,91,138,wrap_python_newdist,0.0784,,,,,0.0026,0.3314967936975667,0.3697018329860197,0.2723308425916734,0.4087167583799733,0.7996321215048358,4.809209,results/sbm_normalized_wrap_python_newdist_comparison.csv,
7,92,518,wrap_python_newdist,1.5962,,,,,0.1379,0.3762384261657056,0.4114862640292319,0.3015800414287926,0.1762065548727339,0.9430977046394932,4.47227,results/sbm_normalized_wrap_python_newdist_comparison.csv,
8,93,248,wrap_python_newdist,0.2655,,,,,0.0076,0.3681752544485056,0.3998693513673801,0.3013624098749949,0.2232801746693265,0.7133477299124844,4.960679,results/sbm_normalized_wrap_python_newdist_comparison.csv,
7,94,364,wrap_python_newdist,0.6816,,,,,0.0194,0.3589944353825454,0.3879169013599507,0.2890410031497528,0.2058629883687363,0.8624321039817475,4.637985,results/sbm_normalized_wrap_python_newdist_comparison.csv,
7,95,156,wrap_python_newdist,0.0933,,,,,0.0029,0.3477738679203347,0.3883101046301199,0.2854096958557243,0.3291845829402294,0.5833183549502978,5.402375,results/sbm_normalized_wrap_python_newdist_comparison.csv,
4,96,333,wrap_python_newdist,0.6035,,,,,0.0177,0.343563912155538,0.3684340648023942,0.2728851588815705,0.2857665661201874,0.9455236976858844,4.464396,results/sbm_normalized_wrap_python_newdist_comparison.csv,
3,97,959,wrap_python_newdist,11.1037,,,,,0.3986,0.421806823601906,0.4613891177699235,0.3425314870067539,0.1826871589251281,1.0,4.209273,results/sbm_normalized_wrap_python_newdist_comparison.csv,
6,98,101,wrap_python_newdist,0.0374,,,,,0.0023,0.3228753053203271,0.3674718509275196,0.266262210452134,0.4509473062878635,0.5816317392129945,5.617188,results/sbm_normalized_wrap_python_newdist_comparison.csv,
6,99,951,wrap_python_newdist,7.665,,,,,0.2243,0.4237363485722269,0.46111745137828,0.3463584701940208,0.0983279741639557,0.995151515151515,4.288095,results/sbm_normalized_wrap_python_newdist_comparison.csv,
7,100,208,wrap_python_newdist,0.1787,,,,,0.0051,0.3635218138110892,0.3979582391547116,0.2979696583394889,0.2698900550904177,0.6556337138484849,5.133197,results/sbm_normalized_wrap_python_newdist_comparison.csv,
6,101,470,wrap_python_newdist,1.293,,,,,0.036,0.3680982189877648,0.3965885649906969,0.2911499273125273,0.1986749805260752,0.9480546629773424,4.423402,results/sbm_normalized_wrap_python_newdist_comparison.csv,
8,102,378,wrap_python_newdist,0.7282,,,,,0.0199,0.3612933456646409,0.3932691209494778,0.2906717386030401,0.1944463658275475,0.8505069847291054,4.649513,results/sbm_normalized_wrap_python_newdist_comparison.csv,
3,103,917,wrap_python_newdist,9.7856,,,,,0.3721,0.4184209919805464,0.4688988878362006,0.3392411574399213,0.174582732013346,1.0,4.267994,results/sbm_normalized_wrap_python_newdist_comparison.csv,
6,104,316,wrap_python_newdist,0.5,,,,,0.0141,0.3496138136702768,0.3791690514533033,0.2825981876490903,0.2714293423969982,0.8533354852802774,4.665271,results/sbm_normalized_wrap_python_newdist_comparison.csv,
7,105,150,wrap_python_newdist,0.0859,,,,,0.0027,0.3492535960486173,0.3907450758595612,0.2870241521358235,0.334603447565452,0.5855357298634738,5.422559,results/sbm_normalized_wrap_python_newdist_comparison.csv,
7,106,115,wrap_python_newdist,0.0479,,,,,0.0017,0.3427194109732749,0.3833539723002667,0.2797922792908507,0.3752504535800179,0.5271029146109364,5.691587,results/sbm_normalized_wrap_python_newdist_comparison.csv,
4,107,122,wrap_python_newdist,0.0567,,,,,0.002,0.3238052366044,0.36991731916513,0.2683348494663182,0.4310054530477176,0.6811059110203397,5.195394,results/sbm_normalized_wrap_python_newdist_comparison.csv,
4,108,747,wrap_python_newdist,4.6238,,,,,0.1347,0.4119373512696977,0.4478342353832592,0.3333814130269398,0.1882629646936488,0.9995959595959596,4.261868,results/sbm_normalized_wrap_python_newdist_comparison.csv,
3,109,817,wrap_python_newdist,6.6633,,,,,0.2982,0.4227450873887407,0.4713974533939342,0.3493197153328736,0.1494851323985283,1.0,4.275164,results/sbm_normalized_wrap_python_newdist_comparison.csv,
4,110,822,wrap_python_newdist,6.0043,,,,,0.1737,0.4235296552466653,0.4710249964407891,0.3448606177667443,0.1163400307154942,0.9991919191919192,4.227729,results/sbm_normalized_wrap_python_newdist_comparison.csv,
3,111,118,wrap_python_newdist,0.0555,,,,,0.0025,0.3310765282885426,0.3727161633610298,0.2752975617405262,0.4836324823082251,0.7814554777405687,5.21167,results/sbm_normalized_wrap_python_newdist_comparison.csv,
7,112,739,wrap_python_newdist,3.9806,,,,,0.2045,0.4212731308973764,0.4564667362979029,0.3406436686365252,0.0871861243316583,0.983026180169037,4.306959,results/sbm_normalized_wrap_python_newdist_comparison.csv,
3,113,313,wrap_python_newdist,0.5663,,,,,0.0168,0.3430105264343828,0.3765790012254149,0.2716718713387556,0.2861998561842134,0.9600232853997576,4.449381,results/sbm_normalized_wrap_python_newdist_comparison.csv,
5,114,471,wrap_python_newdist,1.3525,,,,,0.0383,0.3582793157140359,0.3884131416385927,0.2863202740344008,0.2273961482212797,0.9524363984894167,4.464635,results/sbm_normalized_wrap_python_newdist_comparison.csv,
3,115,513,wrap_python_newdist,1.8893,,,,,0.0565,0.3704647381194181,0.4058921314889447,0.2951582910206812,0.269472594983471,0.993131313131313,4.311283,results/sbm_normalized_wrap_python_newdist_comparison.csv,
7,116,321,wrap_python_newdist,0.4973,,,,,0.0142,0.3605034612592526,0.3866768888637182,0.292302288310051,0.2297049568453606,0.8092282296867844,4.776426,results/sbm_normalized_wrap_python_newdist_comparison.csv,
3,117,123,wrap_python_newdist,0.0603,,,,,0.0022,0.3320231795444364,0.3710633748177524,0.2726091872573176,0.4030348695825987,0.7933492887870786,4.835445,results/sbm_normalized_wrap_python_newdist_comparison.csv,
7,118,157,wrap_python_newdist,0.0952,,,,,0.003,0.346898302579694,0.3843216109755258,0.2870034259175478,0.3334160821067067,0.640112157542744,5.231652,results/sbm_normalized_wrap_python_newdist_comparison.csv,
6,119,308,wrap_python_newdist,0.4554,,,,,0.0132,0.3528911877047848,0.3867606031025482,0.2849736234456722,0.2565457860439951,0.8572981126905279,4.655179,results/sbm_normalized_wrap_python_newdist_comparison.csv,
4,120,152,wrap_python_newdist,0.0917,,,,,0.0029,0.3459643023445626,0.3826838966009047,0.2851612340495657,0.3327796375506135,0.7138364576532532,5.001964,results/sbm_normalized_wrap_python_newdist_comparison.csv,
6,121,632,wrap_python_newdist,2.6521,,,,,0.0749,0.3865529997099032,0.4212320692453193,0.3102337999990371,0.1768763764204629,0.982222222222222,4.392288,results/sbm_normalized_wrap_python_newdist_comparison.csv,
5,122,650,wrap_python_newdist,3.0364,,,,,0.181,0.4001510505038221,0.4372228124633264,0.3259972786486971,0.1882052991490891,0.990088556509764,4.348146,results/sbm_normalized_wrap_python_newdist_comparison.csv,
5,123,451,wrap_python_newdist,1.2077,,,,,0.0341,0.3530968120572315,0.3861694887963152,0.281891985004046,0.2424560112447054,0.9519312204731936,4.468871,results/sbm_normalized_wrap_python_newdist_comparison.csv,
6,124,116,wrap_python_newdist,0.0499,,,,,0.0017,0.3244427349292589,0.3688975676906072,0.2670730883035662,0.4255291974929165,0.5581502270184773,5.659176,results/sbm_normalized_wrap_python_newdist_comparison.csv,
6,125,240,wrap_python_newdist,0.2557,,,,,0.0076,0.3631666423214996,0.3885014985200447,0.295384107359262,0.2292333133317712,0.7722031524714449,4.804733,results/sbm_normalized_wrap_python_newdist_comparison.csv,
5,126,986,wrap_python_newdist,9.1201,,,,,0.2661,0.4241277577827805,0.4591492218223346,0.3444766488344077,0.1583307561792157,0.9995959595959596,4.23664,results/sbm_normalized_wrap_python_newdist_comparison.csv,
3,127,305,wrap_python_newdist,0.5205,,,,,0.1057,0.3474763084914741,0.38523771537322,0.2760486364908434,0.2680041517828523,0.9648676022267696,4.421035,results/sbm_normalized_wrap_python_newdist_comparison.csv,
8,128,754,wrap_python_newdist,3.9636,,,,,0.1117,0.4222431884673592,0.4542396919183309,0.3428303298046414,0.104358300869537,0.975732580911152,4.296359,results/sbm_normalized_wrap_python_newdist_comparison.csv,
4,129,510,wrap_python_newdist,1.7348,,,,,0.0489,0.3717594097761671,0.404200010339854,0.2973352006591381,0.2500358300482986,0.9880705009276436,4.35212,results/sbm_normalized_wrap_python_newdist_comparison.csv,
7,130,629,wrap_python_newdist,2.5815,,,,,0.0717,0.3888960752738054,0.4268637032988553,0.3130665584056788,0.1432061247041017,0.96539455144757,4.440691,results/sbm_normalized_wrap_python_newdist_comparison.csv,
7,131,626,wrap_python_newdist,2.5392,,,,,0.0706,0.3796510073402886,0.4145874513187632,0.3024328643994071,0.1687113540183674,0.966425309267724,4.414838,results/sbm_normalized_wrap_python_newdist_comparison.csv,
7,132,230,wrap_python_newdist,0.2267,,,,,0.0064,0.3696899565107832,0.4002346446475843,0.3018860128576216,0.2154847952585858,0.6983495782363589,4.963267,results/sbm_normalized_wrap_python_newdist_comparison.csv,
6,133,347,wrap_python_newdist,0.6173,,,,,0.0172,0.355676108838182,0.3851608211126608,0.2885471223632624,0.2514705275146914,0.8798357109581866,4.629561,results/sbm_normalized_wrap_python_newdist_comparison.csv,
4,134,255,wrap_python_newdist,0.316,,,,,0.0093,0.3460925399407275,0.3765942934661712,0.2780993130369493,0.3022406888709091,0.884634077229763,4.580799,results/sbm_normalized_wrap_python_newdist_comparison.csv,
4,135,555,wrap_python_newdist,2.1721,,,,,0.1562,0.3818928987644526,0.425167376888186,0.3056505610912717,0.1921779977770322,0.987258297258297,4.34087,results/sbm_normalized_wrap_python_newdist_comparison.csv,
5,136,137,wrap_python_newdist,0.0731,,,,,0.0023,0.3291385943348029,0.3735853597413774,0.2712836068848127,0.4153637977289612,0.6526368220711841,5.319771,results/sbm_normalized_wrap_python_newdist_comparison.csv,
3,137,662,wrap_python_newdist,3.7277,,,,,0.1115,0.3911121436044326,0.4323719147625973,0.3118230307989299,0.2191117312966986,0.9987878787878788,4.316605,results/sbm_normalized_wrap_python_newdist_comparison.csv,
3,138,697,wrap_python_newdist,4.3383,,,,,0.2208,0.401074157330181,0.4487432822724854,0.3246366235047745,0.185824188521526,0.9991919191919192,4.316993,results/sbm_normalized_wrap_python_newdist_comparison.csv,
6,139,954,wrap_python_newdist,8.2633,,,,,0.2252,0.4395379509482243,0.4747211465349563,0.3614638374061367,0.1129851136346976,0.997979797979798,4.249216,results/sbm_normalized_wrap_python_newdist_comparison.csv,
6,140,318,wrap_python_newdist,0.5089,,,,,0.0147,0.3654531344748057,0.3921467904357779,0.2948914578893366,0.2261584643638154,0.8301858375413486,4.705838,results/sbm_normalized_wrap_python_newdist_comparison.csv,
4,141,820,wrap_python_newdist,6.4502,,,,,0.2726,0.4092659164704756,0.4464808334657945,0.3292067164858743,0.2191747151719267,0.9995959595959596,4.271063,results/sbm_normalized_wrap_python_newdist_comparison.csv,
3,142,730,wrap_python_newdist,5.2888,,,,,0.1449,0.4156358959309045,0.4625108807372823,0.3399009107165404,0.1811154234374585,0.9995959595959596,4.291521,results/sbm_normalized_wrap_python_newdist_comparison.csv,
4,143,196,wrap_python_newdist,0.1687,,,,,0.0052,0.3427366610874231,0.377029812480054,0.2814832660001967,0.3394675384190881,0.8020697897474569,4.76711,results/sbm_normalized_wrap_python_newdist_comparison.csv,
8,144,372,wrap_python_newdist,0.6918,,,,,0.0196,0.3581895264448477,0.3805770153013352,0.289743930677366,0.2151409982580592,0.8422353322186141,4.681954,results/sbm_normalized_wrap_python_newdist_comparison.csv,
8,145,246,wrap_python_newdist,0.2595,,,,,0.0074,0.3656349999471794,0.3968784189459071,0.2989928743087623,0.2331255415504196,0.7113461630889233,4.962011,results/sbm_normalized_wrap_python_newdist_comparison.csv,
3,146,299,wrap_python_newdist,0.4866,,,,,0.0147,0.342121873738311,0.3754456398981685,0.2736285531004316,0.3186089381560739,0.9449265585987808,4.497852,results/sbm_normalized_wrap_python_newdist_comparison.csv,
4,147,265,wrap_python_newdist,0.3473,,,,,0.0102,0.3431885811344482,0.375430778942615,0.2765111757863692,0.326710638898488,0.8904224951045485,4.612752,results/sbm_normalized_wrap_python_newdist_comparison.csv,
4,148,132,wrap_python_newdist,0.0688,,,,,0.0023,0.3349556242029272,0.3736861328082239,0.2777061162052328,0.3943107163230698,0.7234244040750099,5.019242,results/sbm_normalized_wrap_python_newdist_comparison.csv,
5,149,483,wrap_python_newdist,1.4492,,,,,0.0403,0.3686036812857664,0.4028550351307259,0.2950532260787378,0.1831839243039589,0.9597048753897052,4.432296,results/sbm_normalized_wrap_python_newdist_comparison.csv,
6,150,788,wrap_python_newdist,4.7516,,,,,0.2505,0.4264214614464587,0.4657323143382461,0.3486992055155945,0.1365961841797725,0.9921191506905792,4.260369,results/sbm_normalized_wrap_python_newdist_comparison.csv,
3,151,109,wrap_python_newdist,0.0472,,,,,0.0017,0.327470288149582,0.3641895067825818,0.2716572310912738,0.4272862535649446,0.7734171235443255,4.890654,results/sbm_normalized_wrap_python_newdist_comparison.csv,
3,152,370,wrap_python_newdist,0.8495,,,,,0.0248,0.3468366431509803,0.3839021019269986,0.2737897028292106,0.2750831182534803,0.9769552669552666,4.420511,results/sbm_normalized_wrap_python_newdist_comparison.csv,
4,153,340,wrap_python_newdist,0.6423,,,,,0.0186,0.3435972509859898,0.372384421256979,0.275652281133506,0.3040536986423598,0.931136904456691,4.498326,results/sbm_normalized_wrap_python_newdist_comparison.csv,
4,154,993,wrap_python_newdist,10.7198,,,,,0.3965,0.4167898293144315,0.4590333672690348,0.3373533578842729,0.1365754701060913,1.0,4.260637,results/sbm_normalized_wrap_python_newdist_comparison.csv,
4,155,148,wrap_python_newdist,0.0894,,,,,0.0037,0.3271072055408007,0.3643343008781754,0.2705727850040835,0.4270781613415674,0.7620781158345724,4.913201,results/sbm_normalized_wrap_python_newdist_comparison.csv,
7,156,566,wrap_python_newdist,1.9807,,,,,0.0555,0.3784811226566927,0.4167391561294249,0.3031863572411062,0.1131738047093421,0.9455642577457156,4.466496,results/sbm_normalized_wrap_python_newdist_comparison.csv,
7,157,387,wrap_python_newdist,0.7858,,,,,0.0229,0.3642346002182239,0.3931254096769353,0.2935276088142865,0.1937871754182838,0.8645063463837575,4.614483,results/sbm_normalized_wrap_python_newdist_comparison.csv,
4,158,532,wrap_python_newdist,1.9032,,,,,0.0545,0.3694011145455309,0.4054323052051301,0.2948100466162012,0.2175878918064689,0.9862420119562972,4.372258,results/sbm_normalized_wrap_python_newdist_comparison.csv,
8,159,155,wrap_python_newdist,0.092,,,,,0.0027,0.346255842525308,0.3886052764818631,0.2833463355369234,0.3298057030990656,0.5535151657492237,5.481874,results/sbm_normalized_wrap_python_newdist_comparison.csv,
4,160,366,wrap_python_newdist,0.7688,,,,,0.0217,0.3474155495036318,0.3764096613176708,0.2750673682210314,0.2716435133291129,0.9452678158555214,4.476695,results/sbm_normalized_wrap_python_newdist_comparison.csv,
8,161,792,wrap_python_newdist,4.5563,,,,,0.127,0.4186941710097301,0.4509022044495444,0.3396298821989554,0.0944355345839689,0.9777571634714488,4.346614,results/sbm_normalized_wrap_python_newdist_comparison.csv,
4,162,496,wrap_python_newdist,1.6457,,,,,0.1499,0.3669868282529263,0.4097649837157857,0.2914040567561715,0.2019224646047673,0.9884724799010512,4.361999,results/sbm_normalized_wrap_python_newdist_comparison.csv,
8,163,149,wrap_python_newdist,0.0846,,,,,0.0026,0.3541198357695729,0.3985462845236567,0.2916280328710084,0.3059465909017055,0.5391350259611449,5.499972,results/sbm_normalized_wrap_python_newdist_comparison.csv,
6,164,230,wrap_python_newdist,0.2316,,,,,0.0066,0.358391797943789,0.3877906996840522,0.2960312809404476,0.2587423264200422,0.7407244670662085,4.892095,results/sbm_normalized_wrap_python_newdist_comparison.csv,
5,165,878,wrap_python_newdist,7.1383,,,,,0.1968,0.436479308633236,0.47016133318761,0.3577534427457478,0.1757418443134629,0.9987878787878788,4.229286,results/sbm_normalized_wrap_python_newdist_comparison.csv,
6,166,325,wrap_python_newdist,0.5317,,,,,0.0151,0.3579664120555269,0.3853487709920518,0.2899221091494063,0.243515817526253,0.8532365933976992,4.676741,results/sbm_normalized_wrap_python_newdist_comparison.csv,
6,167,145,wrap_python_newdist,0.0814,,,,,0.0025,0.3368961354451504,0.3786136653527857,0.2778330170215456,0.3715487073584794,0.5725631255285576,5.485348,results/sbm_normalized_wrap_python_newdist_comparison.csv,
3,168,615,wrap_python_newdist,3.2998,,,,,0.1836,0.3849376372119219,0.4317108462699743,0.3049702185167143,0.1901465124293856,0.9983838383838384,4.278029,results/sbm_normalized_wrap_python_newdist_comparison.csv,
7,169,166,wrap_python_newdist,0.1097,,,,,0.0032,0.3457797059186186,0.3890330397375793,0.2854412228971037,0.3553599417401039,0.6229497553166757,5.326245,results/sbm_normalized_wrap_python_newdist_comparison.csv,
3,170,102,wrap_python_newdist,0.0408,,,,,0.0015,0.3275537682435695,0.3705395890348644,0.2728188442335489,0.4930607826787935,0.7570095331313443,5.243132,results/sbm_normalized_wrap_python_newdist_comparison.csv,
8,171,520,wrap_python_newdist,1.6516,,,,,0.0437,0.3678782689438367,0.3994453140388504,0.2962250550657351,0.1743795951278824,0.9295868750260748,4.514431,results/sbm_normalized_wrap_python_newdist_comparison.csv,
4,172,408,wrap_python_newdist,1.0131,,,,,0.0284,0.3469570482898119,0.3739116432486782,0.2754101624427714,0.2708480492959231,0.9531315721383828,4.496983,results/sbm_normalized_wrap_python_newdist_comparison.csv,
3,173,176,wrap_python_newdist,0.1398,,,,,0.0046,0.3345301767870638,0.3687968913353205,0.272592552187949,0.3860231435686989,0.8273340208450984,4.713725,results/sbm_normalized_wrap_python_newdist_comparison.csv,
6,174,247,wrap_python_newdist,0.2761,,,,,0.0078,0.3587236960815299,0.3851283659998638,0.292417266373381,0.2546933523269414,0.7686725555729086,4.864229,results/sbm_normalized_wrap_python_newdist_comparison.csv,
3,175,838,wrap_python_newdist,7.5086,,,,,0.2059,0.4270581949896276,0.4714894835950194,0.3487369270057571,0.1733546120353062,0.9991919191919192,4.220203,results/sbm_normalized_wrap_python_newdist_comparison.csv,
7,176,389,wrap_python_newdist,0.8012,,,,,0.0218,0.3621978163188052,0.3903806283097417,0.291021409543412,0.207058476805357,0.8865210481392556,4.640634,results/sbm_normalized_wrap_python_newdist_comparison.csv,
4,177,136,wrap_python_newdist,0.0734,,,,,0.0024,0.3276677025973538,0.3684073740834994,0.2724401940170266,0.4479385571216194,0.7249904432598601,5.151299,results/sbm_normalized_wrap_python_newdist_comparison.csv,
5,178,519,wrap_python_newdist,1.7532,,,,,0.0474,0.3737982806906658,0.4076929879018114,0.2996058430613763,0.1897492469437649,0.9613436277353796,4.415514,results/sbm_normalized_wrap_python_newdist_comparison.csv,
4,179,219,wrap_python_newdist,0.2214,,,,,0.0068,0.34182922578446,0.3731661511876043,0.277947382813105,0.3389722495112059,0.8264365785889568,4.715803,results/sbm_normalized_wrap_python_newdist_comparison.csv,
4,180,663,wrap_python_newdist,3.4559,,,,,0.1001,0.3956269944086943,0.4373477255526035,0.3199132649171755,0.1841838791882067,0.9983838383838384,4.282291,results/sbm_normalized_wrap_python_newdist_comparison.csv,
8,181,299,wrap_python_newdist,0.4149,,,,,0.0114,0.3654534538632384,0.3885173286575533,0.2983290871107684,0.2405889047657068,0.7214242333775558,4.969212,results/sbm_normalized_wrap_python_newdist_comparison.csv,
6,182,118,wrap_python_newdist,0.0519,,,,,0.0017,0.3523711185365497,0.3936781671174897,0.2879328511582576,0.4238941123273502,0.5436978655926503,6.246274,results/sbm_normalized_wrap_python_newdist_comparison.csv,
5,183,380,wrap_python_newdist,0.8136,,,,,0.0226,0.3463270264144761,0.3733136397618586,0.276566032002317,0.2507831534234186,0.9206738180495398,4.559508,results/sbm_normalized_wrap_python_newdist_comparison.csv,
8,184,945,wrap_python_newdist,7.6618,,,,,0.2954,0.4291918131542046,0.464232672791505,0.3457168071367513,0.090323225427964,0.993731189445475,4.340899,results/sbm_normalized_wrap_python_newdist_comparison.csv,
5,185,283,wrap_python_newdist,0.4031,,,,,0.0115,0.3496266827997187,0.3820162341946551,0.2819384247803134,0.2659594313691259,0.8780519055753762,4.603926,results/sbm_normalized_wrap_python_newdist_comparison.csv,
6,186,170,wrap_python_newdist,0.1168,,,,,0.0036,0.3468180973409494,0.3835986420003978,0.2858158883979564,0.3400628742151367,0.6684266139066906,5.134387,results/sbm_normalized_wrap_python_newdist_comparison.csv,
3,187,440,wrap_python_newdist,1.3424,,,,,0.0379,0.3734126491888836,0.4077645079067115,0.2942479921462217,0.2736632769957821,0.9860338074623786,4.326891,results/sbm_normalized_wrap_python_newdist_comparison.csv,
4,188,121,wrap_python_newdist,0.0568,,,,,0.0019,0.3236485806790088,0.3665303645223191,0.2699876744875615,0.4383593626362591,0.6781336315905804,5.23452,results/sbm_normalized_wrap_python_newdist_comparison.csv,
7,189,331,wrap_python_newdist,0.5441,,,,,0.0155,0.3634375498925664,0.3898450077668873,0.2955952357022542,0.1968792237785439,0.8008235528923418,4.764406,results/sbm_normalized_wrap_python_newdist_comparison.csv,
4,190,109,wrap_python_newdist,0.0454,,,,,0.0016,0.3299326166040631,0.3769429173780624,0.2737152880236395,0.4222184672554354,0.6597597514697056,5.271387,results/sbm_normalized_wrap_python_newdist_comparison.csv,
3,191,881,wrap_python_newdist,9.3646,,,,,0.3335,0.4537326907634573,0.488813909416521,0.3640482420754925,0.2764389148741913,1.0,4.187814,results/sbm_normalized_wrap_python_newdist_comparison.csv,
3,192,711,wrap_python_newdist,4.9976,,,,,0.135,0.4097833911499707,0.4534215765754906,0.3310100346879986,0.2040369002602085,0.9997979797979798,4.28465,results/sbm_normalized_wrap_python_newdist_comparison.csv,
3,193,246,wrap_python_newdist,0.3191,,,,,0.01,0.3429127358900029,0.3778021150554229,0.2758299734164767,0.3215039465231203,0.9248070919041008,4.492917,results/sbm_normalized_wrap_python_newdist_comparison.csv,
3,194,666,wrap_python_newdist,3.818,,,,,0.1153,0.3973902598444643,0.4432374833416408,0.323482807785881,0.1682718155858188,0.9991919191919192,4.253514,results/sbm_normalized_wrap_python_newdist_comparison.csv,
7,195,686,wrap_python_newdist,3.2584,,,,,0.1962,0.40082083156781,0.4343068366425866,0.3253123285461232,0.1412153328843005,0.9783776540919392,4.379169,results/sbm_normalized_wrap_python_newdist_comparison.csv,
5,196,491,wrap_python_newdist,1.5134,,,,,0.0448,0.3661317511808009,0.4004070127548405,0.2930529684924895,0.2230968462453883,0.9570704520483602,4.447088,results/sbm_normalized_wrap_python_newdist_comparison.csv,
3,197,664,wrap_python_newdist,3.7406,,,,,0.1125,0.4192314454592684,0.4666866977901119,0.3380387603547826,0.1732278527217211,0.9991919191919192,4.255178,results/sbm_normalized_wrap_python_newdist_comparison.csv,
8,198,560,wrap_python_newdist,1.9215,,,,,0.0525,0.3888862946527534,0.422771036452399,0.3117128097892181,0.1128215142122546,0.932818847001468,4.471171,results/sbm_normalized_wrap_python_newdist_comparison.csv,
8,199,266,wrap_python_newdist,0.3148,,,,,0.009,0.3642791815026096,0.3945649337128341,0.2964112028766305,0.2329501245251043,0.7504292392077123,4.892068,results/sbm_normalized_wrap_python_newdist_comparison.csv,
6,0,433,wrap_python,2.4083,,,,,0.03,0.3567394434687849,0.3809194022530403,0.283232144552948,0.1888708608938252,0.9190320729748674,4.54628,results/sbm_normalized_wrap_python_comparison.csv,
3,1,109,wrap_python,0.0572,,,,,0.0022,0.3735795152957732,0.399420807303041,0.3042814612406219,0.2333224502750101,0.7160743766632442,4.830269,results/sbm_normalized_wrap_python_comparison.csv,
6,2,650,wrap_python,3.1757,,,,,0.1527,0.4021639975711316,0.4412711659373677,0.3238737357918027,0.1518843379813105,0.980197897340754,4.329719,results/sbm_normalized_wrap_python_comparison.csv,
8,3,404,wrap_python,0.9732,,,,,0.0234,0.369504273630152,0.3938512262286839,0.2947331297484983,0.1334979521570319,0.8648438985725282,4.621343,results/sbm_normalized_wrap_python_comparison.csv,
6,4,349,wrap_python,0.7124,,,,,0.0174,0.368610478783442,0.3930727109884427,0.294877287550091,0.166307188896135,0.8584205300876119,4.645941,results/sbm_normalized_wrap_python_comparison.csv,
7,5,654,wrap_python,3.1236,,,,,0.0799,0.3959699215787207,0.432158014701627,0.3166868767086165,0.1258824869454848,0.9664564007421144,4.379454,results/sbm_normalized_wrap_python_comparison.csv,
6,6,720,wrap_python,4.0875,,,,,0.192,0.4017168862183773,0.4373570265348952,0.3253326667082519,0.1337500164930314,0.9850505050505048,4.351389,results/sbm_normalized_wrap_python_comparison.csv,
8,7,536,wrap_python,1.9019,,,,,0.046,0.3896700248557514,0.4230217965486454,0.314399045417621,0.1297612605461948,0.9150200386185472,4.50657,results/sbm_normalized_wrap_python_comparison.csv,
3,8,729,wrap_python,5.5657,,,,,0.1443,0.422587900668521,0.4672307632275668,0.3464422824630001,0.1576116748659258,0.9995959595959596,4.173256,results/sbm_normalized_wrap_python_comparison.csv,
5,9,199,wrap_python,0.201,,,,,0.0049,0.3927342429824263,0.4143580775994796,0.3166356098445012,0.1198210470235052,0.7049709660574847,4.850653,results/sbm_normalized_wrap_python_comparison.csv,
3,10,106,wrap_python,0.0537,,,,,0.0015,0.3723872844465219,0.3959989881887492,0.3007500178501966,0.2501477917815874,0.706220280996877,4.856109,results/sbm_normalized_wrap_python_comparison.csv,
6,11,468,wrap_python,1.4415,,,,,0.0353,0.3643848575583844,0.3964269478359423,0.2907269042878061,0.1972970520996081,0.9453955927888176,4.471728,results/sbm_normalized_wrap_python_comparison.csv,
7,12,412,wrap_python,1.0479,,,,,0.0246,0.3656631326787159,0.3861092211404575,0.29049866551494,0.177784217759095,0.8872616811615857,4.5906,results/sbm_normalized_wrap_python_comparison.csv,
7,13,993,wrap_python,10.9973,,,,,0.3337,0.4351552037322619,0.4682593311315646,0.3523469264182486,0.111687189911172,0.9955555555555554,4.274117,results/sbm_normalized_wrap_python_comparison.csv,
8,14,484,wrap_python,1.4735,,,,,0.0358,0.3692405066094344,0.3988620889330281,0.292710931949791,0.1351283680761618,0.90249031420946,4.556241,results/sbm_normalized_wrap_python_comparison.csv,
7,15,488,wrap_python,1.5372,,,,,0.0372,0.3786713674330063,0.4111406925400908,0.303918944081841,0.142426949376222,0.9162051745096658,4.594777,results/sbm_normalized_wrap_python_comparison.csv,
6,16,136,wrap_python,0.0853,,,,,0.0021,0.3433683086377921,0.3830154715218326,0.2810470990900561,0.3643499314302956,0.5471442442035539,5.581672,results/sbm_normalized_wrap_python_comparison.csv,
5,17,335,wrap_python,0.6759,,,,,0.0165,0.3530347151029329,0.3793175000292936,0.2807049430724119,0.2256702678304254,0.9092171527734446,4.523186,results/sbm_normalized_wrap_python_comparison.csv,
7,18,306,wrap_python,0.5236,,,,,0.0124,0.379319545266798,0.4060689513469939,0.3040425073201216,0.1374229945431565,0.81487529414816,4.713163,results/sbm_normalized_wrap_python_comparison.csv,
6,19,859,wrap_python,6.6364,,,,,0.2631,0.4209049823506613,0.4558543443071369,0.3422614262173474,0.1135735325432843,0.9967676767676766,4.328408,results/sbm_normalized_wrap_python_comparison.csv,
4,20,372,wrap_python,0.8974,,,,,0.0225,0.3437593397732176,0.3725402558644295,0.273029850874664,0.2609136769787088,0.9602490505730554,4.453206,results/sbm_normalized_wrap_python_comparison.csv,
6,21,392,wrap_python,0.9471,,,,,0.0226,0.3611593767223393,0.3902266550793927,0.2909798259504037,0.2030754497200906,0.9009761622491606,4.561176,results/sbm_normalized_wrap_python_comparison.csv,
4,22,246,wrap_python,0.346,,,,,0.0084,0.3493555485576457,0.3748819538594977,0.2812718055415089,0.2884997903818945,0.8694445591505794,4.616784,results/sbm_normalized_wrap_python_comparison.csv,
7,23,168,wrap_python,0.1357,,,,,0.0032,0.4027788934345459,0.4346221323396922,0.332970762196273,0.0687186744304537,0.5340927559360086,5.174692,results/sbm_normalized_wrap_python_comparison.csv,
5,24,121,wrap_python,0.0679,,,,,0.0018,0.348026048275974,0.3865361297410091,0.2868670086948092,0.3916810495256735,0.6572873791661544,5.411555,results/sbm_normalized_wrap_python_comparison.csv,
4,25,612,wrap_python,3.0645,,,,,0.0789,0.3814842358519965,0.4301579752529313,0.3057182956328159,0.1755082601786493,0.9983838383838384,4.32973,results/sbm_normalized_wrap_python_comparison.csv,
3,26,752,wrap_python,5.64,,,,,0.1548,0.4409839669318776,0.4758520900704608,0.3511553132868391,0.2710378385577561,0.998989898989899,4.145164,results/sbm_normalized_wrap_python_comparison.csv,
6,27,216,wrap_python,0.2369,,,,,0.0057,0.3972508778027415,0.4223513679157037,0.3253115477761468,0.0974067505707727,0.6197746719087418,5.031701,results/sbm_normalized_wrap_python_comparison.csv,
8,28,282,wrap_python,0.4214,,,,,0.0102,0.3938761378592812,0.4137138947356139,0.3170865487268112,0.070844604264281,0.7078191360455682,4.852888,results/sbm_normalized_wrap_python_comparison.csv,
7,29,170,wrap_python,0.1369,,,,,0.0032,0.3649131840033833,0.4006912083107768,0.2997953401682425,0.2707526677797446,0.5715502595895057,5.36667,results/sbm_normalized_wrap_python_comparison.csv,
8,30,253,wrap_python,0.331,,,,,0.0077,0.3964264035902111,0.4201775454693355,0.3223050723136136,0.0852261189388723,0.6698235771784329,4.918997,results/sbm_normalized_wrap_python_comparison.csv,
6,31,123,wrap_python,0.069,,,,,0.0017,0.3592099110693814,0.3959831429432051,0.2968847140182932,0.3222243084522335,0.5718121411131777,5.505678,results/sbm_normalized_wrap_python_comparison.csv,
8,32,198,wrap_python,0.1909,,,,,0.0044,0.4106704819619522,0.4390529926455435,0.3373668972072912,0.0311110993662981,0.5305947704287067,5.144596,results/sbm_normalized_wrap_python_comparison.csv,
7,33,158,wrap_python,0.116,,,,,0.0029,0.3510906293696925,0.3909331148817111,0.2883303109882219,0.3082456681548101,0.5395405484384238,5.482749,results/sbm_normalized_wrap_python_comparison.csv,
6,34,231,wrap_python,0.2759,,,,,0.0065,0.3817479065257074,0.4022479426233857,0.3076850451983904,0.1502005792964167,0.7297249898657108,4.8456,results/sbm_normalized_wrap_python_comparison.csv,
7,35,425,wrap_python,1.1461,,,,,0.0267,0.3621211435913103,0.3862578728003646,0.288469841805417,0.1530975715244953,0.8983349878746936,4.560263,results/sbm_normalized_wrap_python_comparison.csv,
5,36,275,wrap_python,0.4286,,,,,0.0102,0.3702714071586378,0.3966182132200621,0.2971862192141539,0.180072372949836,0.8338680227035736,4.671183,results/sbm_normalized_wrap_python_comparison.csv,
3,37,316,wrap_python,0.6646,,,,,0.0165,0.3473260685829885,0.3795402464544484,0.2737350419836524,0.2701371220345567,0.9682102531734338,4.402076,results/sbm_normalized_wrap_python_comparison.csv,
5,38,417,wrap_python,1.1335,,,,,0.0274,0.3533787608550283,0.3843831258895567,0.2801558990396941,0.2374932136084285,0.9265052979494298,4.516433,results/sbm_normalized_wrap_python_comparison.csv,
3,39,889,wrap_python,9.1804,,,,,0.329,0.4152832443395906,0.4585599781906559,0.3369338443541235,0.1877831306295883,1.0,4.30368,results/sbm_normalized_wrap_python_comparison.csv,
5,40,572,wrap_python,2.4408,,,,,0.061,0.3733763887549099,0.412098827505548,0.3002815719634416,0.1860786696953924,0.9810101010101008,4.389895,results/sbm_normalized_wrap_python_comparison.csv,
4,41,338,wrap_python,0.7218,,,,,0.0175,0.3482650746166832,0.3723058438697224,0.2744942126715365,0.2788342891657701,0.9334185509899195,4.498211,results/sbm_normalized_wrap_python_comparison.csv,
4,42,259,wrap_python,0.3896,,,,,0.0094,0.3508619330210906,0.3758457848858597,0.2808459952900101,0.288659760776142,0.8839453999403105,4.578936,results/sbm_normalized_wrap_python_comparison.csv,
8,43,514,wrap_python,1.7306,,,,,0.0413,0.3762750960888102,0.4088092888234562,0.3021860142026554,0.1124610346459778,0.9238810843138832,4.504797,results/sbm_normalized_wrap_python_comparison.csv,
3,44,130,wrap_python,0.0829,,,,,0.0022,0.3645600841114322,0.393458075275654,0.2974252611653589,0.2683832722468026,0.7514906554286123,4.782502,results/sbm_normalized_wrap_python_comparison.csv,
7,45,846,wrap_python,5.9922,,,,,0.1583,0.4137727786355568,0.4449749342276687,0.3332178869098594,0.1137054437406389,0.9846464646464642,4.326014,results/sbm_normalized_wrap_python_comparison.csv,
3,46,103,wrap_python,0.0509,,,,,0.0015,0.3806222787998414,0.399337763413933,0.3065720396609872,0.206966706012439,0.7002120828439153,4.848716,results/sbm_normalized_wrap_python_comparison.csv,
7,47,957,wrap_python,8.4462,,,,,0.3175,0.425931983719892,0.4654181319488946,0.3458416304695769,0.0961982926447737,0.991919191919192,4.312062,results/sbm_normalized_wrap_python_comparison.csv,
6,48,140,wrap_python,0.0926,,,,,0.0023,0.3644492089364468,0.3999994945790883,0.2995857886602756,0.3165424228626591,0.6137121773282849,5.442263,results/sbm_normalized_wrap_python_comparison.csv,
5,49,776,wrap_python,5.2319,,,,,0.1383,0.4199681149429263,0.4579691962559297,0.3417386639154452,0.1263769862875741,0.9947474747474746,4.292367,results/sbm_normalized_wrap_python_comparison.csv,
4,50,301,wrap_python,0.5403,,,,,0.0133,0.3463033229034289,0.3735778650692576,0.276230823095061,0.2775023482528385,0.9088015939143592,4.528668,results/sbm_normalized_wrap_python_comparison.csv,
3,51,633,wrap_python,3.6433,,,,,0.0975,0.4011833287885329,0.4470904084935487,0.3244505196862521,0.1967902765314139,0.9991919191919192,4.224808,results/sbm_normalized_wrap_python_comparison.csv,
5,52,184,wrap_python,0.1704,,,,,0.0041,0.389720167561184,0.411911038954534,0.3151150777884663,0.1364241454874707,0.6994407003093431,4.860301,results/sbm_normalized_wrap_python_comparison.csv,
3,53,277,wrap_python,0.4793,,,,,0.012,0.3410401467826512,0.3723264833468751,0.270212423394545,0.3104133590678014,0.950446564928124,4.454064,results/sbm_normalized_wrap_python_comparison.csv,
7,54,109,wrap_python,0.0538,,,,,0.0013,0.3515637999493086,0.3915341517434062,0.2886194234976018,0.3399938001499181,0.5274737546768432,5.605335,results/sbm_normalized_wrap_python_comparison.csv,
6,55,411,wrap_python,1.0701,,,,,0.1222,0.3612164938728317,0.3873227156215449,0.2877499382834965,0.1868933639410609,0.9175958740980824,4.557399,results/sbm_normalized_wrap_python_comparison.csv,
4,56,523,wrap_python,2.0115,,,,,0.0519,0.3727782676971162,0.4101265269060928,0.300377062329275,0.1997492739362039,0.9870603999175426,4.365649,results/sbm_normalized_wrap_python_comparison.csv,
3,57,572,wrap_python,2.7546,,,,,0.0748,0.3760965237330798,0.4235624152627935,0.3007668677598285,0.1858946810862441,0.9983838383838384,4.322815,results/sbm_normalized_wrap_python_comparison.csv,
4,58,849,wrap_python,7.0739,,,,,0.2784,0.4176460593489304,0.4624058148221031,0.3412936908083654,0.161810124903426,1.0,4.247256,results/sbm_normalized_wrap_python_comparison.csv,
6,59,693,wrap_python,3.7307,,,,,0.0955,0.3822540498024158,0.4226364263563397,0.3037245410218903,0.1608302989231534,0.9844341372912798,4.380886,results/sbm_normalized_wrap_python_comparison.csv,
4,60,220,wrap_python,0.265,,,,,0.0065,0.3611484226811446,0.3874143546751198,0.290635404750441,0.246294321796396,0.8289451777872976,4.7116,results/sbm_normalized_wrap_python_comparison.csv,
3,61,924,wrap_python,10.4295,,,,,0.3637,0.3925258903300834,0.4400471466304277,0.3132094448159782,0.1757263034561353,1.0,4.312903,results/sbm_normalized_wrap_python_comparison.csv,
4,62,181,wrap_python,0.1685,,,,,0.0042,0.374536485689458,0.3935087166622033,0.3030258318385331,0.2073946343008739,0.7588041531625666,4.803254,results/sbm_normalized_wrap_python_comparison.csv,
4,63,772,wrap_python,5.4746,,,,,0.1461,0.4143835845078144,0.4492475246758888,0.3329463165484255,0.2058672054532244,0.9983838383838384,4.222896,results/sbm_normalized_wrap_python_comparison.csv,
7,64,133,wrap_python,0.0813,,,,,0.0019,0.3539949718849188,0.393291091855904,0.2893715881931999,0.3090522285010894,0.5089302844866022,5.598924,results/sbm_normalized_wrap_python_comparison.csv,
8,65,385,wrap_python,0.8674,,,,,0.0205,0.3775782228439175,0.4028779959012711,0.3024928304321677,0.11156475881875,0.8248117833079313,4.674146,results/sbm_normalized_wrap_python_comparison.csv,
3,66,645,wrap_python,3.7588,,,,,0.1023,0.4118316740278974,0.4574864184183511,0.3325222896393471,0.1778203780422223,0.9985858585858586,4.301676,results/sbm_normalized_wrap_python_comparison.csv,
5,67,194,wrap_python,0.1923,,,,,0.0046,0.38560929065747,0.4089572488178438,0.3104617370068722,0.1442675504913307,0.7240286627549373,4.829092,results/sbm_normalized_wrap_python_comparison.csv,
7,68,657,wrap_python,3.1944,,,,,0.1786,0.3977983983182671,0.4297932675103801,0.3222356066804893,0.1256795515018771,0.9676252319109456,4.385702,results/sbm_normalized_wrap_python_comparison.csv,
6,69,910,wrap_python,7.3733,,,,,0.1972,0.4208702879159142,0.4562666241045912,0.3407433877155383,0.1112824934285421,0.9943434343434342,4.293551,results/sbm_normalized_wrap_python_comparison.csv,
4,70,356,wrap_python,0.8001,,,,,0.0198,0.3496521834020978,0.3783508288761162,0.2775015506565418,0.2749206393179208,0.937788357674973,4.504787,results/sbm_normalized_wrap_python_comparison.csv,
8,71,705,wrap_python,3.6867,,,,,0.1808,0.3972740497915194,0.4376355969686916,0.3171522389634332,0.1243016120910168,0.957870329637634,4.402965,results/sbm_normalized_wrap_python_comparison.csv,
3,72,254,wrap_python,0.4856,,,,,0.0099,0.348863761145468,0.380616750403033,0.2790251471686449,0.2905862919680199,0.9292093074108296,4.49774,results/sbm_normalized_wrap_python_comparison.csv,
6,73,110,wrap_python,0.0554,,,,,0.0014,0.3397232247946163,0.3813560724781458,0.27916191957914,0.3846945949370712,0.5647238866250701,5.545472,results/sbm_normalized_wrap_python_comparison.csv,
8,74,260,wrap_python,0.3536,,,,,0.0082,0.3926650494361615,0.4155721725134199,0.318166110224183,0.1024453778812266,0.6741115244885317,4.928468,results/sbm_normalized_wrap_python_comparison.csv,
3,75,102,wrap_python,0.0481,,,,,0.0014,0.325659225446615,0.3672317906994447,0.2687583182968898,0.4768798846042379,0.6974651021461723,5.310241,results/sbm_normalized_wrap_python_comparison.csv,
4,76,119,wrap_python,0.0659,,,,,0.0017,0.3366352626880178,0.3801458348035608,0.2786129998723496,0.4138988905526443,0.6397728983447062,5.41928,results/sbm_normalized_wrap_python_comparison.csv,
8,77,187,wrap_python,0.1668,,,,,0.0039,0.3642781972988976,0.3951349626138183,0.2975909056970579,0.2586953461322567,0.6004056407111369,5.306389,results/sbm_normalized_wrap_python_comparison.csv,
7,78,878,wrap_python,7.0037,,,,,0.1725,0.4348954033819705,0.4669511834066332,0.3544122065184815,0.1002990685303488,0.989486703772418,4.25896,results/sbm_normalized_wrap_python_comparison.csv,
5,79,732,wrap_python,4.5528,,,,,0.1176,0.4230656381796808,0.4642808171821642,0.3457836890589387,0.1684170173898844,0.995151515151515,4.242938,results/sbm_normalized_wrap_python_comparison.csv,
5,80,240,wrap_python,0.3136,,,,,0.0074,0.3831271488957737,0.4030243823052406,0.304366881630895,0.1472206280650999,0.7971731499285969,4.697429,results/sbm_normalized_wrap_python_comparison.csv,
5,81,308,wrap_python,0.5673,,,,,0.0135,0.3593341926055424,0.3828791284395408,0.286853390924871,0.1959083436078137,0.8676929060830824,4.621102,results/sbm_normalized_wrap_python_comparison.csv,
3,82,596,wrap_python,3.1847,,,,,0.1784,0.3887988854863611,0.4566873494033232,0.3127429301119397,0.1372139794075079,0.9967676767676766,4.2686,results/sbm_normalized_wrap_python_comparison.csv,
6,83,186,wrap_python,0.1728,,,,,0.0041,0.4001964971506132,0.4245513667758459,0.327757621844117,0.0763503963031448,0.6028556228451265,5.036993,results/sbm_normalized_wrap_python_comparison.csv,
3,84,760,wrap_python,5.8945,,,,,0.159,0.4092424816822175,0.4518605648578661,0.3293929083001196,0.2020457638265891,1.0,4.239467,results/sbm_normalized_wrap_python_comparison.csv,
6,85,220,wrap_python,0.2541,,,,,0.0059,0.3901856847404079,0.4118508058553867,0.316829412863461,0.1105719451586224,0.7116857205153593,4.840599,results/sbm_normalized_wrap_python_comparison.csv,
3,86,206,wrap_python,0.2412,,,,,0.006,0.3536907604194524,0.3816520048994695,0.2848744304944061,0.2879067952057982,0.8593019585004816,4.611019,results/sbm_normalized_wrap_python_comparison.csv,
4,87,758,wrap_python,5.3975,,,,,0.2316,0.4101376657813401,0.4499984414217639,0.3333940279098181,0.2060193440246048,0.9983838383838384,4.254189,results/sbm_normalized_wrap_python_comparison.csv,
6,88,465,wrap_python,1.4159,,,,,0.0346,0.3684860057073004,0.393828811989596,0.2941156507209586,0.1836870325434988,0.9300979793650288,4.529017,results/sbm_normalized_wrap_python_comparison.csv,
8,89,842,wrap_python,5.8653,,,,,0.1487,0.4067877121380839,0.4384941678230852,0.3299983974446807,0.0990842893472626,0.983421974850546,4.369129,results/sbm_normalized_wrap_python_comparison.csv,
8,90,725,wrap_python,4.0484,,,,,0.1007,0.4063126575814363,0.4419920817726257,0.3301965103031645,0.1173529572494398,0.96839586693784,4.373647,results/sbm_normalized_wrap_python_comparison.csv,
3,91,138,wrap_python,0.096,,,,,0.0025,0.368506604793838,0.3931900712814877,0.2966921970366346,0.2465661334291409,0.7584350178820027,4.742195,results/sbm_normalized_wrap_python_comparison.csv,
7,92,518,wrap_python,1.8245,,,,,0.1345,0.3661907211968457,0.3987248060613768,0.2917742439680062,0.1614444717198514,0.9415122851702374,4.477676,results/sbm_normalized_wrap_python_comparison.csv,
8,93,248,wrap_python,0.3232,,,,,0.0074,0.3953362597225676,0.4181951620123624,0.3226087631439174,0.0879648075044446,0.6778983350857014,4.904457,results/sbm_normalized_wrap_python_comparison.csv,
7,94,364,wrap_python,0.7942,,,,,0.0189,0.3673985572279261,0.3937075025268488,0.2958394849961688,0.1767065697495784,0.8628724979770998,4.617742,results/sbm_normalized_wrap_python_comparison.csv,
7,95,156,wrap_python,0.1144,,,,,0.0027,0.3602920141959106,0.3931107255816689,0.2940200506883192,0.3026848427673519,0.5693222223827042,5.481993,results/sbm_normalized_wrap_python_comparison.csv,
4,96,333,wrap_python,0.6968,,,,,0.0173,0.3479808961826346,0.3775474667041282,0.2773341788615923,0.2341126861406148,0.9440038202878768,4.475874,results/sbm_normalized_wrap_python_comparison.csv,
3,97,959,wrap_python,12.8413,,,,,0.3808,0.4370261766692442,0.483420515892996,0.360341719709832,0.1463770105586775,1.0,4.176926,results/sbm_normalized_wrap_python_comparison.csv,
6,98,101,wrap_python,0.0463,,,,,0.0012,0.339728002181875,0.377788729411025,0.276973182836946,0.3733850157200227,0.5454789537386264,5.551005,results/sbm_normalized_wrap_python_comparison.csv,
6,99,951,wrap_python,8.6649,,,,,0.2221,0.4191159533178639,0.4552221007227962,0.3409452659992188,0.131153654515006,0.9953535353535352,4.314675,results/sbm_normalized_wrap_python_comparison.csv,
7,100,208,wrap_python,0.2156,,,,,0.005,0.3989081010642391,0.4204173245540018,0.3222822242337805,0.0741866738762614,0.6025634465815554,5.040902,results/sbm_normalized_wrap_python_comparison.csv,
6,101,470,wrap_python,1.4606,,,,,0.0354,0.3593846590213548,0.3954932311062203,0.2880545441093476,0.1809558107972535,0.947054695120784,4.497823,results/sbm_normalized_wrap_python_comparison.csv,
8,102,378,wrap_python,0.8448,,,,,0.0196,0.3672351932139373,0.3908036544005238,0.2938381737656353,0.1642660223271006,0.8457024305453151,4.650344,results/sbm_normalized_wrap_python_comparison.csv,
3,103,917,wrap_python,11.2562,,,,,0.369,0.4440908029390802,0.4946528897305193,0.3672664500876586,0.179240521208745,1.0,4.242183,results/sbm_normalized_wrap_python_comparison.csv,
6,104,316,wrap_python,0.576,,,,,0.0139,0.3658844161630774,0.3899330971263026,0.2937125335887134,0.1977314826961077,0.8486256463780916,4.683837,results/sbm_normalized_wrap_python_comparison.csv,
7,105,150,wrap_python,0.1052,,,,,0.0025,0.3663734428820294,0.3986138778505866,0.3010545861115571,0.2658201487751856,0.5553292076137535,5.413639,results/sbm_normalized_wrap_python_comparison.csv,
7,106,115,wrap_python,0.0602,,,,,0.0015,0.3631149156237209,0.4017825720099706,0.2986712974289595,0.2821151329269628,0.4855939817008718,5.631486,results/sbm_normalized_wrap_python_comparison.csv,
4,107,122,wrap_python,0.07,,,,,0.0018,0.3431746721997215,0.3800295238678946,0.2827596696427301,0.4028441360563736,0.6759054259876881,5.331567,results/sbm_normalized_wrap_python_comparison.csv,
4,108,747,wrap_python,4.9451,,,,,0.1345,0.405373600167291,0.4432024020047309,0.3288452328452603,0.1693606647828279,0.9995959595959596,4.278274,results/sbm_normalized_wrap_python_comparison.csv,
3,109,817,wrap_python,7.397,,,,,0.2938,0.4196685057153385,0.4642474100575138,0.3396695029453869,0.1880104976792355,1.0,4.28399,results/sbm_normalized_wrap_python_comparison.csv,
4,110,822,wrap_python,6.6664,,,,,0.1728,0.4140818615261025,0.4549555235359901,0.3328518005149565,0.1748927098822993,0.9991919191919192,4.247113,results/sbm_normalized_wrap_python_comparison.csv,
3,111,118,wrap_python,0.0676,,,,,0.0029,0.3485456396962004,0.3843310325014159,0.2890802846830138,0.4279547882018832,0.7649167808814948,5.298287,results/sbm_normalized_wrap_python_comparison.csv,
7,112,739,wrap_python,4.4101,,,,,0.1998,0.4161812925215081,0.4532282192469941,0.3396898814134962,0.1002243920276119,0.9834240362811788,4.326481,results/sbm_normalized_wrap_python_comparison.csv,
3,113,313,wrap_python,0.6408,,,,,0.0164,0.3536381627318465,0.3849952778503244,0.2807663434085063,0.2552839030998574,0.961400497718612,4.43838,results/sbm_normalized_wrap_python_comparison.csv,
5,114,471,wrap_python,1.5185,,,,,0.0379,0.3652808921888138,0.3979003627880584,0.2929724304212705,0.1909098390903378,0.9536090124897189,4.455677,results/sbm_normalized_wrap_python_comparison.csv,
3,115,513,wrap_python,2.1078,,,,,0.0562,0.3761056895996735,0.4191499423323483,0.3044171198982031,0.1971365332742636,0.993131313131313,4.320158,results/sbm_normalized_wrap_python_comparison.csv,
7,116,321,wrap_python,0.5776,,,,,0.0138,0.3773809236239138,0.3985231355285383,0.3009731155265303,0.1314553217584684,0.799944026358812,4.739606,results/sbm_normalized_wrap_python_comparison.csv,
3,117,123,wrap_python,0.0741,,,,,0.002,0.3629668045405666,0.3859773801103148,0.2940513402115124,0.27235372683562,0.7582935091156157,4.77451,results/sbm_normalized_wrap_python_comparison.csv,
7,118,157,wrap_python,0.1161,,,,,0.0028,0.3527460373586862,0.3911656756419482,0.2915418212336103,0.3208381997418848,0.6371989282836766,5.242937,results/sbm_normalized_wrap_python_comparison.csv,
6,119,308,wrap_python,0.5344,,,,,0.0129,0.3791510291935444,0.4049341650587005,0.3006693261401114,0.1347265394977633,0.8443563734509096,4.638039,results/sbm_normalized_wrap_python_comparison.csv,
4,120,152,wrap_python,0.113,,,,,0.0028,0.3861419754493371,0.4122063247397428,0.3140833791491023,0.1589376517507469,0.6705876263990569,4.944028,results/sbm_normalized_wrap_python_comparison.csv,
6,121,632,wrap_python,2.9181,,,,,0.0756,0.3792536040062969,0.4133670665244888,0.3040812890337375,0.1940549159250795,0.9830240762346796,4.380343,results/sbm_normalized_wrap_python_comparison.csv,
5,122,650,wrap_python,3.3278,,,,,0.1806,0.3971152610593251,0.4318919294277853,0.3137955832594947,0.19976739786187,0.9892867450010304,4.346083,results/sbm_normalized_wrap_python_comparison.csv,
5,123,451,wrap_python,1.3322,,,,,0.0334,0.3551149301949175,0.3912574253547804,0.2827789294716646,0.1954813186428177,0.9531136740856913,4.494125,results/sbm_normalized_wrap_python_comparison.csv,
6,124,116,wrap_python,0.0613,,,,,0.0015,0.3475695118047096,0.3874584219906918,0.2847143905908098,0.3390492144347338,0.5129920122751526,5.637091,results/sbm_normalized_wrap_python_comparison.csv,
6,125,240,wrap_python,0.3022,,,,,0.0072,0.3844304452948547,0.4019727693638811,0.3081989124806984,0.126453532170433,0.7576369165235071,4.774563,results/sbm_normalized_wrap_python_comparison.csv,
5,126,986,wrap_python,9.585,,,,,0.2581,0.4165944292993634,0.4571200504668608,0.3376901426972001,0.1129561891138873,0.9995959595959596,4.29977,results/sbm_normalized_wrap_python_comparison.csv,
3,127,305,wrap_python,0.5876,,,,,0.1065,0.3423729635404784,0.3749275937346542,0.2718047889784791,0.29430990139959,0.9641042921155696,4.419998,results/sbm_normalized_wrap_python_comparison.csv,
8,128,754,wrap_python,4.2925,,,,,0.111,0.4046716340458945,0.4405622966398483,0.3262321795540135,0.1268778803908631,0.9755184498041636,4.348431,results/sbm_normalized_wrap_python_comparison.csv,
4,129,510,wrap_python,1.9095,,,,,0.049,0.3700028163031708,0.4064617754244625,0.2957195193796826,0.2081680164240371,0.9878726035868892,4.379491,results/sbm_normalized_wrap_python_comparison.csv,
7,130,629,wrap_python,2.8706,,,,,0.0722,0.3737594692699948,0.4127496275760897,0.300049478824453,0.1278093355961317,0.9646093588950726,4.424797,results/sbm_normalized_wrap_python_comparison.csv,
7,131,626,wrap_python,2.8885,,,,,0.07,0.389771091551358,0.423424660283464,0.3110620152120381,0.1300825696607613,0.9652422180993604,4.399351,results/sbm_normalized_wrap_python_comparison.csv,
7,132,230,wrap_python,0.2753,,,,,0.0062,0.3908152588799527,0.4150741716573845,0.3187489574912777,0.1047470742148528,0.6746357041502978,4.924276,results/sbm_normalized_wrap_python_comparison.csv,
6,133,347,wrap_python,0.7183,,,,,0.017,0.3662658917303129,0.3918345622232843,0.2929066393735785,0.1782437414624649,0.8755880934907219,4.594523,results/sbm_normalized_wrap_python_comparison.csv,
4,134,255,wrap_python,0.3739,,,,,0.0091,0.3537891554204944,0.3795967009082323,0.2823626843809385,0.256219737974861,0.8860749938251519,4.568439,results/sbm_normalized_wrap_python_comparison.csv,
4,135,555,wrap_python,2.4221,,,,,0.1551,0.3800327668394331,0.4149909831388964,0.3044267569535765,0.2319447532320404,0.987052154195011,4.333439,results/sbm_normalized_wrap_python_comparison.csv,
5,136,137,wrap_python,0.0884,,,,,0.0022,0.3543640302705661,0.3894793493278007,0.2896984317892246,0.3484711270753851,0.6278354805147788,5.377149,results/sbm_normalized_wrap_python_comparison.csv,
3,137,662,wrap_python,4.117,,,,,0.1114,0.3825023201856128,0.4260203236079333,0.3060449619538772,0.2103704942588478,0.9987878787878788,4.317401,results/sbm_normalized_wrap_python_comparison.csv,
3,138,697,wrap_python,4.7576,,,,,0.21,0.3909668921303379,0.4345891623523182,0.3087594120879975,0.2055592459514221,0.9991919191919192,4.303036,results/sbm_normalized_wrap_python_comparison.csv,
6,139,954,wrap_python,9.3671,,,,,0.224,0.4284455855785681,0.4663044696090009,0.3489709906859552,0.1154969052720879,0.997979797979798,4.262912,results/sbm_normalized_wrap_python_comparison.csv,
6,140,318,wrap_python,0.5829,,,,,0.0146,0.3765610317138881,0.3966781056903395,0.2996956943503077,0.1322188319019063,0.818351753406315,4.674051,results/sbm_normalized_wrap_python_comparison.csv,
4,141,820,wrap_python,6.907,,,,,0.2689,0.3984498444256807,0.4428133732289779,0.3220009989728397,0.1603653447888742,0.9995959595959596,4.296463,results/sbm_normalized_wrap_python_comparison.csv,
3,142,730,wrap_python,5.5052,,,,,0.1451,0.4464273890882494,0.4841539232184306,0.353170027641684,0.2656904067117034,0.9995959595959596,4.173488,results/sbm_normalized_wrap_python_comparison.csv,
4,143,196,wrap_python,0.2003,,,,,0.005,0.3685074047967079,0.3969614829276731,0.2974818363875022,0.2163007848286134,0.788223928110475,4.702798,results/sbm_normalized_wrap_python_comparison.csv,
8,144,372,wrap_python,0.805,,,,,0.0194,0.3798566587186683,0.4018432022120967,0.301942783038537,0.1228029397768155,0.8398823941228413,4.669051,results/sbm_normalized_wrap_python_comparison.csv,
8,145,246,wrap_python,0.3121,,,,,0.0072,0.3959728806654896,0.4165674798644197,0.3186879913630143,0.0872264460861932,0.6836502378422206,4.889947,results/sbm_normalized_wrap_python_comparison.csv,
3,146,299,wrap_python,0.5642,,,,,0.0144,0.3448630319248196,0.3731457120216507,0.2741939926711418,0.2997804776954552,0.9441533134645196,4.487168,results/sbm_normalized_wrap_python_comparison.csv,
4,147,265,wrap_python,0.4039,,,,,0.0099,0.3490469159309297,0.3737614359006888,0.278899810177714,0.2778284635877824,0.8843594796472258,4.593073,results/sbm_normalized_wrap_python_comparison.csv,
4,148,132,wrap_python,0.084,,,,,0.0022,0.3820243465827862,0.4083976122999235,0.312885051913965,0.1909402189732363,0.6689769045661277,4.922514,results/sbm_normalized_wrap_python_comparison.csv,
5,149,483,wrap_python,1.606,,,,,0.0401,0.3559304045655441,0.3880984181058913,0.2819808778958056,0.2237560963714262,0.9612898552110622,4.45894,results/sbm_normalized_wrap_python_comparison.csv,
6,150,788,wrap_python,5.7793,,,,,0.233,0.417902697202806,0.4559409307060585,0.3394290489861685,0.1170412447831293,0.992519068233354,4.3112,results/sbm_normalized_wrap_python_comparison.csv,
3,151,109,wrap_python,0.0579,,,,,0.0017,0.3645213321873742,0.386132612533636,0.2939989742500291,0.27354648879764,0.7336973222935022,4.827203,results/sbm_normalized_wrap_python_comparison.csv,
3,152,370,wrap_python,0.9566,,,,,0.0245,0.3484297671193247,0.3868653080480317,0.2733097124546605,0.2552637656234776,0.9763430220573074,4.392779,results/sbm_normalized_wrap_python_comparison.csv,
4,153,340,wrap_python,0.7392,,,,,0.0182,0.3493577508751906,0.3763948889666516,0.2782817330158583,0.2734017055975744,0.931574401120024,4.489383,results/sbm_normalized_wrap_python_comparison.csv,
4,154,993,wrap_python,12.6213,,,,,0.38,0.4670087549528339,0.5041628301694682,0.3887259820921794,0.1418054637406839,1.0,4.119316,results/sbm_normalized_wrap_python_comparison.csv,
4,155,148,wrap_python,0.1088,,,,,0.0028,0.3700170861865659,0.3967982982601361,0.3016142829940251,0.2359614734112844,0.7180650354953134,4.85028,results/sbm_normalized_wrap_python_comparison.csv,
7,156,566,wrap_python,2.2084,,,,,0.0548,0.3803956031109974,0.4120134618496942,0.3044095881903306,0.1322549718064034,0.9452015101573268,4.466704,results/sbm_normalized_wrap_python_comparison.csv,
7,157,387,wrap_python,0.9037,,,,,0.0218,0.3769324544485185,0.4016226567188061,0.2995929348932135,0.1204670718619871,0.8586160840512109,4.591191,results/sbm_normalized_wrap_python_comparison.csv,
4,158,532,wrap_python,2.1105,,,,,0.054,0.3765489890123767,0.413680833141889,0.3019336766318183,0.2176541647140602,0.9844423830138114,4.375965,results/sbm_normalized_wrap_python_comparison.csv,
8,159,155,wrap_python,0.1109,,,,,0.0026,0.3618355491879868,0.4011741334376216,0.2980868948592245,0.2701656122493434,0.5233504538687468,5.477676,results/sbm_normalized_wrap_python_comparison.csv,
4,160,366,wrap_python,0.8626,,,,,0.0214,0.3434649496219851,0.3679301818927558,0.2722415118482005,0.2880538628389632,0.9446766143977108,4.468678,results/sbm_normalized_wrap_python_comparison.csv,
8,161,792,wrap_python,4.906,,,,,0.1259,0.4133922692783172,0.4462768084208485,0.3314597776456702,0.0647652967617888,0.977153164296021,4.384347,results/sbm_normalized_wrap_python_comparison.csv,
4,162,496,wrap_python,1.8165,,,,,0.1482,0.3728752900895568,0.4080956787457639,0.2958104457352974,0.2355169335174123,0.98868068439497,4.332218,results/sbm_normalized_wrap_python_comparison.csv,
8,163,149,wrap_python,0.1023,,,,,0.0024,0.3602667145640705,0.3934962353771869,0.2942877287836196,0.2887442328686711,0.5282024505332525,5.52861,results/sbm_normalized_wrap_python_comparison.csv,
6,164,230,wrap_python,0.2734,,,,,0.0065,0.3810139944738554,0.4047777770986805,0.3085501772481549,0.1417151374436556,0.7292273800766331,4.839103,results/sbm_normalized_wrap_python_comparison.csv,
5,165,878,wrap_python,7.1231,,,,,0.1913,0.4315406991011216,0.4665563973399447,0.3518134431246634,0.1731834583261699,0.9987878787878788,4.195754,results/sbm_normalized_wrap_python_comparison.csv,
6,166,325,wrap_python,0.6126,,,,,0.0149,0.3688075136708872,0.3919559253122759,0.2954205794583208,0.1864041354091809,0.8466946389733709,4.65783,results/sbm_normalized_wrap_python_comparison.csv,
6,167,145,wrap_python,0.0974,,,,,0.0024,0.3669421733754651,0.4023862810140786,0.3014334493886199,0.2653240000260309,0.5265834435140856,5.497277,results/sbm_normalized_wrap_python_comparison.csv,
3,168,615,wrap_python,3.3664,,,,,0.1827,0.4106556185655415,0.450470412184022,0.3299586138956539,0.2102879796373601,0.9983838383838384,4.356395,results/sbm_normalized_wrap_python_comparison.csv,
7,169,166,wrap_python,0.1301,,,,,0.0031,0.3566054479076025,0.3897728939104947,0.2925444920888972,0.3150858704139024,0.608836863687802,5.338577,results/sbm_normalized_wrap_python_comparison.csv,
3,170,102,wrap_python,0.0486,,,,,0.0014,0.3368670605019742,0.3724339348161586,0.2780559020264305,0.4678691643300261,0.7524430039477862,5.320567,results/sbm_normalized_wrap_python_comparison.csv,
8,171,520,wrap_python,1.7801,,,,,0.0429,0.3696767736248505,0.4011952814519735,0.2964365968673902,0.1451845033983607,0.9249725744718372,4.523903,results/sbm_normalized_wrap_python_comparison.csv,
4,172,408,wrap_python,1.1305,,,,,0.0277,0.3509571839127333,0.3755377833338595,0.2777851629461013,0.2471995440011976,0.948847660276231,4.452405,results/sbm_normalized_wrap_python_comparison.csv,
3,173,176,wrap_python,0.1648,,,,,0.0043,0.3606155075825273,0.3879333172326857,0.2903089523977452,0.2564991642421561,0.8071603094296187,4.692428,results/sbm_normalized_wrap_python_comparison.csv,
6,174,247,wrap_python,0.3226,,,,,0.0075,0.3774988151451672,0.3960524824249127,0.3040742102263828,0.1530523390233952,0.7495253548687559,4.808966,results/sbm_normalized_wrap_python_comparison.csv,
3,175,838,wrap_python,9.2239,,,,,0.2054,0.4616485677310388,0.4991982993547171,0.3678539931736269,0.2660157258774886,0.9991919191919192,4.108928,results/sbm_normalized_wrap_python_comparison.csv,
7,176,389,wrap_python,0.9112,,,,,0.0217,0.3670720067267952,0.3943777691068291,0.2945004417497079,0.1407783273685698,0.8785020988542128,4.576077,results/sbm_normalized_wrap_python_comparison.csv,
4,177,136,wrap_python,0.0886,,,,,0.0022,0.3618119532612605,0.3933073685323411,0.298915903242232,0.3519282269199111,0.6998704358325831,5.33672,results/sbm_normalized_wrap_python_comparison.csv,
5,178,519,wrap_python,1.9245,,,,,0.0474,0.3674541636912442,0.4058037895024236,0.2956403550465488,0.1715187974499721,0.9620955345587152,4.416589,results/sbm_normalized_wrap_python_comparison.csv,
4,179,219,wrap_python,0.2613,,,,,0.0064,0.36134602704436,0.3847307769824571,0.2898333162174883,0.2379003033639209,0.8123909883212925,4.681362,results/sbm_normalized_wrap_python_comparison.csv,
4,180,663,wrap_python,3.6976,,,,,0.0987,0.3979539273126676,0.435819166444035,0.3192777225905446,0.204011970103243,0.9983838383838384,4.274649,results/sbm_normalized_wrap_python_comparison.csv,
8,181,299,wrap_python,0.488,,,,,0.011,0.3892747957629146,0.4102998349562314,0.3143589143808796,0.1092303706346138,0.7017525142409228,4.898801,results/sbm_normalized_wrap_python_comparison.csv,
6,182,118,wrap_python,0.0628,,,,,0.0015,0.3609379249507672,0.4006680627561235,0.2941582939998216,0.405040037699139,0.5327419107999422,6.319459,results/sbm_normalized_wrap_python_comparison.csv,
5,183,380,wrap_python,0.912,,,,,0.022,0.3507539691873482,0.376214217384376,0.2802932873629649,0.2130737552177385,0.9160742148863024,4.543158,results/sbm_normalized_wrap_python_comparison.csv,
8,184,945,wrap_python,8.3696,,,,,0.2918,0.4315518747448303,0.467865360609303,0.3511502574632125,0.0688888892171606,0.9935353535353534,4.311502,results/sbm_normalized_wrap_python_comparison.csv,
5,185,283,wrap_python,0.4671,,,,,0.0112,0.3544722292547556,0.3782528996530239,0.2818411106698071,0.2469641143054177,0.8781018152930017,4.602338,results/sbm_normalized_wrap_python_comparison.csv,
6,186,170,wrap_python,0.1398,,,,,0.0033,0.3579993458541839,0.3919685759992437,0.2961330570814565,0.2964897983604854,0.6530313530551795,5.165416,results/sbm_normalized_wrap_python_comparison.csv,
3,187,440,wrap_python,1.471,,,,,0.0376,0.366074343301245,0.4107270726573125,0.2929498216088777,0.2219936668829616,0.9862461348175632,4.364607,results/sbm_normalized_wrap_python_comparison.csv,
4,188,121,wrap_python,0.0684,,,,,0.0017,0.3557919324326001,0.3883074111748102,0.2920360717660911,0.384979101589416,0.6699047637283467,5.52578,results/sbm_normalized_wrap_python_comparison.csv,
7,189,331,wrap_python,0.6324,,,,,0.0149,0.3720844883777032,0.3946295521885739,0.3005545450760302,0.1511567241962921,0.7940702627051783,4.737452,results/sbm_normalized_wrap_python_comparison.csv,
4,190,109,wrap_python,0.0554,,,,,0.0014,0.3648196437642957,0.3978006228614756,0.2982719080115166,0.3395932284435312,0.6334300419599974,5.449025,results/sbm_normalized_wrap_python_comparison.csv,
3,191,881,wrap_python,10.2882,,,,,0.332,0.4494471402156973,0.4967117032172007,0.3715313789520947,0.1621780111319525,1.0,4.190238,results/sbm_normalized_wrap_python_comparison.csv,
3,192,711,wrap_python,5.1174,,,,,0.1331,0.4082115065450873,0.4512447372814614,0.3279446546383164,0.2088338909167268,0.9995959595959596,4.313404,results/sbm_normalized_wrap_python_comparison.csv,
3,193,246,wrap_python,0.3673,,,,,0.0098,0.3425270391191413,0.3749137024674676,0.2746277676034738,0.3150366008195422,0.9226625751379156,4.482917,results/sbm_normalized_wrap_python_comparison.csv,
3,194,666,wrap_python,4.0145,,,,,0.1124,0.3979517791544364,0.4339482757450184,0.3207174520324489,0.2110743039271029,0.9991919191919192,4.363255,results/sbm_normalized_wrap_python_comparison.csv,
7,195,686,wrap_python,3.5619,,,,,0.192,0.4083538514232157,0.4403588172097055,0.3308938994879875,0.1498637182392404,0.978585858585858,4.374701,results/sbm_normalized_wrap_python_comparison.csv,
5,196,491,wrap_python,1.6813,,,,,0.0415,0.3657879317960532,0.3988817180262203,0.293303582141959,0.1823941069890143,0.9572422198889908,4.456431,results/sbm_normalized_wrap_python_comparison.csv,
3,197,664,wrap_python,4.0629,,,,,0.1119,0.4140158256537712,0.4769628905026575,0.3373774665849065,0.097128567461767,0.9987878787878788,4.223674,results/sbm_normalized_wrap_python_comparison.csv,
8,198,560,wrap_python,2.1136,,,,,0.0512,0.3901767029312252,0.4202436583168902,0.3146883171277427,0.1439008467106321,0.9349526634834534,4.456329,results/sbm_normalized_wrap_python_comparison.csv,
8,199,266,wrap_python,0.3731,,,,,0.0086,0.3953150168850043,0.4189202229678551,0.3179170050586867,0.0696881575608533,0.7254166001267629,4.832879,results/sbm_normalized_wrap_python_comparison.csv,
6,0,433,TorusMDS_random_1x_scale2,11.1224,1.000349976971318,0.999650145469711,10000.0,max_iters,0.0714,0.3461094173496665,0.3693471085206881,0.2766639383020032,0.2480890411140972,0.9226624019632016,4.559808,results/sbm_normalized_TorusMDS_random_1x_scale2_comparison.csv,
3,1,109,TorusMDS_random_1x_scale2,6.0159,0.9796003923513926,1.020824417597099,10000.0,max_iters,0.0025,0.3182501744111006,0.3555466850308484,0.2617338197792657,0.4692003282043307,0.7794693362057056,4.935438,results/sbm_normalized_TorusMDS_random_1x_scale2_comparison.csv,
6,2,650,TorusMDS_random_1x_scale2,6.6036,0.99833089231427,1.001671898263972,10000.0,max_iters,0.1466,0.3413013115906719,0.368032839378152,0.2679100517596616,0.2577507576885832,0.9817912982125055,4.504872,results/sbm_normalized_TorusMDS_random_1x_scale2_comparison.csv,
8,3,404,TorusMDS_random_1x_scale2,5.9273,1.0008367914278586,0.9991639082065872,10000.0,max_iters,0.0286,0.3499096894263489,0.3776120430168011,0.2811965684096445,0.2452872964556145,0.8735331769806197,4.661163,results/sbm_normalized_TorusMDS_random_1x_scale2_comparison.csv,
6,4,349,TorusMDS_random_1x_scale2,6.0649,1.0056029331549383,0.994428284792925,10000.0,max_iters,0.0211,0.3407640920429693,0.3702707524290259,0.2756141897036717,0.2864107845099787,0.8724892683318319,4.691815,results/sbm_normalized_TorusMDS_random_1x_scale2_comparison.csv,
7,5,654,TorusMDS_random_1x_scale2,6.4496,1.0031641512301963,0.9968458290437152,10000.0,max_iters,0.0897,0.3387018117945513,0.3692066406137296,0.2694601249673686,0.2341441906008314,0.9701843705304672,4.516463,results/sbm_normalized_TorusMDS_random_1x_scale2_comparison.csv,
6,6,720,TorusMDS_random_1x_scale2,6.6906,1.002772325598935,0.9972353389416894,10000.0,max_iters,0.1214,0.3376295517156865,0.3672501327741341,0.264029332601028,0.2543841601637893,0.9858544629973198,4.492433,results/sbm_normalized_TorusMDS_random_1x_scale2_comparison.csv,
8,7,536,TorusMDS_random_1x_scale2,6.0922,1.0025441845299254,0.9974622719186004,10000.0,max_iters,0.129,0.356034130151544,0.3812423899616826,0.2838734423603736,0.1989853326948923,0.917671835390612,4.591252,results/sbm_normalized_TorusMDS_random_1x_scale2_comparison.csv,
3,8,729,TorusMDS_random_1x_scale2,6.297,0.9786842641603576,1.0217799924043225,10000.0,max_iters,0.1705,0.3455799787814577,0.3840930189864616,0.2714049269496654,0.2615377868955691,0.9995959595959596,4.369112,results/sbm_normalized_TorusMDS_random_1x_scale2_comparison.csv,
5,9,199,TorusMDS_random_1x_scale2,5.7242,1.012273337598148,0.9878754708414336,10000.0,max_iters,0.0063,0.3374565274358687,0.3720723255168807,0.2794310005561831,0.3537632183792176,0.7531449293353046,4.953456,results/sbm_normalized_TorusMDS_random_1x_scale2_comparison.csv,
3,10,106,TorusMDS_random_1x_scale2,6.0052,0.9876846058293732,1.0124689542571996,10000.0,max_iters,0.0018,0.3124454708959053,0.3534715609498599,0.2564154268436749,0.503419954877935,0.7801762804893632,5.014647,results/sbm_normalized_TorusMDS_random_1x_scale2_comparison.csv,
6,11,468,TorusMDS_random_1x_scale2,6.2035,0.9977970851897572,1.002207778357885,10000.0,max_iters,0.0428,0.3397607558017383,0.3691120009210257,0.270229722584265,0.2609363868517143,0.9467672118831904,4.544983,results/sbm_normalized_TorusMDS_random_1x_scale2_comparison.csv,
7,12,412,TorusMDS_random_1x_scale2,5.8697,0.9979846043872324,1.0020194656349484,10000.0,max_iters,0.0305,0.3499665053889737,0.3745293822322108,0.2806124619174467,0.2595342442971425,0.8923691880325485,4.667085,results/sbm_normalized_TorusMDS_random_1x_scale2_comparison.csv,
7,13,993,TorusMDS_random_1x_scale2,6.9036,0.9988976256942048,1.0011035908760209,10000.0,max_iters,0.3792,0.3398354120078387,0.3726585611881117,0.2660965108516742,0.2150193992436494,0.9955555555555554,4.513794,results/sbm_normalized_TorusMDS_random_1x_scale2_comparison.csv,
8,14,484,TorusMDS_random_1x_scale2,6.3944,1.0033726579545006,0.9966386786327464,10000.0,max_iters,0.0432,0.3556295558680593,0.381081959730676,0.2814930538283616,0.2005642806365457,0.9066439401543512,4.579319,results/sbm_normalized_TorusMDS_random_1x_scale2_comparison.csv,
7,15,488,TorusMDS_random_1x_scale2,5.9989,0.9970121031023744,1.002996851179969,10000.0,max_iters,0.0448,0.3491002809560407,0.3773719008781332,0.2769828475288964,0.2465471836203817,0.92391838070777,4.577586,results/sbm_normalized_TorusMDS_random_1x_scale2_comparison.csv,
6,16,136,TorusMDS_random_1x_scale2,5.9392,0.9780172579322324,1.0224768447483683,10000.0,max_iters,0.0025,0.3219044401645921,0.3656610622273759,0.263933908733108,0.4387070138544418,0.5767350089754253,5.609211,results/sbm_normalized_TorusMDS_random_1x_scale2_comparison.csv,
5,17,335,TorusMDS_random_1x_scale2,5.7805,1.0010155793167257,0.9989854510382156,10000.0,max_iters,0.0209,0.3388110469145418,0.3675694652611344,0.2716018140473569,0.3019553703730279,0.912699487050408,4.56423,results/sbm_normalized_TorusMDS_random_1x_scale2_comparison.csv,
7,18,306,TorusMDS_random_1x_scale2,6.144,0.9945499106496836,1.005479955597961,10000.0,max_iters,0.015,0.35230843154101,0.3815121716237744,0.2857043978995167,0.259341628014277,0.8268596174026562,4.74241,results/sbm_normalized_TorusMDS_random_1x_scale2_comparison.csv,
6,19,859,TorusMDS_random_1x_scale2,6.3684,1.022493486477205,0.9780013400821732,10000.0,max_iters,0.1885,0.3401883828509828,0.3755569181917993,0.2669447320126097,0.2242506709941187,0.9967676767676766,4.494287,results/sbm_normalized_TorusMDS_random_1x_scale2_comparison.csv,
4,20,372,TorusMDS_random_1x_scale2,5.8198,0.9855118331274232,1.0147011597279356,10000.0,max_iters,0.0266,0.3382117165753859,0.365276371454927,0.2681765265282563,0.2939013543499529,0.962245762644326,4.464768,results/sbm_normalized_TorusMDS_random_1x_scale2_comparison.csv,
6,21,392,TorusMDS_random_1x_scale2,5.7983,1.0022568964224867,0.9977481856891756,10000.0,max_iters,0.0274,0.3448750421122607,0.3706053212462749,0.2758677713566614,0.2744625288669298,0.9083900508989609,4.611293,results/sbm_normalized_TorusMDS_random_1x_scale2_comparison.csv,
4,22,246,TorusMDS_random_1x_scale2,5.6398,1.012278127292981,0.9878707966102014,10000.0,max_iters,0.01,0.334599405735857,0.365342650392197,0.2705179206919519,0.3381251146540607,0.8789690981060688,4.631347,results/sbm_normalized_TorusMDS_random_1x_scale2_comparison.csv,
7,23,168,TorusMDS_random_1x_scale2,5.6377,1.0085548436042109,0.9915177209663296,10000.0,max_iters,0.0038,0.3437327840255624,0.3808898226124889,0.2818844423037572,0.3489461403993711,0.6260244851702393,5.315923,results/sbm_normalized_TorusMDS_random_1x_scale2_comparison.csv,
5,24,121,TorusMDS_random_1x_scale2,5.9391,0.9978711907984976,1.0021333506980985,10000.0,max_iters,0.0023,0.3160195519815842,0.3587529149076346,0.2631582200414458,0.4602386457535613,0.6803974362869725,5.234202,results/sbm_normalized_TorusMDS_random_1x_scale2_comparison.csv,
4,25,612,TorusMDS_random_1x_scale2,6.4733,0.9862029904371042,1.0139900301425575,10000.0,max_iters,0.0873,0.3437320228669498,0.3770571648392805,0.2713388662446391,0.2506183266130282,0.9985858585858586,4.416294,results/sbm_normalized_TorusMDS_random_1x_scale2_comparison.csv,
3,26,752,TorusMDS_random_1x_scale2,6.188,0.9835550281903912,1.016719930596934,10000.0,max_iters,0.2558,0.3482847988282564,0.3821874667633844,0.2728235818758069,0.2705874454599,0.9987878787878788,4.354287,results/sbm_normalized_TorusMDS_random_1x_scale2_comparison.csv,
6,27,216,TorusMDS_random_1x_scale2,5.6947,1.0034875737815585,0.9965245471167964,10000.0,max_iters,0.0067,0.3302982680700623,0.3678779811885093,0.2729803455748686,0.3874831469266611,0.6991981194999651,5.154125,results/sbm_normalized_TorusMDS_random_1x_scale2_comparison.csv,
8,28,282,TorusMDS_random_1x_scale2,5.7947,1.0041710951358256,0.9958462306313832,10000.0,max_iters,0.0124,0.354752285785025,0.3849016448543291,0.2911602597117205,0.2692996687401238,0.7388253869123971,4.932152,results/sbm_normalized_TorusMDS_random_1x_scale2_comparison.csv,
7,29,170,TorusMDS_random_1x_scale2,5.6173,1.003248053890689,0.9967624618078323,10000.0,max_iters,0.004,0.3401567590359867,0.3797580069073847,0.2815144378547535,0.3533595759121179,0.6074279080997134,5.349326,results/sbm_normalized_TorusMDS_random_1x_scale2_comparison.csv,
8,30,253,TorusMDS_random_1x_scale2,5.7809,1.0037265083653697,0.9962873269418394,10000.0,max_iters,0.0095,0.3565774258049059,0.3874147242967236,0.2912269564016434,0.2684926972528086,0.7121865660305527,4.994597,results/sbm_normalized_TorusMDS_random_1x_scale2_comparison.csv,
6,31,123,TorusMDS_random_1x_scale2,5.9665,0.9879080053461672,1.0122400006765768,10000.0,max_iters,0.0021,0.3300643867639499,0.3711488784084149,0.2726908242426251,0.4065876062826095,0.6074685912844974,5.408107,results/sbm_normalized_TorusMDS_random_1x_scale2_comparison.csv,
8,32,198,TorusMDS_random_1x_scale2,5.6855,0.9956268598358364,1.004392348519891,10000.0,max_iters,0.0056,0.3494310656694298,0.3885887653750887,0.2875658073231865,0.320813981299166,0.6194834849309675,5.292191,results/sbm_normalized_TorusMDS_random_1x_scale2_comparison.csv,
7,33,158,TorusMDS_random_1x_scale2,5.6271,1.0121981883379785,0.987948814294948,10000.0,max_iters,0.0033,0.3277421158569187,0.3688915716669676,0.2688407828397419,0.4135698937750614,0.5856737835246182,5.524638,results/sbm_normalized_TorusMDS_random_1x_scale2_comparison.csv,
6,34,231,TorusMDS_random_1x_scale2,6.0915,1.006538062142678,0.9935044064515952,10000.0,max_iters,0.0082,0.3441172562557658,0.3739545286994564,0.2817925239086036,0.3167931544332175,0.760846125500783,4.928056,results/sbm_normalized_TorusMDS_random_1x_scale2_comparison.csv,
7,35,425,TorusMDS_random_1x_scale2,5.9497,0.9991446915175032,1.0008560406613358,10000.0,max_iters,0.0321,0.3537502229527272,0.3799549815853277,0.2832311332525007,0.2271533414906145,0.902099682279364,4.596306,results/sbm_normalized_TorusMDS_random_1x_scale2_comparison.csv,
5,36,275,TorusMDS_random_1x_scale2,5.7799,1.009068730744729,0.9910127720060892,10000.0,max_iters,0.0125,0.3384121585460667,0.3686866398877305,0.2738518279958835,0.334657186232719,0.85238393863467,4.707568,results/sbm_normalized_TorusMDS_random_1x_scale2_comparison.csv,
3,37,316,TorusMDS_random_1x_scale2,5.8819,0.997283564618646,1.0027238345017675,10000.0,max_iters,0.0198,0.3392663180158782,0.3674891915999816,0.2672792399092787,0.3064397738419242,0.9699848009338062,4.463656,results/sbm_normalized_TorusMDS_random_1x_scale2_comparison.csv,
5,38,417,TorusMDS_random_1x_scale2,5.9221,1.0021893657205765,0.9978154171302724,10000.0,max_iters,0.033,0.3382766605762422,0.3676455026440541,0.2686881730033291,0.2951012510148624,0.9321301871710976,4.567108,results/sbm_normalized_TorusMDS_random_1x_scale2_comparison.csv,
3,39,889,TorusMDS_random_1x_scale2,6.3787,1.1232099532644055,0.890305500849313,10000.0,max_iters,0.3994,0.3393222398917093,0.3819160668824731,0.2581453722726792,0.2681658219691995,1.0,4.425156,results/sbm_normalized_TorusMDS_random_1x_scale2_comparison.csv,
5,40,572,TorusMDS_random_1x_scale2,6.2758,1.007446800722884,0.99260824420948,10000.0,max_iters,0.0683,0.3404285125475271,0.371186310729883,0.2685696649143839,0.2601659590400194,0.982205730777159,4.490117,results/sbm_normalized_TorusMDS_random_1x_scale2_comparison.csv,
4,41,338,TorusMDS_random_1x_scale2,5.9129,0.988710182343756,1.0114187330704751,10000.0,max_iters,0.0212,0.3410773156915321,0.3669669776449171,0.2717448171102929,0.3060891308785212,0.9352015167985338,4.517602,results/sbm_normalized_TorusMDS_random_1x_scale2_comparison.csv,
4,42,259,TorusMDS_random_1x_scale2,5.7021,0.9857765604595248,1.014428664781647,10000.0,max_iters,0.0111,0.3359298263385666,0.3629211196100573,0.2687009200625795,0.3517136468977577,0.8882199174762151,4.630591,results/sbm_normalized_TorusMDS_random_1x_scale2_comparison.csv,
8,43,514,TorusMDS_random_1x_scale2,6.1215,1.004429670951792,0.9955898644973378,10000.0,max_iters,0.0494,0.3566684926987502,0.3829213443503302,0.2842080788660759,0.191882595837233,0.9246705430063302,4.564353,results/sbm_normalized_TorusMDS_random_1x_scale2_comparison.csv,
3,44,130,TorusMDS_random_1x_scale2,6.0598,0.991086498989247,1.0089936660622896,10000.0,max_iters,0.0028,0.3280339087024223,0.3660888881429961,0.2703605419788379,0.4293483432681029,0.7923363644271094,4.893541,results/sbm_normalized_TorusMDS_random_1x_scale2_comparison.csv,
7,45,846,TorusMDS_random_1x_scale2,6.2456,0.9970120367022862,1.0029969179786402,10000.0,max_iters,0.172,0.3426692064404295,0.3714603065695207,0.2674728196846678,0.2160469013696933,0.9848443619872188,4.494179,results/sbm_normalized_TorusMDS_random_1x_scale2_comparison.csv,
3,46,103,TorusMDS_random_1x_scale2,5.9117,1.0068483551430627,0.9931982258221104,10000.0,max_iters,0.0017,0.3216328430253086,0.3585063959478241,0.2642522403432236,0.4581911461374872,0.7667588903320162,4.969003,results/sbm_normalized_TorusMDS_random_1x_scale2_comparison.csv,
7,47,957,TorusMDS_random_1x_scale2,6.3596,1.0076150328366775,0.9924425176396592,10000.0,max_iters,0.3165,0.3471933127213653,0.3824421808135383,0.2709433761383722,0.1913904498782919,0.992121212121212,4.473921,results/sbm_normalized_TorusMDS_random_1x_scale2_comparison.csv,
6,48,140,TorusMDS_random_1x_scale2,6.0721,0.995334701461542,1.0046871655651184,10000.0,max_iters,0.0027,0.3343655614004992,0.3730691147136657,0.2760398721579037,0.3942213095054445,0.6460767286262787,5.324742,results/sbm_normalized_TorusMDS_random_1x_scale2_comparison.csv,
5,49,776,TorusMDS_random_1x_scale2,6.2411,0.9980614203950676,1.0019423449953262,10000.0,max_iters,0.1515,0.3423012116572131,0.3773865078832573,0.2681441200897429,0.2347086053794416,0.9947474747474746,4.443637,results/sbm_normalized_TorusMDS_random_1x_scale2_comparison.csv,
4,50,301,TorusMDS_random_1x_scale2,5.9004,0.9900890572314364,1.0100101528202698,10000.0,max_iters,0.0159,0.3342031702437715,0.3634845290652139,0.2685393305555539,0.3384570808942586,0.9172708368859104,4.560718,results/sbm_normalized_TorusMDS_random_1x_scale2_comparison.csv,
3,51,633,TorusMDS_random_1x_scale2,6.3999,1.1152228608009318,0.8966817621383937,10000.0,max_iters,0.108,0.3400209261188636,0.3762306703269056,0.2614469586534244,0.3007796225768688,0.9991919191919192,4.372744,results/sbm_normalized_TorusMDS_random_1x_scale2_comparison.csv,
5,52,184,TorusMDS_random_1x_scale2,5.6795,0.9945551388632669,1.0054746699544044,10000.0,max_iters,0.0049,0.3312630135858393,0.3671177446493673,0.2721540299863404,0.3909728864083097,0.7537708347854002,4.97349,results/sbm_normalized_TorusMDS_random_1x_scale2_comparison.csv,
3,53,277,TorusMDS_random_1x_scale2,5.7189,1.0092284882726723,0.9908558979657152,10000.0,max_iters,0.0144,0.3340490670319557,0.3632873059665186,0.2652329928217967,0.3434838465561735,0.95319118373083,4.488567,results/sbm_normalized_TorusMDS_random_1x_scale2_comparison.csv,
7,54,109,TorusMDS_random_1x_scale2,6.0465,0.9957562081886152,1.0042618783357673,10000.0,max_iters,0.0018,0.3277280394778646,0.3669071230935219,0.2674667242951201,0.4246447680317606,0.5676189996799733,5.618936,results/sbm_normalized_TorusMDS_random_1x_scale2_comparison.csv,
6,55,411,TorusMDS_random_1x_scale2,5.835,1.0021872062130326,0.9978175672175088,10000.0,max_iters,0.0307,0.3387477062349287,0.367549469162183,0.2725859022705904,0.2717947549316305,0.9211058041507598,4.586456,results/sbm_normalized_TorusMDS_random_1x_scale2_comparison.csv,
4,56,523,TorusMDS_random_1x_scale2,6.1544,1.0001211794507694,0.9998788352319106,10000.0,max_iters,0.0595,0.34117691762824,0.3709877213121729,0.2693625121347581,0.2727648319438704,0.9874603174603171,4.452809,results/sbm_normalized_TorusMDS_random_1x_scale2_comparison.csv,
3,57,572,TorusMDS_random_1x_scale2,6.2117,0.979471629424116,1.0209586168289058,10000.0,max_iters,0.0837,0.3419038445799231,0.377377564566366,0.2648206134057147,0.2762492451027203,0.9983838383838384,4.432692,results/sbm_normalized_TorusMDS_random_1x_scale2_comparison.csv,
4,58,849,TorusMDS_random_1x_scale2,6.3379,1.0088980485510342,0.9911804284250392,10000.0,max_iters,0.2783,0.3420637572206557,0.3718254652429717,0.2675489212987704,0.2759811351336438,1.0,4.390048,results/sbm_normalized_TorusMDS_random_1x_scale2_comparison.csv,
6,59,693,TorusMDS_random_1x_scale2,6.2492,0.996405161062098,1.0036078084281197,10000.0,max_iters,0.1075,0.3545082393613839,0.3830155648691504,0.2800672432126456,0.2214868996885226,0.9844258915687484,4.482936,results/sbm_normalized_TorusMDS_random_1x_scale2_comparison.csv,
4,60,220,TorusMDS_random_1x_scale2,5.7855,0.9940866874789136,1.005948487788407,10000.0,max_iters,0.0077,0.3296800373868761,0.3627760601905898,0.2674271127590169,0.3843838037247905,0.8491881858533794,4.733865,results/sbm_normalized_TorusMDS_random_1x_scale2_comparison.csv,
3,61,924,TorusMDS_random_1x_scale2,6.4649,1.0228383467077529,0.9776715970991277,10000.0,max_iters,0.4144,0.3513316096193213,0.3960625185516684,0.2760995793933932,0.2257847247069784,1.0,4.422096,results/sbm_normalized_TorusMDS_random_1x_scale2_comparison.csv,
4,62,181,TorusMDS_random_1x_scale2,5.7548,0.988810078395517,1.011316552944768,10000.0,max_iters,0.005,0.3290351752292622,0.3587510588810544,0.2693297003039266,0.4107275293210032,0.8024612916330719,4.854936,results/sbm_normalized_TorusMDS_random_1x_scale2_comparison.csv,
4,63,772,TorusMDS_random_1x_scale2,6.2907,1.0020197855747417,0.997984285735852,10000.0,max_iters,0.1664,0.3421806323812317,0.3728588767659317,0.2660273171846185,0.2665417577024555,0.9983838383838384,4.37666,results/sbm_normalized_TorusMDS_random_1x_scale2_comparison.csv,
7,64,133,TorusMDS_random_1x_scale2,5.9691,1.013574921374611,0.98660688905345,10000.0,max_iters,0.0024,0.3307079542800466,0.3714747008925979,0.2710949859165389,0.399246483793192,0.5460801863392358,5.604941,results/sbm_normalized_TorusMDS_random_1x_scale2_comparison.csv,
8,65,385,TorusMDS_random_1x_scale2,5.9092,0.9998360854613938,1.0001639414109869,10000.0,max_iters,0.0246,0.3557387666016098,0.3815503340572576,0.2877572978431253,0.2267438130619641,0.8374119896229338,4.710015,results/sbm_normalized_TorusMDS_random_1x_scale2_comparison.csv,
3,66,645,TorusMDS_random_1x_scale2,6.2375,1.0156708427445105,0.9845709435724616,10000.0,max_iters,0.1924,0.3433197810810631,0.38024772395347,0.2689811730581684,0.2519450355598651,0.9983838383838384,4.434077,results/sbm_normalized_TorusMDS_random_1x_scale2_comparison.csv,
5,67,194,TorusMDS_random_1x_scale2,5.6475,0.9985071504025402,1.0014950815293189,10000.0,max_iters,0.0059,0.331964198864728,0.3660978914291689,0.2737575412537038,0.3816472493458673,0.7710128951323014,4.926657,results/sbm_normalized_TorusMDS_random_1x_scale2_comparison.csv,
7,68,657,TorusMDS_random_1x_scale2,6.222,1.0046315217411157,0.9953898303598032,10000.0,max_iters,0.0932,0.3448004196234854,0.3749274060366772,0.2689180313045213,0.1975709878707929,0.9684126984126976,4.520545,results/sbm_normalized_TorusMDS_random_1x_scale2_comparison.csv,
6,69,910,TorusMDS_random_1x_scale2,6.3328,1.0112736223934806,0.988852055325246,10000.0,max_iters,0.2328,0.3454384465613394,0.3765496688887542,0.2691731165224434,0.200848439933127,0.9943434343434342,4.488036,results/sbm_normalized_TorusMDS_random_1x_scale2_comparison.csv,
4,70,356,TorusMDS_random_1x_scale2,5.8841,1.000338937701628,0.9996611771382142,10000.0,max_iters,0.024,0.3399098848148039,0.3678615625479745,0.2700990181655693,0.2916324623635828,0.9406529110620888,4.533678,results/sbm_normalized_TorusMDS_random_1x_scale2_comparison.csv,
8,71,705,TorusMDS_random_1x_scale2,6.3262,1.0020195370901437,0.997984533219773,10000.0,max_iters,0.1775,0.3520066954613122,0.3824768135219195,0.277862183116406,0.1972354296672671,0.9604340653005964,4.587297,results/sbm_normalized_TorusMDS_random_1x_scale2_comparison.csv,
3,72,254,TorusMDS_random_1x_scale2,5.7216,1.0222543631097676,0.9782301118851984,10000.0,max_iters,0.0118,0.3354376962751419,0.3702147473484232,0.2697617912965405,0.3299619880550931,0.93329341549954,4.504724,results/sbm_normalized_TorusMDS_random_1x_scale2_comparison.csv,
6,73,110,TorusMDS_random_1x_scale2,6.1852,1.0040935966746454,0.995923092540175,10000.0,max_iters,0.0018,0.3216605777158526,0.3663659468735075,0.2635554420156232,0.4448071091287192,0.5975365379105122,5.521931,results/sbm_normalized_TorusMDS_random_1x_scale2_comparison.csv,
8,74,260,TorusMDS_random_1x_scale2,5.7229,0.996806116224633,1.0032041173537978,10000.0,max_iters,0.01,0.3525383137073161,0.3869005368849534,0.2882540838093478,0.3051028644161942,0.7279952450311755,5.019128,results/sbm_normalized_TorusMDS_random_1x_scale2_comparison.csv,
3,75,102,TorusMDS_random_1x_scale2,6.0823,0.959205751341766,1.0425291952234126,10000.0,max_iters,0.0018,0.3018634419175728,0.3507080850380817,0.2514111324468322,0.5437960328850541,0.717877714295263,5.219669,results/sbm_normalized_TorusMDS_random_1x_scale2_comparison.csv,
4,76,119,TorusMDS_random_1x_scale2,6.0344,1.0029983930984323,0.9970105703866884,10000.0,max_iters,0.0021,0.3186789509842999,0.364340403036576,0.2659914070390288,0.4604019466509688,0.6581393016614538,5.321891,results/sbm_normalized_TorusMDS_random_1x_scale2_comparison.csv,
8,77,187,TorusMDS_random_1x_scale2,5.7231,1.0029226754272096,0.997085841711611,10000.0,max_iters,0.0049,0.346825160829784,0.3794017917624979,0.2842876782259971,0.3296790206356404,0.6204639619950376,5.28597,results/sbm_normalized_TorusMDS_random_1x_scale2_comparison.csv,
7,78,878,TorusMDS_random_1x_scale2,6.2301,1.0031731586002433,0.9968368784859925,10000.0,max_iters,0.1925,0.3434652859285618,0.3722789603878861,0.269148069105973,0.2076632920021421,0.9892846835703976,4.515485,results/sbm_normalized_TorusMDS_random_1x_scale2_comparison.csv,
5,79,732,TorusMDS_random_1x_scale2,6.3155,1.00035504769391,0.9996450783202138,10000.0,max_iters,0.1314,0.3376652385208996,0.3699770095458987,0.2626932496843943,0.2607910178181105,0.9955534941249228,4.432126,results/sbm_normalized_TorusMDS_random_1x_scale2_comparison.csv,
5,80,240,TorusMDS_random_1x_scale2,5.8294,1.0021360411324471,0.9978685118139916,10000.0,max_iters,0.009,0.3339021143718587,0.3626015397951512,0.2722214858105835,0.3513315092429157,0.8190117814630079,4.783214,results/sbm_normalized_TorusMDS_random_1x_scale2_comparison.csv,
5,81,308,TorusMDS_random_1x_scale2,5.7732,0.998819801363088,1.0011815931515389,10000.0,max_iters,0.0169,0.3406654333131287,0.3677421281255966,0.2738319023096632,0.3089333645346951,0.8781553667872936,4.654878,results/sbm_normalized_TorusMDS_random_1x_scale2_comparison.csv,
3,82,596,TorusMDS_random_1x_scale2,6.45,0.8970527701693743,1.1147616207808912,10000.0,max_iters,0.0946,0.3289554866206051,0.3644864108998782,0.2508523757552574,0.3403646114975447,0.997171717171717,4.423558,results/sbm_normalized_TorusMDS_random_1x_scale2_comparison.csv,
6,83,186,TorusMDS_random_1x_scale2,5.6263,0.99077739617856,1.0093084519863005,10000.0,max_iters,0.005,0.3406368861403773,0.3727652929194659,0.282846328120546,0.3421374430947521,0.6726396308389466,5.152774,results/sbm_normalized_TorusMDS_random_1x_scale2_comparison.csv,
3,84,760,TorusMDS_random_1x_scale2,6.4372,0.979914661248328,1.0204970285127533,10000.0,max_iters,0.1823,0.349089002939877,0.385908825334677,0.2724028562395859,0.2677083243655379,1.0,4.392879,results/sbm_normalized_TorusMDS_random_1x_scale2_comparison.csv,
6,85,220,TorusMDS_random_1x_scale2,5.7238,1.0009914350303506,0.9990095469395094,10000.0,max_iters,0.0072,0.3412596347522076,0.3740592591132897,0.2802271875129642,0.3413070603981816,0.7521437673496136,4.941294,results/sbm_normalized_TorusMDS_random_1x_scale2_comparison.csv,
3,86,206,TorusMDS_random_1x_scale2,5.6792,1.067135707873586,0.937087937946184,10000.0,max_iters,0.0073,0.3321158279304514,0.3667463302630483,0.2685801372406037,0.3856238650153155,0.8705408274801439,4.660792,results/sbm_normalized_TorusMDS_random_1x_scale2_comparison.csv,
4,87,758,TorusMDS_random_1x_scale2,6.2062,0.9868055241520078,1.0133708978365623,10000.0,max_iters,0.2418,0.3389011043741814,0.3698410217447638,0.2659323307201022,0.2675834016459571,0.9983838383838384,4.434341,results/sbm_normalized_TorusMDS_random_1x_scale2_comparison.csv,
6,88,465,TorusMDS_random_1x_scale2,6.0056,1.0052881052940634,0.9947397116645316,10000.0,max_iters,0.0413,0.3425149175294412,0.3688680304472164,0.2732842552304211,0.2489751962982414,0.9353016277991932,4.564897,results/sbm_normalized_TorusMDS_random_1x_scale2_comparison.csv,
8,89,842,TorusMDS_random_1x_scale2,6.2986,1.0028694177567992,0.9971387922435432,10000.0,max_iters,0.1661,0.3480186531036477,0.3760783954415939,0.2743848370791706,0.1743383453529461,0.983628117913832,4.497078,results/sbm_normalized_TorusMDS_random_1x_scale2_comparison.csv,
8,90,725,TorusMDS_random_1x_scale2,6.2546,1.0015860129745882,0.9984164984793688,10000.0,max_iters,0.1711,0.3488830867992701,0.3777623155391561,0.2751763717846501,0.1918871806456729,0.9703464422648976,4.516117,results/sbm_normalized_TorusMDS_random_1x_scale2_comparison.csv,
3,91,138,TorusMDS_random_1x_scale2,6.0564,0.994011775867152,1.006024298985416,10000.0,max_iters,0.0032,0.3193944237167733,0.3597464050737728,0.2630994642776172,0.4640108001404114,0.8142627867207688,4.877897,results/sbm_normalized_TorusMDS_random_1x_scale2_comparison.csv,
7,92,518,TorusMDS_random_1x_scale2,6.2682,0.9980910903844116,1.0019125605207568,10000.0,max_iters,0.0517,0.3520668058302668,0.3746753807929819,0.2792943497441893,0.2327688364863523,0.9454203682517084,4.522999,results/sbm_normalized_TorusMDS_random_1x_scale2_comparison.csv,
8,93,248,TorusMDS_random_1x_scale2,5.8119,1.000418980429251,0.9995811950418302,10000.0,max_iters,0.0088,0.3559327401873809,0.3871948117503235,0.2934131760910434,0.2893493545673694,0.7228424250213135,5.032425,results/sbm_normalized_TorusMDS_random_1x_scale2_comparison.csv,
7,94,364,TorusMDS_random_1x_scale2,5.8576,0.9988285257643216,1.0011728481971238,10000.0,max_iters,0.0228,0.349361097558779,0.3760709514412129,0.280205236683261,0.2518726194710029,0.8708313926441845,4.70971,results/sbm_normalized_TorusMDS_random_1x_scale2_comparison.csv,
7,95,156,TorusMDS_random_1x_scale2,5.7035,0.9983994376894646,1.0016031282171387,10000.0,max_iters,0.0034,0.3422450872945842,0.3817935008269517,0.2794402314416614,0.3489115687997153,0.5910443539081096,5.398269,results/sbm_normalized_TorusMDS_random_1x_scale2_comparison.csv,
4,96,333,TorusMDS_random_1x_scale2,5.8908,0.9928325348392724,1.0072192085867613,10000.0,max_iters,0.0208,0.3354233735331536,0.3609060340659423,0.2660410787833143,0.3163820160952372,0.9488395598213633,4.52297,results/sbm_normalized_TorusMDS_random_1x_scale2_comparison.csv,
3,97,959,TorusMDS_random_1x_scale2,6.5595,1.1236327308751823,0.8899705148506252,10000.0,max_iters,0.4494,0.3364375249807134,0.3806547676190855,0.2558882184903556,0.27801388661867,1.0,4.413268,results/sbm_normalized_TorusMDS_random_1x_scale2_comparison.csv,
6,98,101,TorusMDS_random_1x_scale2,5.9327,0.9867616801365956,1.0134159241586802,10000.0,max_iters,0.0014,0.3188204184502873,0.3609285049860849,0.2621522919576884,0.4525103119180169,0.5768010056419244,5.579683,results/sbm_normalized_TorusMDS_random_1x_scale2_comparison.csv,
6,99,951,TorusMDS_random_1x_scale2,6.5852,1.0148958846461429,0.9853227460358296,10000.0,max_iters,0.2657,0.3403223474731802,0.3712204400203694,0.2655926102462662,0.2305926261987527,0.9953535353535352,4.496341,results/sbm_normalized_TorusMDS_random_1x_scale2_comparison.csv,
7,100,208,TorusMDS_random_1x_scale2,5.7079,0.996337612645137,1.0036758497404707,10000.0,max_iters,0.0061,0.3458901239260752,0.3819777824750221,0.2871326660311556,0.3247918914646706,0.6612588510582443,5.161038,results/sbm_normalized_TorusMDS_random_1x_scale2_comparison.csv,
6,101,470,TorusMDS_random_1x_scale2,6.1059,1.0160317463440622,0.9842212151325505,10000.0,max_iters,0.0422,0.3417552050160879,0.3702697865109078,0.2696272329106506,0.2517597663951992,0.947846369491251,4.556869,results/sbm_normalized_TorusMDS_random_1x_scale2_comparison.csv,
8,102,378,TorusMDS_random_1x_scale2,5.8882,0.994591562785612,1.0054378474710164,10000.0,max_iters,0.0235,0.3537687422027455,0.3852203019863854,0.2846608671771287,0.230189562091956,0.8530563965080598,4.696822,results/sbm_normalized_TorusMDS_random_1x_scale2_comparison.csv,
3,103,917,TorusMDS_random_1x_scale2,6.4953,0.9782579739371304,1.0222252479837868,10000.0,max_iters,0.4027,0.3393151983969453,0.3822443383562935,0.2659634755339206,0.2802903400316929,1.0,4.3641,results/sbm_normalized_TorusMDS_random_1x_scale2_comparison.csv,
6,104,316,TorusMDS_random_1x_scale2,5.7845,0.9967181548278196,1.0032926511434392,10000.0,max_iters,0.0168,0.3414390306345363,0.3713655185395109,0.2772790229497406,0.3093628362925078,0.857830854886334,4.689511,results/sbm_normalized_TorusMDS_random_1x_scale2_comparison.csv,
7,105,150,TorusMDS_random_1x_scale2,5.7152,1.006940784459835,0.9931070579651232,10000.0,max_iters,0.0032,0.3401875330021899,0.3807219044299094,0.280834062708396,0.3686669329235483,0.6007447879851674,5.413637,results/sbm_normalized_TorusMDS_random_1x_scale2_comparison.csv,
7,106,115,TorusMDS_random_1x_scale2,6.0015,0.9982628250720902,1.0017401979561689,10000.0,max_iters,0.0017,0.3285544068710037,0.3735815677461927,0.2699193366466951,0.4135754464674019,0.5483502120413463,5.674433,results/sbm_normalized_TorusMDS_random_1x_scale2_comparison.csv,
4,107,122,TorusMDS_random_1x_scale2,6.0416,1.0175713149027512,0.982732104722871,10000.0,max_iters,0.0023,0.3190607293206153,0.3606318044082691,0.2648660923061205,0.451088734453236,0.694310456026209,5.18286,results/sbm_normalized_TorusMDS_random_1x_scale2_comparison.csv,
4,108,747,TorusMDS_random_1x_scale2,6.205,1.0119042077485751,0.9882358353118608,10000.0,max_iters,0.149,0.3437463943740195,0.3718327822760462,0.2686848164218637,0.2565736092150975,0.9997979797979798,4.403592,results/sbm_normalized_TorusMDS_random_1x_scale2_comparison.csv,
3,109,817,TorusMDS_random_1x_scale2,6.5547,1.0169987427192282,0.9832853847254744,10000.0,max_iters,0.3115,0.3503897548068912,0.3856509133866729,0.2755909241379751,0.264979246230375,1.0,4.427077,results/sbm_normalized_TorusMDS_random_1x_scale2_comparison.csv,
4,110,822,TorusMDS_random_1x_scale2,6.2932,1.0137942698324025,0.9863934229627448,10000.0,max_iters,0.204,0.3411939214366035,0.3751239267405904,0.2667511979212594,0.2581340082293359,0.9991919191919192,4.396596,results/sbm_normalized_TorusMDS_random_1x_scale2_comparison.csv,
3,111,118,TorusMDS_random_1x_scale2,6.0846,0.9372269333307528,1.06697744637594,10000.0,max_iters,0.0025,0.3223660219097323,0.3642636303918953,0.264251995048468,0.4607063283323486,0.781556684838804,4.91378,results/sbm_normalized_TorusMDS_random_1x_scale2_comparison.csv,
7,112,739,TorusMDS_random_1x_scale2,6.333,0.9938248596543062,1.0062135096397586,10000.0,max_iters,0.19,0.3408698072997699,0.3704876516472679,0.2678674406116198,0.2035733629052411,0.9834281591424444,4.498818,results/sbm_normalized_TorusMDS_random_1x_scale2_comparison.csv,
3,113,313,TorusMDS_random_1x_scale2,5.8393,1.1016164451791997,0.9077569642102884,10000.0,max_iters,0.019,0.3301876423037877,0.3645551518616965,0.2531805066020706,0.3444046648666473,0.9641459793070616,4.51357,results/sbm_normalized_TorusMDS_random_1x_scale2_comparison.csv,
5,114,471,TorusMDS_random_1x_scale2,5.9777,1.00331690402584,0.9966940614550288,10000.0,max_iters,0.0438,0.3416931136367206,0.3665749137426278,0.2700000726365373,0.2789967823471131,0.9565558740678396,4.503438,results/sbm_normalized_TorusMDS_random_1x_scale2_comparison.csv,
3,115,513,TorusMDS_random_1x_scale2,6.1988,1.1108350932522315,0.9002236300189836,10000.0,max_iters,0.0639,0.3349027967524078,0.3680019679015254,0.2601411678120126,0.3197223136280347,0.9937353123067408,4.440362,results/sbm_normalized_TorusMDS_random_1x_scale2_comparison.csv,
7,116,321,TorusMDS_random_1x_scale2,5.8327,0.9976779894343172,1.0023274148475494,10000.0,max_iters,0.0167,0.3499178265128057,0.3757295798625683,0.2847080168681639,0.2663694545013907,0.8120241452570431,4.788104,results/sbm_normalized_TorusMDS_random_1x_scale2_comparison.csv,
3,117,123,TorusMDS_random_1x_scale2,5.9772,0.9848536477001236,1.0153792924819305,10000.0,max_iters,0.0024,0.3198497192145788,0.3568604030223695,0.2629806854625021,0.4565633263330393,0.8028012960406637,4.867739,results/sbm_normalized_TorusMDS_random_1x_scale2_comparison.csv,
7,118,157,TorusMDS_random_1x_scale2,5.572,1.0102422472247987,0.9898615928477206,10000.0,max_iters,0.0034,0.3300318494465204,0.3707482114038303,0.2744038700364222,0.3967045340812913,0.6554963536628216,5.239342,results/sbm_normalized_TorusMDS_random_1x_scale2_comparison.csv,
6,119,308,TorusMDS_random_1x_scale2,5.6778,1.0065362305783838,0.9935062143022632,10000.0,max_iters,0.0152,0.339846940839872,0.3709815800715445,0.2749625851993814,0.2995053506730323,0.8552083582078468,4.680742,results/sbm_normalized_TorusMDS_random_1x_scale2_comparison.csv,
4,120,152,TorusMDS_random_1x_scale2,5.73,1.0096795562584733,0.9904132393307612,10000.0,max_iters,0.0036,0.3206142683571547,0.3580239077100889,0.2654519287479168,0.4380874334067522,0.7359418768074195,5.048931,results/sbm_normalized_TorusMDS_random_1x_scale2_comparison.csv,
6,121,632,TorusMDS_random_1x_scale2,6.3917,1.0061557767014997,0.9938818850479793,10000.0,max_iters,0.1398,0.3435712440620967,0.3767456314341839,0.268752781326929,0.238479854580545,0.983213770356627,4.502076,results/sbm_normalized_TorusMDS_random_1x_scale2_comparison.csv,
5,122,650,TorusMDS_random_1x_scale2,6.2265,0.9952797736549166,1.0047426125497854,10000.0,max_iters,0.0936,0.3408174260689424,0.3675860295883786,0.264078915258737,0.2570635243414063,0.99008658008658,4.461189,results/sbm_normalized_TorusMDS_random_1x_scale2_comparison.csv,
5,123,451,TorusMDS_random_1x_scale2,6.0609,0.9959882838083984,1.0040278748824851,10000.0,max_iters,0.0379,0.3373843588369238,0.3689651623804988,0.2683093023911589,0.2758604984778233,0.9543150577944388,4.503363,results/sbm_normalized_TorusMDS_random_1x_scale2_comparison.csv,
6,124,116,TorusMDS_random_1x_scale2,6.0394,0.9955730325903728,1.0044466525957505,10000.0,max_iters,0.002,0.3192504293021938,0.3638536908500097,0.2621541402296566,0.4393830720737837,0.5595821110646368,5.659811,results/sbm_normalized_TorusMDS_random_1x_scale2_comparison.csv,
6,125,240,TorusMDS_random_1x_scale2,5.7085,1.0003966184619308,0.9996035387819078,10000.0,max_iters,0.0087,0.346748064580649,0.3751788744340771,0.28347917399061,0.3094236597062706,0.7912668277293236,4.840236,results/sbm_normalized_TorusMDS_random_1x_scale2_comparison.csv,
5,126,986,TorusMDS_random_1x_scale2,6.4881,1.0094686393524903,0.9906201748292413,10000.0,max_iters,0.3893,0.3432526792219269,0.3748568012601991,0.2682985887156648,0.2210840519696208,0.9995959595959596,4.474229,results/sbm_normalized_TorusMDS_random_1x_scale2_comparison.csv,
3,127,305,TorusMDS_random_1x_scale2,5.7693,0.9107690082457984,1.097973241234972,10000.0,max_iters,0.0177,0.3312272204996703,0.3700404502404419,0.2564477738239239,0.3393293433291175,0.9680321396525854,4.463071,results/sbm_normalized_TorusMDS_random_1x_scale2_comparison.csv,
8,128,754,TorusMDS_random_1x_scale2,6.2605,0.9987753735464332,1.001226128002354,10000.0,max_iters,0.1206,0.3563883991495573,0.3827017669350563,0.2806113207129013,0.1956070382476083,0.9753308596165736,4.506304,results/sbm_normalized_TorusMDS_random_1x_scale2_comparison.csv,
4,129,510,TorusMDS_random_1x_scale2,6.0973,1.0130821992703043,0.9870867346403608,10000.0,max_iters,0.054,0.3360520012107012,0.3619942102063676,0.2638768459060857,0.2724022528118696,0.9882766439909294,4.431001,results/sbm_normalized_TorusMDS_random_1x_scale2_comparison.csv,
7,130,629,TorusMDS_random_1x_scale2,6.7656,1.0026789834124528,0.9973281743641068,10000.0,max_iters,0.0788,0.3468889739235422,0.37534452738816,0.2729613920403946,0.2083139200563022,0.9661818904381492,4.532323,results/sbm_normalized_TorusMDS_random_1x_scale2_comparison.csv,
7,131,626,TorusMDS_random_1x_scale2,6.4369,0.9976894180643406,1.0023159330888185,10000.0,max_iters,0.0805,0.3451045824026214,0.3719981755055815,0.271975132329891,0.2497511592462186,0.968216862502576,4.537896,results/sbm_normalized_TorusMDS_random_1x_scale2_comparison.csv,
7,132,230,TorusMDS_random_1x_scale2,5.7427,0.9999264380073808,1.000073567404384,10000.0,max_iters,0.0076,0.3467134024680302,0.3789728405921153,0.2847673697069396,0.3108100825194609,0.7190277026936068,5.013464,results/sbm_normalized_TorusMDS_random_1x_scale2_comparison.csv,
6,133,347,TorusMDS_random_1x_scale2,5.8703,0.996018372161673,1.0039975445730842,10000.0,max_iters,0.0203,0.3479040170989755,0.3794450912049211,0.2812424398793443,0.2686776046221255,0.8808309320889913,4.643333,results/sbm_normalized_TorusMDS_random_1x_scale2_comparison.csv,
4,134,255,TorusMDS_random_1x_scale2,5.6884,1.0153389025315225,0.9848928249540344,10000.0,max_iters,0.011,0.3359374342833258,0.3632340272376463,0.2703299274255279,0.352494019778008,0.8908798197631,4.621049,results/sbm_normalized_TorusMDS_random_1x_scale2_comparison.csv,
4,135,555,TorusMDS_random_1x_scale2,6.2212,0.9876349784778689,1.0125198294831437,10000.0,max_iters,0.0708,0.3374284889580513,0.3632679171209342,0.2651125950954575,0.2958390096872658,0.9874541331684188,4.411561,results/sbm_normalized_TorusMDS_random_1x_scale2_comparison.csv,
5,136,137,TorusMDS_random_1x_scale2,6.0605,1.011769887681468,0.9883670310564,10000.0,max_iters,0.0027,0.3219492457805318,0.3627973827312943,0.2669103674309718,0.4353341342381153,0.6576394094316877,5.299872,results/sbm_normalized_TorusMDS_random_1x_scale2_comparison.csv,
3,137,662,TorusMDS_random_1x_scale2,6.2607,0.8945782098952151,1.117845246998732,10000.0,max_iters,0.1192,0.3328053841302336,0.3653317434312222,0.2546585230437226,0.2983317836600737,0.998989898989899,4.427124,results/sbm_normalized_TorusMDS_random_1x_scale2_comparison.csv,
3,138,697,TorusMDS_random_1x_scale2,6.1751,0.8935194442458103,1.1191698249432795,10000.0,max_iters,0.1405,0.3376715244948661,0.3764368043152158,0.2608064589228945,0.2905250870422229,0.9991919191919192,4.398166,results/sbm_normalized_TorusMDS_random_1x_scale2_comparison.csv,
6,139,954,TorusMDS_random_1x_scale2,6.483,0.9872003439958296,1.012965611369585,10000.0,max_iters,0.3489,0.3465867317985103,0.3794422269226028,0.2722008614434385,0.2011246429322916,0.9981818181818182,4.492883,results/sbm_normalized_TorusMDS_random_1x_scale2_comparison.csv,
6,140,318,TorusMDS_random_1x_scale2,5.7947,1.0002492753467356,0.9997507867759772,10000.0,max_iters,0.0173,0.3442581824499616,0.3770116542931622,0.2799682139391152,0.2980185658048472,0.8414040883632187,4.741481,results/sbm_normalized_TorusMDS_random_1x_scale2_comparison.csv,
4,141,820,TorusMDS_random_1x_scale2,6.8286,1.0295242197402856,0.9713224621876952,10000.0,max_iters,0.2674,0.3414304303771777,0.3711524245817832,0.267903347450674,0.2695039597179389,0.9997979797979798,4.399349,results/sbm_normalized_TorusMDS_random_1x_scale2_comparison.csv,
3,142,730,TorusMDS_random_1x_scale2,6.2576,0.9813169341787652,1.0190387683841102,10000.0,max_iters,0.1627,0.3354281212576315,0.3712235739991388,0.2635587295002647,0.284353840825666,0.9995959595959596,4.401718,results/sbm_normalized_TorusMDS_random_1x_scale2_comparison.csv,
4,143,196,TorusMDS_random_1x_scale2,5.6742,1.0199405713893956,0.9804492811162204,10000.0,max_iters,0.0062,0.3385166138033993,0.3725696473635931,0.2773644898892541,0.3700288256173969,0.8146181265253958,4.800152,results/sbm_normalized_TorusMDS_random_1x_scale2_comparison.csv,
8,144,372,TorusMDS_random_1x_scale2,5.777,1.004320026157044,0.9956985561927164,10000.0,max_iters,0.0285,0.3544395696042993,0.378540283519049,0.2844711526667667,0.2205947933691628,0.8445294124034948,4.706084,results/sbm_normalized_TorusMDS_random_1x_scale2_comparison.csv,
8,145,246,TorusMDS_random_1x_scale2,5.587,1.0042577246043656,0.9957603267567168,10000.0,max_iters,0.0091,0.3519988522761483,0.3821991578792278,0.2888359731666484,0.2931782427835495,0.7231929665209978,4.987681,results/sbm_normalized_TorusMDS_random_1x_scale2_comparison.csv,
3,146,299,TorusMDS_random_1x_scale2,5.6956,0.989155071297178,1.0109638306646904,10000.0,max_iters,0.0173,0.3415551248881971,0.3698331772693696,0.2716119293793068,0.3328866489582526,0.9463269199407672,4.471753,results/sbm_normalized_TorusMDS_random_1x_scale2_comparison.csv,
4,147,265,TorusMDS_random_1x_scale2,5.6939,1.0117523798999248,0.9883841341681971,10000.0,max_iters,0.0122,0.3369142539693535,0.3657009842932713,0.2726462955114314,0.3622736376595672,0.8919841104245898,4.614182,results/sbm_normalized_TorusMDS_random_1x_scale2_comparison.csv,
4,148,132,TorusMDS_random_1x_scale2,6.0165,1.0096960213330004,0.990397088699825,10000.0,max_iters,0.0027,0.3228011257480973,0.363479528357025,0.267387767712651,0.4360472015474642,0.7352765800951525,5.038279,results/sbm_normalized_TorusMDS_random_1x_scale2_comparison.csv,
5,149,483,TorusMDS_random_1x_scale2,6.0734,0.9994042211614348,1.0005961340025888,10000.0,max_iters,0.0473,0.3401380554686667,0.3657752088878889,0.2691779382020748,0.2725830939268888,0.9616709196955876,4.509826,results/sbm_normalized_TorusMDS_random_1x_scale2_comparison.csv,
6,150,788,TorusMDS_random_1x_scale2,6.4027,0.9935587603489092,1.00648299819613,10000.0,max_iters,0.2207,0.3423720552535627,0.3728795678845115,0.2687120251906149,0.2373296669207556,0.9919191919191916,4.473858,results/sbm_normalized_TorusMDS_random_1x_scale2_comparison.csv,
3,151,109,TorusMDS_random_1x_scale2,5.9887,1.011641050932575,0.9884929037608312,10000.0,max_iters,0.0022,0.318231716106394,0.3557362651340237,0.2609029291070089,0.4610217895814683,0.7816167422148859,4.91837,results/sbm_normalized_TorusMDS_random_1x_scale2_comparison.csv,
3,152,370,TorusMDS_random_1x_scale2,5.8194,1.01174962969513,0.9883868208593558,10000.0,max_iters,0.0288,0.3381957726557515,0.370947410197053,0.2675569240581176,0.2823341335343833,0.9773428159142442,4.411028,results/sbm_normalized_TorusMDS_random_1x_scale2_comparison.csv,
4,153,340,TorusMDS_random_1x_scale2,5.8788,0.9869126645325896,1.0132608851195648,10000.0,max_iters,0.0221,0.3433400718296979,0.3683952813737163,0.2756501506212453,0.3040756052253452,0.9314019598661244,4.529257,results/sbm_normalized_TorusMDS_random_1x_scale2_comparison.csv,
4,154,993,TorusMDS_random_1x_scale2,6.7725,1.0078653834477895,0.992195998020209,10000.0,max_iters,0.3679,0.3444787966070852,0.3725837658454648,0.2663896643731163,0.2495377168834587,1.0,4.410132,results/sbm_normalized_TorusMDS_random_1x_scale2_comparison.csv,
4,155,148,TorusMDS_random_1x_scale2,5.7154,0.9912463914491896,1.00883091088787,10000.0,max_iters,0.0034,0.3213720939268575,0.3613036302116087,0.2643116964186623,0.4566030837969225,0.7818206255641865,4.955217,results/sbm_normalized_TorusMDS_random_1x_scale2_comparison.csv,
7,156,566,TorusMDS_random_1x_scale2,6.2816,1.004549714342561,0.9954708918059484,10000.0,max_iters,0.1262,0.3486447758838607,0.3762778716722204,0.2760560079409728,0.2020272716867483,0.9456006081751656,4.574668,results/sbm_normalized_TorusMDS_random_1x_scale2_comparison.csv,
7,157,387,TorusMDS_random_1x_scale2,5.7825,0.9926995321642004,1.0073541566196609,10000.0,max_iters,0.0256,0.3485683662197527,0.3770968352441404,0.2797723728314659,0.2657860389478423,0.8744112142529139,4.70684,results/sbm_normalized_TorusMDS_random_1x_scale2_comparison.csv,
4,158,532,TorusMDS_random_1x_scale2,6.0879,1.0112861898974674,0.9888397666158066,10000.0,max_iters,0.0632,0.3355451514105511,0.3657684373151831,0.2628982446440538,0.2822859878395905,0.9864460085815016,4.425986,results/sbm_normalized_TorusMDS_random_1x_scale2_comparison.csv,
8,159,155,TorusMDS_random_1x_scale2,5.6289,0.9773657105824533,1.0231584648125809,10000.0,max_iters,0.0031,0.3447461867115242,0.3803258773232456,0.2821060423286429,0.3379185268583405,0.5523415743367525,5.490392,results/sbm_normalized_TorusMDS_random_1x_scale2_comparison.csv,
4,160,366,TorusMDS_random_1x_scale2,5.8059,0.9851140953900516,1.0151108431801033,10000.0,max_iters,0.0264,0.3381389475972884,0.3640914277125422,0.2674196298278888,0.313210749179573,0.947028475188394,4.51019,results/sbm_normalized_TorusMDS_random_1x_scale2_comparison.csv,
8,161,792,TorusMDS_random_1x_scale2,6.35,0.995833566309686,1.004183865488441,10000.0,max_iters,0.1413,0.3479595791866826,0.3741953485845887,0.2739556824550247,0.1918309128375393,0.9789229463262964,4.543098,results/sbm_normalized_TorusMDS_random_1x_scale2_comparison.csv,
4,162,496,TorusMDS_random_1x_scale2,6.0931,1.0076843779342626,0.9923742214303098,10000.0,max_iters,0.0546,0.336890161660398,0.3653167386826126,0.2629759560384879,0.2925396428076495,0.9880808080808078,4.404705,results/sbm_normalized_TorusMDS_random_1x_scale2_comparison.csv,
8,163,149,TorusMDS_random_1x_scale2,5.6096,0.9910841728821334,1.008996034203572,10000.0,max_iters,0.0031,0.3409219037679192,0.3779624623419844,0.2784028980926773,0.3637824847974013,0.5659469115169535,5.49672,results/sbm_normalized_TorusMDS_random_1x_scale2_comparison.csv,
6,164,230,TorusMDS_random_1x_scale2,5.6977,0.996167846570166,1.00384689532294,10000.0,max_iters,0.008,0.3460812795479692,0.3747708889664751,0.2838816503749511,0.3053892299822495,0.7574508629798151,4.930916,results/sbm_normalized_TorusMDS_random_1x_scale2_comparison.csv,
5,165,878,TorusMDS_random_1x_scale2,6.2883,1.0007106117525717,0.999289892857909,10000.0,max_iters,0.301,0.3429511622130565,0.3775593968296265,0.2678400822770576,0.2377793370003501,0.9987878787878788,4.414326,results/sbm_normalized_TorusMDS_random_1x_scale2_comparison.csv,
6,166,325,TorusMDS_random_1x_scale2,5.775,1.00327612581967,0.9967345721328776,10000.0,max_iters,0.0178,0.3415784117444179,0.367891137287441,0.2757100125050501,0.287831510715268,0.859439091483835,4.688979,results/sbm_normalized_TorusMDS_random_1x_scale2_comparison.csv,
6,167,145,TorusMDS_random_1x_scale2,5.6088,0.987335826917321,1.0128266115109177,10000.0,max_iters,0.0028,0.3343691798630501,0.3758453724137487,0.2755627351170867,0.3816797125001139,0.579829263890825,5.505737,results/sbm_normalized_TorusMDS_random_1x_scale2_comparison.csv,
3,168,615,TorusMDS_random_1x_scale2,6.4381,0.9248708213745868,1.0812320779173816,10000.0,max_iters,0.1002,0.3463257476578221,0.3816370224463383,0.2682368547469793,0.2925423579544761,0.9983838383838384,4.410922,results/sbm_normalized_TorusMDS_random_1x_scale2_comparison.csv,
7,169,166,TorusMDS_random_1x_scale2,5.7044,1.0081323643687423,0.9919332374833192,10000.0,max_iters,0.0038,0.3366926554828395,0.3765702811061999,0.2763326813163156,0.3819160495124297,0.63653445522877,5.305337,results/sbm_normalized_TorusMDS_random_1x_scale2_comparison.csv,
3,170,102,TorusMDS_random_1x_scale2,6.0455,1.020609436048843,0.9798067357395502,10000.0,max_iters,0.0017,0.3132188337099374,0.3555600749321425,0.2588684528146586,0.4906989133023396,0.7667617943119215,5.013482,results/sbm_normalized_TorusMDS_random_1x_scale2_comparison.csv,
8,171,520,TorusMDS_random_1x_scale2,6.1846,1.0026114070293586,0.9973953946553472,10000.0,max_iters,0.1154,0.3474730015792425,0.3739543149564815,0.2759615601466401,0.2202199307970416,0.930002089719348,4.567963,results/sbm_normalized_TorusMDS_random_1x_scale2_comparison.csv,
4,172,408,TorusMDS_random_1x_scale2,5.9121,1.0121842413658064,0.9879624273251228,10000.0,max_iters,0.033,0.3392032478659973,0.362258817541176,0.2681076330947485,0.294415532015702,0.9537206629647036,4.491496,results/sbm_normalized_TorusMDS_random_1x_scale2_comparison.csv,
3,173,176,TorusMDS_random_1x_scale2,5.6154,0.9617810923507524,1.0397376367171394,10000.0,max_iters,0.0053,0.3303860454924401,0.3616263964123059,0.2691031953827335,0.4052328879876599,0.8271544433120745,4.744992,results/sbm_normalized_TorusMDS_random_1x_scale2_comparison.csv,
6,174,247,TorusMDS_random_1x_scale2,5.8765,0.9946542950708868,1.0053744350731753,10000.0,max_iters,0.0093,0.3418990088846028,0.3702105406584953,0.2786952561799836,0.3193312882907143,0.7772069123767262,4.897321,results/sbm_normalized_TorusMDS_random_1x_scale2_comparison.csv,
3,175,838,TorusMDS_random_1x_scale2,6.274,1.1219491370458898,0.8913060021892045,10000.0,max_iters,0.2472,0.3405997995845163,0.3798036115843717,0.2599064527046992,0.273455185891754,0.9995959595959596,4.418358,results/sbm_normalized_TorusMDS_random_1x_scale2_comparison.csv,
7,176,389,TorusMDS_random_1x_scale2,5.9062,0.9985361886891272,1.001465957195597,10000.0,max_iters,0.091,0.3481502925790957,0.3771133837475505,0.2799765445663284,0.2518870723814538,0.8857055828228069,4.656756,results/sbm_normalized_TorusMDS_random_1x_scale2_comparison.csv,
4,177,136,TorusMDS_random_1x_scale2,5.9619,0.9879542762052071,1.012192592395127,10000.0,max_iters,0.0027,0.316939863997115,0.3601135807683859,0.2635614876424915,0.4571769866998952,0.7343331971101127,5.086022,results/sbm_normalized_TorusMDS_random_1x_scale2_comparison.csv,
5,178,519,TorusMDS_random_1x_scale2,6.247,0.9839099114272996,1.0163532132218889,10000.0,max_iters,0.0557,0.336760142636837,0.36416196272754,0.2653092463049563,0.2667804479430236,0.9632769468299652,4.506611,results/sbm_normalized_TorusMDS_random_1x_scale2_comparison.csv,
4,179,219,TorusMDS_random_1x_scale2,5.7005,0.986050745670852,1.0141465886927126,10000.0,max_iters,0.0077,0.3285272248000787,0.3608590203687345,0.2680776506472175,0.3890071965703768,0.8356010016226992,4.73958,results/sbm_normalized_TorusMDS_random_1x_scale2_comparison.csv,
4,180,663,TorusMDS_random_1x_scale2,6.2681,0.9888166018090552,1.0113098810947194,10000.0,max_iters,0.1102,0.3392651523454028,0.3715105259722025,0.2659722912608679,0.2680510683795956,0.9983838383838384,4.395398,results/sbm_normalized_TorusMDS_random_1x_scale2_comparison.csv,
8,181,299,TorusMDS_random_1x_scale2,5.7293,1.0036514035428297,0.9963618806988755,10000.0,max_iters,0.0133,0.3458465769688483,0.3690999323074505,0.2814079665802158,0.3029723512660386,0.733329569669735,4.989021,results/sbm_normalized_TorusMDS_random_1x_scale2_comparison.csv,
6,182,118,TorusMDS_random_1x_scale2,5.9574,0.9840829415857504,1.016174509019129,10000.0,max_iters,0.0019,0.3270494482504309,0.3695005983094304,0.267614179894772,0.4216479160135071,0.5491739496245781,5.670113,results/sbm_normalized_TorusMDS_random_1x_scale2_comparison.csv,
5,183,380,TorusMDS_random_1x_scale2,5.7728,0.999733502300748,1.0002665687392076,10000.0,max_iters,0.0267,0.3378273078625174,0.3640352725901679,0.2705614763137592,0.272172376571946,0.9244025396429172,4.583753,results/sbm_normalized_TorusMDS_random_1x_scale2_comparison.csv,
8,184,945,TorusMDS_random_1x_scale2,6.3692,0.9974661315695637,1.0025403052296615,10000.0,max_iters,0.2854,0.3482410863259164,0.3828184772689653,0.2710441252614243,0.1731764098665349,0.9935353535353534,4.48768,results/sbm_normalized_TorusMDS_random_1x_scale2_comparison.csv,
5,185,283,TorusMDS_random_1x_scale2,5.69,0.9989208776258446,1.001080288137255,10000.0,max_iters,0.013,0.3385273927461796,0.3713168634649416,0.2722799251579804,0.316578889679153,0.8856229679786926,4.626669,results/sbm_normalized_TorusMDS_random_1x_scale2_comparison.csv,
6,186,170,TorusMDS_random_1x_scale2,5.5971,0.9964373947362593,1.0035753427988157,10000.0,max_iters,0.004,0.3293754552490036,0.3699741092840386,0.2729533057314482,0.4024941472939359,0.6915560514132554,5.169788,results/sbm_normalized_TorusMDS_random_1x_scale2_comparison.csv,
3,187,440,TorusMDS_random_1x_scale2,5.9762,1.0209153772329953,0.979513113721842,10000.0,max_iters,0.0416,0.3418204611405968,0.3704416003257111,0.2656258601574384,0.29164030854054,0.9852380952380948,4.392106,results/sbm_normalized_TorusMDS_random_1x_scale2_comparison.csv,
4,188,121,TorusMDS_random_1x_scale2,6.0803,1.0090851468252744,0.9909966499320124,10000.0,max_iters,0.0022,0.3181068205206091,0.3600120499562775,0.2649019007773427,0.4495456713660908,0.6854671848688063,5.222275,results/sbm_normalized_TorusMDS_random_1x_scale2_comparison.csv,
7,189,331,TorusMDS_random_1x_scale2,5.7884,0.9998609209983512,1.0001390983473082,10000.0,max_iters,0.0176,0.3558017651806688,0.3818475647346416,0.2892109071776886,0.2667982549000966,0.8120351048764242,4.760219,results/sbm_normalized_TorusMDS_random_1x_scale2_comparison.csv,
4,190,109,TorusMDS_random_1x_scale2,6.1566,0.975943819093972,1.024649145202191,10000.0,max_iters,0.0018,0.3158881882772283,0.3596178530829348,0.2602046915336807,0.4693043948100573,0.6774248241540914,5.270954,results/sbm_normalized_TorusMDS_random_1x_scale2_comparison.csv,
3,191,881,TorusMDS_random_1x_scale2,6.5648,1.0202848050877926,0.98011848751776,10000.0,max_iters,0.3072,0.3498065271491262,0.3916134402237494,0.2715362449403454,0.238482937716548,1.0,4.407587,results/sbm_normalized_TorusMDS_random_1x_scale2_comparison.csv,
3,192,711,TorusMDS_random_1x_scale2,6.3412,1.1195619219450252,0.8932065126533517,10000.0,max_iters,0.2207,0.3360759608282994,0.3769703824926035,0.2556895017232912,0.2994830371204303,0.9995959595959596,4.403329,results/sbm_normalized_TorusMDS_random_1x_scale2_comparison.csv,
3,193,246,TorusMDS_random_1x_scale2,5.6892,1.0027009564509728,0.9973063190639284,10000.0,max_iters,0.0112,0.3372045482713853,0.3671640131942567,0.270756256517946,0.3378665645575476,0.9246217065044864,4.505198,results/sbm_normalized_TorusMDS_random_1x_scale2_comparison.csv,
3,194,666,TorusMDS_random_1x_scale2,6.2455,1.0192980334775157,0.9810673298253338,10000.0,max_iters,0.1238,0.3373602160888382,0.3698211573638684,0.2612703794344038,0.2822575881968758,0.9991919191919192,4.401408,results/sbm_normalized_TorusMDS_random_1x_scale2_comparison.csv,
7,195,686,TorusMDS_random_1x_scale2,6.2324,0.9980691498520432,1.0019345855427384,10000.0,max_iters,0.1721,0.3433148448870441,0.3731346811254413,0.2692873520268308,0.220047213089387,0.978983714698,4.517018,results/sbm_normalized_TorusMDS_random_1x_scale2_comparison.csv,
5,196,491,TorusMDS_random_1x_scale2,6.2109,0.9965731871022148,1.0034385963240189,10000.0,max_iters,0.0484,0.3380147126287945,0.3636886848332146,0.2659117216164096,0.2760109348507705,0.9608005789007256,4.506714,results/sbm_normalized_TorusMDS_random_1x_scale2_comparison.csv,
3,197,664,TorusMDS_random_1x_scale2,6.1894,1.042122185474757,0.9595803773666256,10000.0,max_iters,0.1229,0.3424257430897796,0.3770214867327205,0.2678397748085287,0.272932546632074,0.9987878787878788,4.367713,results/sbm_normalized_TorusMDS_random_1x_scale2_comparison.csv,
8,198,560,TorusMDS_random_1x_scale2,6.2755,0.9961586267930236,1.0038561862575472,10000.0,max_iters,0.0603,0.3489115700196464,0.3751987824218859,0.2750180038328805,0.2026596523796619,0.934023924549513,4.578566,results/sbm_normalized_TorusMDS_random_1x_scale2_comparison.csv,
8,199,266,TorusMDS_random_1x_scale2,5.7024,0.9968727287703136,1.0031370817351415,10000.0,max_iters,0.0103,0.3539443821644459,0.3829790517064685,0.2896930426824162,0.2806135999987253,0.7622767145913235,4.942453,results/sbm_normalized_TorusMDS_random_1x_scale2_comparison.csv,
