matrix_id,group,name,exp_idx,n,method,t_embed,r0_fit,r1_fit,n_iter,termination_reason,t_spd,stress,pointwise_stress,distortion,sgs,np_score,alpha,source_shard,theta_fit
6,HB,arc130,0,130,TorusMDS,1.4142,,,2304.0,tolerance,0.0017,0.3801663389632864,0.4210476283822243,0.2996659141026391,0.0024923780241097,0.9252069110472462,4.548958,results/suitesparse_normalized_TorusMDS_comparison.csv,
8,HB,ash292,1,292,TorusMDS,1.7925,,,3840.0,tolerance,0.0059,0.0661911371446641,0.1068531847294023,0.0554026543420213,0.99196794434404,0.8929234376734372,33.909129,results/suitesparse_normalized_TorusMDS_comparison.csv,
15,HB,bcspwr03,2,118,TorusMDS,1.1924,,,2560.0,tolerance,0.0011,0.1513609293580258,0.2079962002611267,0.1269948597977509,0.9489441130649872,0.5703422507444249,22.342197,results/suitesparse_normalized_TorusMDS_comparison.csv,
16,HB,bcspwr04,3,274,TorusMDS,1.3469,,,2944.0,tolerance,0.0054,0.1631258201686553,0.2213268441464812,0.1375802432095711,0.9419234560340674,0.5429390784653942,27.388497,results/suitesparse_normalized_TorusMDS_comparison.csv,
26,HB,bcsstk04,4,132,TorusMDS,1.3444,,,3072.0,tolerance,0.0027,0.2333769060311673,0.3162798567165575,0.1865420461358574,0.8259763621124929,0.944805395377084,18.375604,results/suitesparse_normalized_TorusMDS_comparison.csv,
27,HB,bcsstk05,5,153,TorusMDS,0.9739,,,2304.0,tolerance,0.0021,0.1153751461678706,0.236666169753695,0.0934806944252391,0.9606118049430026,0.7749401091397901,17.487873,results/suitesparse_normalized_TorusMDS_comparison.csv,
28,HB,bcsstk06,6,420,TorusMDS,1.0663,,,2304.0,tolerance,0.0162,0.1177558251330645,0.1926426894096878,0.1031158580442233,0.9653278848838592,0.7798127185963706,22.620111,results/suitesparse_normalized_TorusMDS_comparison.csv,
29,HB,bcsstk07,7,420,TorusMDS,1.0657,,,2304.0,tolerance,0.0162,0.1177558251330645,0.1926426894096878,0.1031158580442233,0.9653278848838592,0.7798127185963706,22.620111,results/suitesparse_normalized_TorusMDS_comparison.csv,
44,HB,bcsstk22,8,110,TorusMDS,1.6567,,,3712.0,tolerance,0.0009,0.1415056492207881,0.1666151439881288,0.1117057116436723,0.9537691252406272,0.796062034370858,18.974098,results/suitesparse_normalized_TorusMDS_comparison.csv,
62,HB,bcsstm07,9,420,TorusMDS,1.0497,,,2304.0,tolerance,0.0152,0.2123553358050372,0.3503583155309924,0.1658628801651241,0.8962125728005097,0.6722834027201369,15.720544,results/suitesparse_normalized_TorusMDS_comparison.csv,
93,HB,can_144,10,144,TorusMDS,1.6553,,,3840.0,tolerance,0.0012,0.3046808284890701,0.3465705017175093,0.2845974885751692,0.6560097269737659,1.0,17.206579,results/suitesparse_normalized_TorusMDS_comparison.csv,
94,HB,can_161,11,161,TorusMDS,0.982,,,2304.0,tolerance,0.0018,0.1478104474285344,0.185191896079591,0.1190783254273274,0.926131023994098,0.818121981217956,13.745233,results/suitesparse_normalized_TorusMDS_comparison.csv,
95,HB,can_187,12,187,TorusMDS,2.7159,,,6144.0,tolerance,0.0019,0.0571706272122512,0.0917461976558506,0.0420117380708911,0.993008046411811,0.8808090912355614,22.296308,results/suitesparse_normalized_TorusMDS_comparison.csv,
96,HB,can_229,13,229,TorusMDS,1.0436,,,2304.0,tolerance,0.0036,0.1708951094716429,0.2341679356938063,0.133351629755709,0.9177034418742248,0.6161169159358016,15.136828,results/suitesparse_normalized_TorusMDS_comparison.csv,
98,HB,can_256,14,256,TorusMDS,1.1712,,,2560.0,tolerance,0.0059,0.2294663593068539,0.270530649480345,0.1873632984757757,0.8046549842492052,0.7211889850466149,8.232055,results/suitesparse_normalized_TorusMDS_comparison.csv,
99,HB,can_268,15,268,TorusMDS,1.2202,,,2688.0,tolerance,0.0061,0.2095064099299318,0.2624474604296664,0.1684541444661634,0.8142124100544268,0.6925120264451397,8.482353,results/suitesparse_normalized_TorusMDS_comparison.csv,
100,HB,can_292,16,292,TorusMDS,1.06,,,2304.0,tolerance,0.0065,0.1551849817107089,0.2258390355910821,0.1293015087272287,0.9439319109938517,0.623580146655149,18.699197,results/suitesparse_normalized_TorusMDS_comparison.csv,
113,HB,dwt_162,17,162,TorusMDS,1.372,,,3200.0,tolerance,0.0016,0.1453819468540422,0.1464370992690676,0.096523713059194,0.96659005616582,0.8555806693306687,23.586809,results/suitesparse_normalized_TorusMDS_comparison.csv,
114,HB,dwt_193,18,193,TorusMDS,0.9972,,,2304.0,tolerance,0.004,0.185633147171565,0.2568617289850924,0.1430781525444769,0.9002748168351765,0.6725684369329678,13.002413,results/suitesparse_normalized_TorusMDS_comparison.csv,
116,HB,dwt_209,19,209,TorusMDS,1.0178,,,2304.0,tolerance,0.0036,0.2324930162883076,0.2937901995181483,0.1866019335324905,0.8645924835602681,0.5830236032681002,13.78021,results/suitesparse_normalized_TorusMDS_comparison.csv,
117,HB,dwt_221,20,221,TorusMDS,1.4956,,,3328.0,tolerance,0.0032,0.2758143218103852,0.2696546199450094,0.1853638536729704,0.9252814998148948,0.7734297646797649,23.986213,results/suitesparse_normalized_TorusMDS_comparison.csv,
118,HB,dwt_234,21,117,TorusMDS,1.0233,,,2304.0,tolerance,0.001,0.1676604816586747,0.2405178304110284,0.1338930430746476,0.924316647895937,0.410432414506718,19.595622,results/suitesparse_normalized_TorusMDS_comparison.csv,
119,HB,dwt_245,22,245,TorusMDS,1.0837,,,2432.0,tolerance,0.0041,0.1951744814925574,0.239020695668225,0.1595176063014059,0.9050304788213954,0.5332190245151124,22.615987,results/suitesparse_normalized_TorusMDS_comparison.csv,
121,HB,dwt_307,23,307,TorusMDS,1.0913,,,2304.0,tolerance,0.0065,0.1715167720354801,0.3203400849216729,0.1384360295667347,0.8968526248798416,0.6157607543971183,18.12357,results/suitesparse_normalized_TorusMDS_comparison.csv,
122,HB,dwt_310,24,310,TorusMDS,2.6208,,,4608.0,tolerance,0.0041,0.0346500482256147,0.084934566084759,0.0322184883261399,0.9971494978614368,0.9161188256188252,53.821232,results/suitesparse_normalized_TorusMDS_comparison.csv,
123,HB,dwt_346,25,340,TorusMDS,1.2252,,,2688.0,tolerance,0.0089,0.1306746460021585,0.2148097824530303,0.1126606224112307,0.955947635834538,0.5418253350393955,25.880486,results/suitesparse_normalized_TorusMDS_comparison.csv,
124,HB,dwt_361,26,361,TorusMDS,1.659,,,3584.0,tolerance,0.0064,0.0764675916340862,0.1276808279597488,0.0678039730386277,0.9850919894864456,0.8832222222222221,42.612063,results/suitesparse_normalized_TorusMDS_comparison.csv,
125,HB,dwt_419,27,419,TorusMDS,1.6613,,,3584.0,tolerance,0.013,0.1596860643656429,0.2069763663450876,0.1225126311011303,0.9444480913208052,0.7576787101787104,25.777,results/suitesparse_normalized_TorusMDS_comparison.csv,
141,HB,fs_183_1,28,183,TorusMDS,0.9998,,,2304.0,tolerance,0.0026,0.3070826990101525,0.3446852427537991,0.2500285172684453,0.7038892328079724,0.7869358367351117,6.986445,results/suitesparse_normalized_TorusMDS_comparison.csv,
142,HB,fs_183_3,29,183,TorusMDS,1.0074,,,2304.0,tolerance,0.0029,0.3113590237962688,0.3542140595869739,0.2528356773228105,0.6968058772527689,0.7945061158082285,6.856084,results/suitesparse_normalized_TorusMDS_comparison.csv,
143,HB,fs_183_4,30,183,TorusMDS,1.0063,,,2304.0,tolerance,0.0027,0.3113590237962688,0.3542140595869739,0.2528356773228105,0.6968058772527689,0.7945061158082285,6.856084,results/suitesparse_normalized_TorusMDS_comparison.csv,
144,HB,fs_183_6,31,183,TorusMDS,1.0088,,,2304.0,tolerance,0.0026,0.3067304849947456,0.3449340848940783,0.2473978245280062,0.7113931257276596,0.7940635413301228,6.897511,results/suitesparse_normalized_TorusMDS_comparison.csv,
158,HB,gent113,32,104,TorusMDS,1.0126,,,2304.0,tolerance,0.0011,0.2814895667062263,0.3193286344884026,0.2189581717082884,0.7394113298758433,0.6242025335349879,8.062543,results/suitesparse_normalized_TorusMDS_comparison.csv,
161,HB,gre_115,33,115,TorusMDS,1.0212,,,2304.0,tolerance,0.0012,0.2742458078370187,0.3388277450068476,0.2239467881726641,0.7039534916235495,0.3820137806906987,11.269093,results/suitesparse_normalized_TorusMDS_comparison.csv,
162,HB,gre_185,34,185,TorusMDS,1.0056,,,2304.0,tolerance,0.0026,0.1233969991556021,0.2025108677498065,0.1088880850481397,0.9598945894117408,0.7172681765640172,17.954756,results/suitesparse_normalized_TorusMDS_comparison.csv,
163,HB,gre_216a,35,216,TorusMDS,1.0341,,,2304.0,tolerance,0.0032,0.17425983918514,0.2627063147768273,0.136801248397304,0.901864755670122,0.4781561488592147,23.97967,results/suitesparse_normalized_TorusMDS_comparison.csv,
164,HB,gre_216b,36,216,TorusMDS,1.0373,,,2304.0,tolerance,0.0032,0.17425983918514,0.2627063147768273,0.136801248397304,0.901864755670122,0.4781561488592147,23.97967,results/suitesparse_normalized_TorusMDS_comparison.csv,
165,HB,gre_343,37,343,TorusMDS,1.6276,,,3712.0,tolerance,0.0077,0.1916377765009451,0.2573045019241864,0.1429120520683897,0.8791366437678192,0.3830661874357527,43.883244,results/suitesparse_normalized_TorusMDS_comparison.csv,
167,HB,hor_131,38,434,TorusMDS,1.367,,,2944.0,tolerance,0.0161,0.1933343544384619,0.2661766378951797,0.1566427445488795,0.8650393173560317,0.5595499167192868,14.25053,results/suitesparse_normalized_TorusMDS_comparison.csv,
171,HB,impcol_a,39,206,TorusMDS,0.9971,,,2304.0,tolerance,0.0034,0.2422383750677603,0.3281025550371313,0.2060018206667004,0.8481108895340765,0.400134497093391,13.905015,results/suitesparse_normalized_TorusMDS_comparison.csv,
173,HB,impcol_c,40,137,TorusMDS,1.4954,,,3328.0,tolerance,0.0016,0.2615630487266346,0.3117548135633934,0.214160915550297,0.7452381619409574,0.4431179286554393,9.498363,results/suitesparse_normalized_TorusMDS_comparison.csv,
174,HB,impcol_d,41,425,TorusMDS,1.087,,,2304.0,tolerance,0.0129,0.1286369643116285,0.2111130973799811,0.1082749104248193,0.9593107346099558,0.4216156345765128,18.330217,results/suitesparse_normalized_TorusMDS_comparison.csv,
175,HB,impcol_e,42,225,TorusMDS,1.0101,,,2304.0,tolerance,0.0043,0.2218960834122351,0.302901644648353,0.1878634891366515,0.8766186629800011,0.5470450532097838,13.920645,results/suitesparse_normalized_TorusMDS_comparison.csv,
188,HB,lns_131,43,102,TorusMDS,1.3369,,,3072.0,tolerance,0.0011,0.1709103538605662,0.2211040063835818,0.1323152160262476,0.9078054071680146,0.5886684641905265,12.839129,results/suitesparse_normalized_TorusMDS_comparison.csv,
192,HB,lnsp_131,44,102,TorusMDS,1.3288,,,3072.0,tolerance,0.0009,0.1717832718239238,0.2248028558825054,0.1331953416809651,0.9071013855005567,0.574890260129047,12.854537,results/suitesparse_normalized_TorusMDS_comparison.csv,
202,HB,lshp_265,45,265,TorusMDS,1.1356,,,2432.0,tolerance,0.0045,0.0737818230363059,0.1124138446489672,0.0614462024347278,0.987654117721781,0.8922795537795537,34.369553,results/suitesparse_normalized_TorusMDS_comparison.csv,
203,HB,lshp_406,46,406,TorusMDS,1.3009,,,2304.0,tolerance,0.0102,0.0655352884706632,0.0827004483337077,0.0548259980429363,0.990012178307419,0.96765873015873,46.305008,results/suitesparse_normalized_TorusMDS_comparison.csv,
206,HB,lund_a,47,147,TorusMDS,0.9743,,,2304.0,tolerance,0.0019,0.0873399387501421,0.1483263380908053,0.0665806458093451,0.9860940255964884,0.9712968004102762,13.966321,results/suitesparse_normalized_TorusMDS_comparison.csv,
207,HB,lund_b,48,147,TorusMDS,1.0214,,,2304.0,tolerance,0.0019,0.0706629701950296,0.1414279704013938,0.0604303098611046,0.98596051681912,0.9738896418033244,15.798895,results/suitesparse_normalized_TorusMDS_comparison.csv,
212,HB,mcca,49,168,TorusMDS,1.0425,,,2304.0,tolerance,0.0032,0.1837970175981344,0.2552713673145542,0.1543258290427092,0.9104268809455034,0.7212707423579521,12.619529,results/suitesparse_normalized_TorusMDS_comparison.csv,
215,HB,nnc261,50,261,TorusMDS,1.0746,,,2304.0,tolerance,0.0037,0.2499132585261324,0.3996856845353841,0.2019997142431438,0.826631898831021,0.5237896646883724,16.063116,results/suitesparse_normalized_TorusMDS_comparison.csv,
217,HB,nos1,51,158,TorusMDS,1.7699,,,3456.0,tolerance,0.0008,0.014220854257381,0.0720779449823585,0.0082068526930305,0.9997554308802064,0.9876666666666668,101.42287,results/suitesparse_normalized_TorusMDS_comparison.csv,
220,HB,nos4,52,100,TorusMDS,1.3798,,,3072.0,tolerance,0.001,0.1097133233622839,0.1674778245892928,0.0967977627652243,0.9770492764452549,0.7747913284859621,21.846242,results/suitesparse_normalized_TorusMDS_comparison.csv,
229,HB,plat362,53,362,TorusMDS,1.9035,,,4096.0,tolerance,0.0117,0.0969266669927358,0.1360101015344863,0.0847297867874405,0.9776349753642104,0.9006952431813104,22.717732,results/suitesparse_normalized_TorusMDS_comparison.csv,
239,HB,saylr1,54,238,TorusMDS,1.8986,,,3456.0,tolerance,0.0027,0.0989308677451602,0.1300247829605023,0.0858538208000884,0.9775072362904068,0.9477142857142856,40.10428,results/suitesparse_normalized_TorusMDS_comparison.csv,
251,HB,steam1,55,240,TorusMDS,1.0594,,,2304.0,tolerance,0.0048,0.2581664301201956,0.3886528729027869,0.216087815137342,0.7844886140273826,0.5357579830448311,11.713928,results/suitesparse_normalized_TorusMDS_comparison.csv,
254,HB,str_0,56,363,TorusMDS,1.3925,,,3072.0,tolerance,0.0128,0.3282268638184122,0.3537471799447212,0.2602884741268422,0.4371367628676087,0.3031637370474876,7.549008,results/suitesparse_normalized_TorusMDS_comparison.csv,
255,HB,str_200,57,363,TorusMDS,1.1093,,,2432.0,tolerance,0.0143,0.3216543370991949,0.3493144640149162,0.2572814350332896,0.5093219250046219,0.3868563280894836,7.187466,results/suitesparse_normalized_TorusMDS_comparison.csv,
256,HB,str_400,58,363,TorusMDS,1.1137,,,2432.0,tolerance,0.0142,0.3274267423880713,0.3522732462729928,0.2612675699805395,0.5037382519390687,0.3865191204986241,7.145799,results/suitesparse_normalized_TorusMDS_comparison.csv,
257,HB,str_600,59,363,TorusMDS,1.2781,,,2816.0,tolerance,0.0145,0.3303528725752871,0.3593476694211037,0.2643934363724486,0.4552265066932074,0.3935677709674003,6.82352,results/suitesparse_normalized_TorusMDS_comparison.csv,
263,HB,west0132,60,132,TorusMDS,1.1195,,,2560.0,tolerance,0.0015,0.2454110304258929,0.3396789663414326,0.2101826548531481,0.8486570032642977,0.4620680468893415,21.575561,results/suitesparse_normalized_TorusMDS_comparison.csv,
264,HB,west0156,61,156,TorusMDS,0.9944,,,2304.0,tolerance,0.0021,0.3063839608156922,0.348852518978456,0.2481804256281623,0.5184513573041825,0.2857960186177734,8.806523,results/suitesparse_normalized_TorusMDS_comparison.csv,
265,HB,west0167,62,167,TorusMDS,1.1688,,,2688.0,tolerance,0.0024,0.2635266682036206,0.315648101378737,0.2146232184696083,0.7458926296483824,0.4056714322410439,9.000044,results/suitesparse_normalized_TorusMDS_comparison.csv,
266,HB,west0381,63,381,TorusMDS,1.0495,,,2304.0,tolerance,0.0123,0.3268172062537351,0.3704039581053175,0.2604196854508672,0.4113321171174555,0.3872837804745351,6.520153,results/suitesparse_normalized_TorusMDS_comparison.csv,
273,HB,will199,64,199,TorusMDS,1.3138,,,2944.0,tolerance,0.0034,0.3069854123739776,0.3516110956061914,0.251034737458137,0.4984795163526351,0.338958470185725,7.370058,results/suitesparse_normalized_TorusMDS_comparison.csv,
292,Bai,bfwa398,65,398,TorusMDS,1.6404,,,3584.0,tolerance,0.0117,0.1759236454790894,0.2093182960582418,0.138608664519989,0.9208620074770189,0.6995332172137648,21.138652,results/suitesparse_normalized_TorusMDS_comparison.csv,
295,Bai,bfwb398,66,209,TorusMDS,1.4015,,,3200.0,tolerance,0.003,0.1123249762363728,0.1833403813196027,0.0933300797817121,0.968424602585742,0.6368933512218478,19.196049,results/suitesparse_normalized_TorusMDS_comparison.csv,
298,Bai,bwm200,67,200,TorusMDS,1.2329,,,2304.0,tolerance,0.001,0.1222892823795635,0.4471170132131091,0.0848334492954706,0.9916769969190524,0.6641190476190476,106.554543,results/suitesparse_normalized_TorusMDS_comparison.csv,
307,Bai,ck400,68,200,TorusMDS,1.8656,,,3584.0,tolerance,0.0014,0.1024496444223398,0.1199785393879886,0.0783606671973119,0.9826630254161998,0.9731969696969696,77.202392,results/suitesparse_normalized_TorusMDS_comparison.csv,
313,Bai,lop163,69,163,TorusMDS,1.0697,,,2432.0,tolerance,0.0015,0.0894589819555529,0.250927738001019,0.0764161019699269,0.9741695194154592,0.5037079782536307,26.299431,results/suitesparse_normalized_TorusMDS_comparison.csv,
314,Bai,mhda416,70,409,TorusMDS,1.7613,,,3840.0,tolerance,0.0136,0.0492717870787851,0.1681437542367104,0.0449856708241534,0.9951461316995678,0.908425070078812,32.552531,results/suitesparse_normalized_TorusMDS_comparison.csv,
315,Bai,mhdb416,71,102,TorusMDS,1.8401,,,4224.0,tolerance,0.0007,0.0617153736345539,0.1282540160528017,0.0484970943193292,0.9969475410494532,0.9391408159264196,31.388116,results/suitesparse_normalized_TorusMDS_comparison.csv,
316,Bai,odepa400,72,400,TorusMDS,1.4853,,,2816.0,tolerance,0.0027,0.3300103006087432,0.7408874390678454,0.3376436006326299,0.6729988087021003,0.8792270531400966,265.397097,results/suitesparse_normalized_TorusMDS_comparison.csv,
318,Bai,olm100,73,100,TorusMDS,1.1746,,,2304.0,tolerance,0.0006,0.0739895339524745,0.1690885244902073,0.0508200798454626,0.9972149091750312,0.903088578088578,58.30267,results/suitesparse_normalized_TorusMDS_comparison.csv,
323,Bai,pde225,74,225,TorusMDS,1.4055,,,2560.0,tolerance,0.0024,0.0989571877242133,0.1302356860037976,0.0864881967177333,0.977018588879386,0.90865873015873,35.378769,results/suitesparse_normalized_TorusMDS_comparison.csv,
327,Bai,qc324,75,324,TorusMDS,1.0356,,,2304.0,tolerance,0.1017,0.1913629916311643,0.2882457185586515,0.1682938762936597,0.9155653165815532,0.9505549751937372,6.307991,results/suitesparse_normalized_TorusMDS_comparison.csv,
334,Bai,rw136,76,136,TorusMDS,1.047,,,2304.0,tolerance,0.0013,0.2596576000157751,0.2754820441039044,0.1787177780383823,0.8790850323931204,0.804020277967646,15.938449,results/suitesparse_normalized_TorusMDS_comparison.csv,
337,Bai,tub100,77,100,TorusMDS,1.9063,,,3712.0,tolerance,0.0005,0.0312544900576007,0.0696423325093432,0.0284515102427606,0.9988707043483211,0.9775,64.710701,results/suitesparse_normalized_TorusMDS_comparison.csv,
380,DRIVCAV,cavity01,78,290,TorusMDS,1.7897,,,3584.0,tolerance,0.0079,0.1424898850362073,0.2013355264565809,0.1151158672331761,0.9450406095478908,0.7826411598984697,11.213825,results/suitesparse_normalized_TorusMDS_comparison.csv,
381,DRIVCAV,cavity02,79,162,TorusMDS,0.9823,,,2304.0,tolerance,0.0029,0.1538578993801825,0.2135781224449793,0.1314301769484968,0.9362980273846916,0.8883619495326529,9.61891,results/suitesparse_normalized_TorusMDS_comparison.csv,
382,DRIVCAV,cavity03,80,290,TorusMDS,1.6362,,,3584.0,tolerance,0.0078,0.1420549769538091,0.2009834758137959,0.1149200054495843,0.9451990553113728,0.7812259380379856,11.218459,results/suitesparse_normalized_TorusMDS_comparison.csv,
383,DRIVCAV,cavity04,81,162,TorusMDS,0.9885,,,2304.0,tolerance,0.0029,0.1538578993801825,0.2135781224449793,0.1314301769484968,0.9362980273846916,0.8883619495326529,9.61891,results/suitesparse_normalized_TorusMDS_comparison.csv,
406,FIDAP,ex1,82,216,TorusMDS,1.0289,,,2304.0,tolerance,0.0049,0.1633101496277558,0.2386240601211541,0.1338199287060785,0.9338659066960274,0.8967338942782694,11.194,results/suitesparse_normalized_TorusMDS_comparison.csv,
416,FIDAP,ex2,83,441,TorusMDS,1.136,,,2432.0,tolerance,0.0328,0.1360266041138442,0.2103354791890038,0.1181050121874162,0.9495193133448132,0.8939248675792689,11.651224,results/suitesparse_normalized_TorusMDS_comparison.csv,
824,TOKAMAK,utm300,84,300,TorusMDS,1.557,,,3328.0,tolerance,0.0087,0.2268900345396916,0.2639049114142598,0.1786219909596295,0.8249942033647488,0.6256194854889917,10.247211,results/suitesparse_normalized_TorusMDS_comparison.csv,
861,MathWorks,pivtol,85,102,TorusMDS,1.6048,,,3200.0,tolerance,0.0004,0.0019036802009707,0.0038764123336758,0.0014327820329765,0.9998001179605358,1.0,100.76682,results/suitesparse_normalized_TorusMDS_comparison.csv,
875,Pothen,mesh2e1,86,306,TorusMDS,1.6225,,,3456.0,tolerance,0.0066,0.1186777019183481,0.1542622489176255,0.1003633123399549,0.9611848477496062,0.7998156164822832,29.898394,results/suitesparse_normalized_TorusMDS_comparison.csv,
876,Pothen,mesh2em5,87,306,TorusMDS,1.6262,,,3456.0,tolerance,0.0067,0.1186777019183481,0.1542622489176255,0.1003633123399549,0.9611848477496062,0.7998156164822832,29.898394,results/suitesparse_normalized_TorusMDS_comparison.csv,
877,Pothen,mesh3e1,88,289,TorusMDS,1.8205,,,3200.0,tolerance,0.0039,0.09848860403794,0.1258122848189458,0.0857115025343693,0.9778512239467938,0.9626903960237292,40.218088,results/suitesparse_normalized_TorusMDS_comparison.csv,
878,Pothen,mesh3em5,89,289,TorusMDS,1.8193,,,3200.0,tolerance,0.0041,0.09848860403794,0.1258122848189458,0.0857115025343693,0.9778512239467938,0.9626903960237292,40.218088,results/suitesparse_normalized_TorusMDS_comparison.csv,
884,Pothen,sphere3,90,258,TorusMDS,1.0531,,,2304.0,tolerance,0.0034,0.1755858085674644,0.3878261060403485,0.1343891940702291,0.8904786987674599,0.6693387690740634,18.214572,results/suitesparse_normalized_TorusMDS_comparison.csv,
908,vanHeukelum,cage7,91,340,TorusMDS,1.2227,,,2688.0,tolerance,0.0091,0.2647042827514375,0.3111919646844777,0.2125704338748546,0.7686735735832925,0.4210099241630693,13.093089,results/suitesparse_normalized_TorusMDS_comparison.csv,
926,FEMLAB,poisson2D,92,367,TorusMDS,1.5534,,,3456.0,tolerance,0.0101,0.0529034321175025,0.075684657450719,0.0456964527403506,0.992814520682022,0.9695396825396824,33.660361,results/suitesparse_normalized_TorusMDS_comparison.csv,
929,FEMLAB,problem1,93,415,TorusMDS,2.1281,,,3840.0,tolerance,0.0122,0.0450117535144602,0.0695551020414203,0.0387560270576693,0.994469738414098,0.9746031746031746,39.370967,results/suitesparse_normalized_TorusMDS_comparison.csv,
1112,Sandia,oscil_dcop_01,94,426,TorusMDS,1.8282,,,3328.0,tolerance,0.0059,0.084492078498245,0.1788505113973476,0.0764575713181372,0.9793965792307447,0.6311846689895472,75.295663,results/suitesparse_normalized_TorusMDS_comparison.csv,
1113,Sandia,oscil_dcop_02,95,426,TorusMDS,1.8218,,,3328.0,tolerance,0.0059,0.084492078498245,0.1788505113973476,0.0764575713181372,0.9793965792307447,0.6311846689895472,75.295663,results/suitesparse_normalized_TorusMDS_comparison.csv,
1114,Sandia,oscil_dcop_03,96,426,TorusMDS,1.8222,,,3328.0,tolerance,0.0059,0.084492078498245,0.1788505113973476,0.0764575713181372,0.9793965792307447,0.6311846689895472,75.295663,results/suitesparse_normalized_TorusMDS_comparison.csv,
1115,Sandia,oscil_dcop_04,97,426,TorusMDS,1.8213,,,3328.0,tolerance,0.0059,0.084492078498245,0.1788505113973476,0.0764575713181372,0.9793965792307447,0.6311846689895472,75.295663,results/suitesparse_normalized_TorusMDS_comparison.csv,
1116,Sandia,oscil_dcop_05,98,426,TorusMDS,1.8202,,,3328.0,tolerance,0.0059,0.084492078498245,0.1788505113973476,0.0764575713181372,0.9793965792307447,0.6311846689895472,75.295663,results/suitesparse_normalized_TorusMDS_comparison.csv,
1117,Sandia,oscil_dcop_06,99,426,TorusMDS,1.8229,,,3328.0,tolerance,0.0059,0.084492078498245,0.1788505113973476,0.0764575713181372,0.9793965792307447,0.6311846689895472,75.295663,results/suitesparse_normalized_TorusMDS_comparison.csv,
1118,Sandia,oscil_dcop_07,100,426,TorusMDS,1.8189,,,3328.0,tolerance,0.0059,0.084492078498245,0.1788505113973476,0.0764575713181372,0.9793965792307447,0.6311846689895472,75.295663,results/suitesparse_normalized_TorusMDS_comparison.csv,
1119,Sandia,oscil_dcop_08,101,426,TorusMDS,1.8208,,,3328.0,tolerance,0.0058,0.084492078498245,0.1788505113973476,0.0764575713181372,0.9793965792307447,0.6311846689895472,75.295663,results/suitesparse_normalized_TorusMDS_comparison.csv,
1120,Sandia,oscil_dcop_09,102,426,TorusMDS,1.8201,,,3328.0,tolerance,0.0058,0.084492078498245,0.1788505113973476,0.0764575713181372,0.9793965792307447,0.6311846689895472,75.295663,results/suitesparse_normalized_TorusMDS_comparison.csv,
1121,Sandia,oscil_dcop_10,103,426,TorusMDS,1.826,,,3328.0,tolerance,0.0058,0.084492078498245,0.1788505113973476,0.0764575713181372,0.9793965792307447,0.6311846689895472,75.295663,results/suitesparse_normalized_TorusMDS_comparison.csv,
1122,Sandia,oscil_dcop_11,104,426,TorusMDS,1.8189,,,3328.0,tolerance,0.0059,0.084492078498245,0.1788505113973476,0.0764575713181372,0.9793965792307447,0.6311846689895472,75.295663,results/suitesparse_normalized_TorusMDS_comparison.csv,
1123,Sandia,oscil_dcop_12,105,426,TorusMDS,1.824,,,3328.0,tolerance,0.0059,0.084492078498245,0.1788505113973476,0.0764575713181372,0.9793965792307447,0.6311846689895472,75.295663,results/suitesparse_normalized_TorusMDS_comparison.csv,
1124,Sandia,oscil_dcop_13,106,426,TorusMDS,1.8238,,,3328.0,tolerance,0.0059,0.084492078498245,0.1788505113973476,0.0764575713181372,0.9793965792307447,0.6311846689895472,75.295663,results/suitesparse_normalized_TorusMDS_comparison.csv,
1125,Sandia,oscil_dcop_14,107,426,TorusMDS,1.8207,,,3328.0,tolerance,0.0059,0.084492078498245,0.1788505113973476,0.0764575713181372,0.9793965792307447,0.6311846689895472,75.295663,results/suitesparse_normalized_TorusMDS_comparison.csv,
1126,Sandia,oscil_dcop_15,108,426,TorusMDS,1.819,,,3328.0,tolerance,0.0058,0.084492078498245,0.1788505113973476,0.0764575713181372,0.9793965792307447,0.6311846689895472,75.295663,results/suitesparse_normalized_TorusMDS_comparison.csv,
1127,Sandia,oscil_dcop_16,109,426,TorusMDS,1.8239,,,3328.0,tolerance,0.0059,0.084492078498245,0.1788505113973476,0.0764575713181372,0.9793965792307447,0.6311846689895472,75.295663,results/suitesparse_normalized_TorusMDS_comparison.csv,
1128,Sandia,oscil_dcop_17,110,426,TorusMDS,1.831,,,3328.0,tolerance,0.0059,0.084492078498245,0.1788505113973476,0.0764575713181372,0.9793965792307447,0.6311846689895472,75.295663,results/suitesparse_normalized_TorusMDS_comparison.csv,
1129,Sandia,oscil_dcop_18,111,426,TorusMDS,1.8336,,,3328.0,tolerance,0.0059,0.084492078498245,0.1788505113973476,0.0764575713181372,0.9793965792307447,0.6311846689895472,75.295663,results/suitesparse_normalized_TorusMDS_comparison.csv,
1130,Sandia,oscil_dcop_19,112,426,TorusMDS,1.8317,,,3328.0,tolerance,0.0059,0.084492078498245,0.1788505113973476,0.0764575713181372,0.9793965792307447,0.6311846689895472,75.295663,results/suitesparse_normalized_TorusMDS_comparison.csv,
1131,Sandia,oscil_dcop_20,113,426,TorusMDS,1.8319,,,3328.0,tolerance,0.0059,0.084492078498245,0.1788505113973476,0.0764575713181372,0.9793965792307447,0.6311846689895472,75.295663,results/suitesparse_normalized_TorusMDS_comparison.csv,
1132,Sandia,oscil_dcop_21,114,426,TorusMDS,1.832,,,3328.0,tolerance,0.0059,0.084492078498245,0.1788505113973476,0.0764575713181372,0.9793965792307447,0.6311846689895472,75.295663,results/suitesparse_normalized_TorusMDS_comparison.csv,
1133,Sandia,oscil_dcop_22,115,426,TorusMDS,1.8334,,,3328.0,tolerance,0.0059,0.084492078498245,0.1788505113973476,0.0764575713181372,0.9793965792307447,0.6311846689895472,75.295663,results/suitesparse_normalized_TorusMDS_comparison.csv,
1134,Sandia,oscil_dcop_23,116,426,TorusMDS,1.8313,,,3328.0,tolerance,0.0059,0.084492078498245,0.1788505113973476,0.0764575713181372,0.9793965792307447,0.6311846689895472,75.295663,results/suitesparse_normalized_TorusMDS_comparison.csv,
1135,Sandia,oscil_dcop_24,117,426,TorusMDS,1.8325,,,3328.0,tolerance,0.0059,0.084492078498245,0.1788505113973476,0.0764575713181372,0.9793965792307447,0.6311846689895472,75.295663,results/suitesparse_normalized_TorusMDS_comparison.csv,
1136,Sandia,oscil_dcop_25,118,426,TorusMDS,1.8321,,,3328.0,tolerance,0.0059,0.084492078498245,0.1788505113973476,0.0764575713181372,0.9793965792307447,0.6311846689895472,75.295663,results/suitesparse_normalized_TorusMDS_comparison.csv,
1137,Sandia,oscil_dcop_26,119,426,TorusMDS,1.8334,,,3328.0,tolerance,0.0059,0.084492078498245,0.1788505113973476,0.0764575713181372,0.9793965792307447,0.6311846689895472,75.295663,results/suitesparse_normalized_TorusMDS_comparison.csv,
1138,Sandia,oscil_dcop_27,120,426,TorusMDS,1.8315,,,3328.0,tolerance,0.0059,0.084492078498245,0.1788505113973476,0.0764575713181372,0.9793965792307447,0.6311846689895472,75.295663,results/suitesparse_normalized_TorusMDS_comparison.csv,
1139,Sandia,oscil_dcop_28,121,426,TorusMDS,1.8331,,,3328.0,tolerance,0.0059,0.084492078498245,0.1788505113973476,0.0764575713181372,0.9793965792307447,0.6311846689895472,75.295663,results/suitesparse_normalized_TorusMDS_comparison.csv,
1140,Sandia,oscil_dcop_29,122,426,TorusMDS,1.8335,,,3328.0,tolerance,0.0058,0.084492078498245,0.1788505113973476,0.0764575713181372,0.9793965792307447,0.6311846689895472,75.295663,results/suitesparse_normalized_TorusMDS_comparison.csv,
1141,Sandia,oscil_dcop_30,123,426,TorusMDS,1.8348,,,3328.0,tolerance,0.0058,0.084492078498245,0.1788505113973476,0.0764575713181372,0.9793965792307447,0.6311846689895472,75.295663,results/suitesparse_normalized_TorusMDS_comparison.csv,
1142,Sandia,oscil_dcop_31,124,426,TorusMDS,1.8324,,,3328.0,tolerance,0.0058,0.084492078498245,0.1788505113973476,0.0764575713181372,0.9793965792307447,0.6311846689895472,75.295663,results/suitesparse_normalized_TorusMDS_comparison.csv,
1143,Sandia,oscil_dcop_32,125,426,TorusMDS,1.8329,,,3328.0,tolerance,0.0059,0.084492078498245,0.1788505113973476,0.0764575713181372,0.9793965792307447,0.6311846689895472,75.295663,results/suitesparse_normalized_TorusMDS_comparison.csv,
1144,Sandia,oscil_dcop_33,126,426,TorusMDS,1.8327,,,3328.0,tolerance,0.0059,0.084492078498245,0.1788505113973476,0.0764575713181372,0.9793965792307447,0.6311846689895472,75.295663,results/suitesparse_normalized_TorusMDS_comparison.csv,
1145,Sandia,oscil_dcop_34,127,426,TorusMDS,1.8325,,,3328.0,tolerance,0.0059,0.084492078498245,0.1788505113973476,0.0764575713181372,0.9793965792307447,0.6311846689895472,75.295663,results/suitesparse_normalized_TorusMDS_comparison.csv,
1146,Sandia,oscil_dcop_35,128,426,TorusMDS,1.8303,,,3328.0,tolerance,0.0059,0.084492078498245,0.1788505113973476,0.0764575713181372,0.9793965792307447,0.6311846689895472,75.295663,results/suitesparse_normalized_TorusMDS_comparison.csv,
1147,Sandia,oscil_dcop_36,129,426,TorusMDS,1.8329,,,3328.0,tolerance,0.0059,0.084492078498245,0.1788505113973476,0.0764575713181372,0.9793965792307447,0.6311846689895472,75.295663,results/suitesparse_normalized_TorusMDS_comparison.csv,
1148,Sandia,oscil_dcop_37,130,426,TorusMDS,1.8328,,,3328.0,tolerance,0.0059,0.084492078498245,0.1788505113973476,0.0764575713181372,0.9793965792307447,0.6311846689895472,75.295663,results/suitesparse_normalized_TorusMDS_comparison.csv,
1149,Sandia,oscil_dcop_38,131,426,TorusMDS,1.8297,,,3328.0,tolerance,0.0059,0.084492078498245,0.1788505113973476,0.0764575713181372,0.9793965792307447,0.6311846689895472,75.295663,results/suitesparse_normalized_TorusMDS_comparison.csv,
1150,Sandia,oscil_dcop_39,132,426,TorusMDS,1.8343,,,3328.0,tolerance,0.0059,0.084492078498245,0.1788505113973476,0.0764575713181372,0.9793965792307447,0.6311846689895472,75.295663,results/suitesparse_normalized_TorusMDS_comparison.csv,
1151,Sandia,oscil_dcop_40,133,426,TorusMDS,1.8517,,,3328.0,tolerance,0.0059,0.084492078498245,0.1788505113973476,0.0764575713181372,0.9793965792307447,0.6311846689895472,75.295663,results/suitesparse_normalized_TorusMDS_comparison.csv,
1152,Sandia,oscil_dcop_41,134,426,TorusMDS,1.8344,,,3328.0,tolerance,0.0059,0.084492078498245,0.1788505113973476,0.0764575713181372,0.9793965792307447,0.6311846689895472,75.295663,results/suitesparse_normalized_TorusMDS_comparison.csv,
1153,Sandia,oscil_dcop_42,135,426,TorusMDS,1.8335,,,3328.0,tolerance,0.0059,0.084492078498245,0.1788505113973476,0.0764575713181372,0.9793965792307447,0.6311846689895472,75.295663,results/suitesparse_normalized_TorusMDS_comparison.csv,
1154,Sandia,oscil_dcop_43,136,426,TorusMDS,1.8294,,,3328.0,tolerance,0.0059,0.084492078498245,0.1788505113973476,0.0764575713181372,0.9793965792307447,0.6311846689895472,75.295663,results/suitesparse_normalized_TorusMDS_comparison.csv,
1155,Sandia,oscil_dcop_44,137,426,TorusMDS,1.8331,,,3328.0,tolerance,0.0059,0.084492078498245,0.1788505113973476,0.0764575713181372,0.9793965792307447,0.6311846689895472,75.295663,results/suitesparse_normalized_TorusMDS_comparison.csv,
1156,Sandia,oscil_dcop_45,138,426,TorusMDS,1.8364,,,3328.0,tolerance,0.0059,0.084492078498245,0.1788505113973476,0.0764575713181372,0.9793965792307447,0.6311846689895472,75.295663,results/suitesparse_normalized_TorusMDS_comparison.csv,
1157,Sandia,oscil_dcop_46,139,426,TorusMDS,1.8292,,,3328.0,tolerance,0.0059,0.084492078498245,0.1788505113973476,0.0764575713181372,0.9793965792307447,0.6311846689895472,75.295663,results/suitesparse_normalized_TorusMDS_comparison.csv,
1158,Sandia,oscil_dcop_47,140,426,TorusMDS,1.8321,,,3328.0,tolerance,0.0059,0.084492078498245,0.1788505113973476,0.0764575713181372,0.9793965792307447,0.6311846689895472,75.295663,results/suitesparse_normalized_TorusMDS_comparison.csv,
1159,Sandia,oscil_dcop_48,141,426,TorusMDS,1.8309,,,3328.0,tolerance,0.0059,0.084492078498245,0.1788505113973476,0.0764575713181372,0.9793965792307447,0.6311846689895472,75.295663,results/suitesparse_normalized_TorusMDS_comparison.csv,
1160,Sandia,oscil_dcop_49,142,426,TorusMDS,1.8301,,,3328.0,tolerance,0.0059,0.084492078498245,0.1788505113973476,0.0764575713181372,0.9793965792307447,0.6311846689895472,75.295663,results/suitesparse_normalized_TorusMDS_comparison.csv,
1161,Sandia,oscil_dcop_50,143,426,TorusMDS,1.83,,,3328.0,tolerance,0.0058,0.084492078498245,0.1788505113973476,0.0764575713181372,0.9793965792307447,0.6311846689895472,75.295663,results/suitesparse_normalized_TorusMDS_comparison.csv,
1162,Sandia,oscil_dcop_51,144,426,TorusMDS,1.8259,,,3328.0,tolerance,0.0059,0.084492078498245,0.1788505113973476,0.0764575713181372,0.9793965792307447,0.6311846689895472,75.295663,results/suitesparse_normalized_TorusMDS_comparison.csv,
1163,Sandia,oscil_dcop_52,145,426,TorusMDS,1.8314,,,3328.0,tolerance,0.0059,0.084492078498245,0.1788505113973476,0.0764575713181372,0.9793965792307447,0.6311846689895472,75.295663,results/suitesparse_normalized_TorusMDS_comparison.csv,
1164,Sandia,oscil_dcop_53,146,426,TorusMDS,1.8265,,,3328.0,tolerance,0.0058,0.084492078498245,0.1788505113973476,0.0764575713181372,0.9793965792307447,0.6311846689895472,75.295663,results/suitesparse_normalized_TorusMDS_comparison.csv,
1165,Sandia,oscil_dcop_54,147,426,TorusMDS,1.8315,,,3328.0,tolerance,0.0059,0.084492078498245,0.1788505113973476,0.0764575713181372,0.9793965792307447,0.6311846689895472,75.295663,results/suitesparse_normalized_TorusMDS_comparison.csv,
1166,Sandia,oscil_dcop_55,148,426,TorusMDS,1.8325,,,3328.0,tolerance,0.0059,0.084492078498245,0.1788505113973476,0.0764575713181372,0.9793965792307447,0.6311846689895472,75.295663,results/suitesparse_normalized_TorusMDS_comparison.csv,
1167,Sandia,oscil_dcop_56,149,426,TorusMDS,1.8279,,,3328.0,tolerance,0.0059,0.084492078498245,0.1788505113973476,0.0764575713181372,0.9793965792307447,0.6311846689895472,75.295663,results/suitesparse_normalized_TorusMDS_comparison.csv,
1168,Sandia,oscil_dcop_57,150,426,TorusMDS,1.8317,,,3328.0,tolerance,0.0059,0.084492078498245,0.1788505113973476,0.0764575713181372,0.9793965792307447,0.6311846689895472,75.295663,results/suitesparse_normalized_TorusMDS_comparison.csv,
1169,Sandia,oscil_trans_01,151,430,TorusMDS,2.2293,,,4096.0,tolerance,0.006,0.0858455822700522,0.1782848177983538,0.0779756930607207,0.9786136577244146,0.5543873729266989,77.772332,results/suitesparse_normalized_TorusMDS_comparison.csv,
1189,Rajat,rajat05,152,301,TorusMDS,1.4678,,,3072.0,tolerance,0.0059,0.2555510551197721,0.2809541267661946,0.2031872466040563,0.7405024822018905,0.3793237559541909,14.615173,results/suitesparse_normalized_TorusMDS_comparison.csv,
1195,Rajat,rajat11,153,135,TorusMDS,1.0189,,,2304.0,tolerance,0.0014,0.2074430724760584,0.233363864373494,0.1675759975592643,0.8635014115848834,0.7141510499408723,16.555121,results/suitesparse_normalized_TorusMDS_comparison.csv,
1198,Rajat,rajat14,154,180,TorusMDS,1.0128,,,2304.0,tolerance,0.0024,0.3419959507933831,0.344255737211283,0.2667229075142381,0.2619174333249062,0.885521137063162,4.95726,results/suitesparse_normalized_TorusMDS_comparison.csv,
1325,Morandini,robot,155,111,TorusMDS,1.0833,,,2432.0,tolerance,0.0012,0.1525551160540095,0.2323251932583314,0.1289659590482603,0.947397087202298,0.8563842346688253,11.219709,results/suitesparse_normalized_TorusMDS_comparison.csv,
1477,Pajek,GD01_a,156,249,TorusMDS,1.0237,,,2304.0,tolerance,0.005,0.2963100446351622,0.3331527498248416,0.2380118505233836,0.7429779036555869,0.3233840734731015,13.16487,results/suitesparse_normalized_TorusMDS_comparison.csv,
1484,Pajek,GD06_theory,157,101,TorusMDS,1.0071,,,2304.0,tolerance,0.0007,0.3112496361147182,0.3731624030986206,0.2582516687688266,0.5303158024504653,0.5104370921219645,7.573222,results/suitesparse_normalized_TorusMDS_comparison.csv,
1489,Pajek,GD96_b,158,111,TorusMDS,1.1938,,,2688.0,tolerance,0.0007,0.1420184092012374,0.2531874457436334,0.129192036483773,0.956579649777862,0.8484862902374692,21.126656,results/suitesparse_normalized_TorusMDS_comparison.csv,
1491,Pajek,GD96_d,159,180,TorusMDS,1.0038,,,2304.0,tolerance,0.0017,0.2392949590042464,0.2916101996797593,0.1974222634368159,0.8383539920395201,0.3804944148817955,15.242893,results/suitesparse_normalized_TorusMDS_comparison.csv,
1496,Pajek,GD98_b,160,121,TorusMDS,1.0135,,,2304.0,tolerance,0.0007,0.1812757837531896,0.2275782942350572,0.1492118091914028,0.9167271297986088,0.452183961245975,20.388116,results/suitesparse_normalized_TorusMDS_comparison.csv,
1497,Pajek,GD98_c,161,112,TorusMDS,1.47,,,3328.0,tolerance,0.001,0.3193870722819261,0.3517885701098569,0.2583308370311613,0.4110657123133391,0.2202687214746036,10.764901,results/suitesparse_normalized_TorusMDS_comparison.csv,
1499,Pajek,GD99_c,162,105,TorusMDS,1.4797,,,3328.0,tolerance,0.0007,0.1747495908266209,0.2088133474375387,0.1401623141095718,0.9196833945296096,0.5964391164391166,28.976234,results/suitesparse_normalized_TorusMDS_comparison.csv,
1506,Pajek,Journals,163,124,TorusMDS,1.0218,,,2304.0,tolerance,0.0062,0.4263003929587168,0.3955662191872729,0.3376810255847912,0.1637159775832646,1.0,2.907379,results/suitesparse_normalized_TorusMDS_comparison.csv,
1523,Pajek,SmallW,164,233,TorusMDS,1.0671,,,2304.0,tolerance,0.0045,0.2820853213651214,0.3314037287796966,0.2244387488807988,0.7410689040043136,0.8473722837543586,6.434365,results/suitesparse_normalized_TorusMDS_comparison.csv,
1529,Pajek,USAir97,165,332,TorusMDS,1.0425,,,2304.0,tolerance,0.0097,0.3060035414046781,0.3311115622391228,0.2449735826809929,0.688924527457282,0.5785420827079221,7.511326,results/suitesparse_normalized_TorusMDS_comparison.csv,
1630,Bai,rdb200,166,200,TorusMDS,1.0304,,,2304.0,tolerance,0.0018,0.1961475337387692,0.3561454021536951,0.1616817403868031,0.8921641615710004,0.5027097967392088,20.109375,results/suitesparse_normalized_TorusMDS_comparison.csv,
1631,Bai,rdb200l,167,200,TorusMDS,1.0309,,,2304.0,tolerance,0.0018,0.1961475337387692,0.3561454021536951,0.1616817403868031,0.8921641615710004,0.5027097967392088,20.109375,results/suitesparse_normalized_TorusMDS_comparison.csv,
1864,Muite,Chebyshev1,168,261,TorusMDS,1.045,,,2304.0,tolerance,0.0039,0.3505977733519298,0.3538636097247686,0.2749671225423142,0.1258121975515528,1.0,4.607048,results/suitesparse_normalized_TorusMDS_comparison.csv,
1942,JGD_CAG,CAG_mat364,169,364,TorusMDS,1.3384,,,2944.0,tolerance,0.0269,0.2992459542323461,0.3274725830370077,0.2337150997132873,0.749000726954775,0.8358809443925831,6.165271,results/suitesparse_normalized_TorusMDS_comparison.csv,
2097,JGD_Homology,n3c6-b1,170,105,TorusMDS,1.3513,,,3072.0,tolerance,0.0007,0.2998850804653423,0.3584697336506633,0.2499016826162806,0.5458266706439495,0.4388482236497306,7.437955,results/suitesparse_normalized_TorusMDS_comparison.csv,
2205,JGD_Trefethen,Trefethen_150,171,150,TorusMDS,1.0201,,,2304.0,tolerance,0.0021,0.2687678434083411,0.3488912181430182,0.2240625897038762,0.6631841356742959,0.5489491756234196,6.564314,results/suitesparse_normalized_TorusMDS_comparison.csv,
2206,JGD_Trefethen,Trefethen_200b,172,199,TorusMDS,1.3068,,,2944.0,tolerance,0.0034,0.2757119179348369,0.3602671883363706,0.2297885591020517,0.6325802613429299,0.4944348970912481,6.703731,results/suitesparse_normalized_TorusMDS_comparison.csv,
2207,JGD_Trefethen,Trefethen_200,173,200,TorusMDS,1.1316,,,2560.0,tolerance,0.0036,0.2717086272715062,0.3507233405662736,0.225437338304228,0.6347397772040579,0.4945049417843759,6.723228,results/suitesparse_normalized_TorusMDS_comparison.csv,
2208,JGD_Trefethen,Trefethen_300,174,300,TorusMDS,1.5845,,,3328.0,tolerance,0.0077,0.2774633933980513,0.3458216051191233,0.231254321025627,0.6227469660276538,0.4245748074723046,7.324234,results/suitesparse_normalized_TorusMDS_comparison.csv,
2389,Newman,adjnoun,175,112,TorusMDS,1.0103,,,2304.0,tolerance,0.0013,0.3275457616291459,0.3641728148894929,0.2667646109580566,0.5590843723382213,0.532992944806694,6.822642,results/suitesparse_normalized_TorusMDS_comparison.csv,
2392,Newman,celegansneural,176,297,TorusMDS,1.4928,,,3200.0,tolerance,0.0088,0.3077504503322339,0.3457500846570481,0.2494767067835518,0.6436927196800116,0.703827881085862,6.416218,results/suitesparse_normalized_TorusMDS_comparison.csv,
2397,Newman,football,177,115,TorusMDS,1.0306,,,2304.0,tolerance,0.0015,0.2694130699390111,0.3097760978597729,0.2174835500823646,0.6321783586548025,0.5934145024566295,6.146108,results/suitesparse_normalized_TorusMDS_comparison.csv,
2403,Newman,polbooks,178,105,TorusMDS,1.0086,,,2304.0,tolerance,0.0012,0.2034782267716335,0.2641543151174018,0.1698277897780513,0.8949384032406015,0.7385459498932991,9.967059,results/suitesparse_normalized_TorusMDS_comparison.csv,
2406,Arenas,jazz,179,198,TorusMDS,1.3049,,,2944.0,tolerance,0.0059,0.2676419604098617,0.3080448059481055,0.2149152637406903,0.7711192800486819,0.805068357530579,6.345379,results/suitesparse_normalized_TorusMDS_comparison.csv,
2416,AG-Monien,grid1,180,252,TorusMDS,1.2825,,,2304.0,tolerance,0.0036,0.2496689396339294,0.3291379022667045,0.2086270471374929,0.8186068979881068,0.5516875901875904,25.586246,results/suitesparse_normalized_TorusMDS_comparison.csv,
2417,AG-Monien,grid1_dual,181,224,TorusMDS,1.4707,,,2688.0,tolerance,0.0029,0.2587210865583849,0.2205967051845927,0.1832622438885256,0.8360939275392505,0.7970755910755908,24.177595,results/suitesparse_normalized_TorusMDS_comparison.csv,
2436,AG-Monien,cage,182,366,TorusMDS,1.0464,,,2304.0,tolerance,0.0101,0.3914222334406442,0.4373275098662588,0.3173526226551041,0.074545605065177,0.3973253789158864,5.598916,results/suitesparse_normalized_TorusMDS_comparison.csv,
2559,CPM,cz148,183,148,TorusMDS,1.0948,,,2560.0,tolerance,0.0023,0.1194071233422771,0.1904058769772231,0.1004132888612167,0.967802326579162,0.9247752333180844,9.997202,results/suitesparse_normalized_TorusMDS_comparison.csv,
2560,CPM,cz308,184,308,TorusMDS,1.5512,,,3328.0,tolerance,0.0083,0.1242323707691848,0.1879914773289473,0.1114341908226336,0.9766399525396836,0.8908079284574768,25.366915,results/suitesparse_normalized_TorusMDS_comparison.csv,
2691,VDOL,hangGlider_1,185,360,TorusMDS,1.321,,,2944.0,tolerance,0.006,0.3602329137004531,0.3677003541811062,0.2771088398243483,0.2652852971050565,0.7790054672941155,5.133238,results/suitesparse_normalized_TorusMDS_comparison.csv,
2718,VDOL,orbitRaising_1,186,440,TorusMDS,1.6405,,,3584.0,tolerance,0.0099,0.0928099348575101,0.1952394779081002,0.0841404942327007,0.9819789883967386,0.5291362302000601,34.284104,results/suitesparse_normalized_TorusMDS_comparison.csv,
2735,VDOL,spaceStation_2,187,325,TorusMDS,1.0284,,,2304.0,tolerance,0.0083,0.3196737999594967,0.3607180889376866,0.2562430220091389,0.6715332909178343,0.5857082079615832,7.508771,results/suitesparse_normalized_TorusMDS_comparison.csv,
2748,VDOL,tumorAntiAngiogenesis_1,188,205,TorusMDS,1.0172,,,2304.0,tolerance,0.0023,0.3416330046585024,0.355288097457301,0.2639502056746765,0.217640031224429,0.9285764546368366,4.779213,results/suitesparse_normalized_TorusMDS_comparison.csv,
2749,VDOL,tumorAntiAngiogenesis_2,189,305,TorusMDS,1.0935,,,2304.0,tolerance,0.0044,0.343098775087204,0.3392302146529755,0.2589181987674026,0.1057117140678862,0.9591532294920856,4.767008,results/suitesparse_normalized_TorusMDS_comparison.csv,
2750,VDOL,tumorAntiAngiogenesis_3,190,410,TorusMDS,1.049,,,2304.0,tolerance,0.0082,0.3431956541243193,0.3603121326764366,0.2582779882966381,0.1285294173502128,1.0,4.704899,results/suitesparse_normalized_TorusMDS_comparison.csv,
2764,Mycielski,mycielskian8,191,191,TorusMDS,1.0131,,,2304.0,tolerance,0.0038,0.3535989104743129,0.3768722883478471,0.277132551710036,0.200200397598707,1.0,4.375866,results/suitesparse_normalized_TorusMDS_comparison.csv,
2765,Mycielski,mycielskian9,192,383,TorusMDS,1.0606,,,2304.0,tolerance,0.0179,0.3587696150764154,0.3874502105524513,0.2818151221952937,0.1606624632864079,1.0,4.410054,results/suitesparse_normalized_TorusMDS_comparison.csv,
2858,ML_Graph,breasttissue_10NN,193,106,TorusMDS,1.0136,,,2304.0,tolerance,0.0015,0.2613871280775958,0.311597128572358,0.2169648105846646,0.6574541860188803,0.6786525005215698,5.628099,results/suitesparse_normalized_TorusMDS_comparison.csv,
2866,ML_Graph,dermatology_5NN,194,366,TorusMDS,1.422,,,3072.0,tolerance,0.0103,0.1481683172967584,0.1640146077821899,0.1107347990173007,0.9576871767289072,0.8263376623376621,27.509358,results/suitesparse_normalized_TorusMDS_comparison.csv,
2867,ML_Graph,Ecoli_10NN,195,336,TorusMDS,1.4916,,,3328.0,tolerance,0.0114,0.1662238924092065,0.2281877543041808,0.1403424299749297,0.9301870836564324,0.691267904149315,12.876213,results/suitesparse_normalized_TorusMDS_comparison.csv,
2869,ML_Graph,Glass_10NN,196,214,TorusMDS,1.6942,,,3840.0,tolerance,0.0049,0.1969821982528456,0.2530464150090878,0.1616890331206203,0.8380989642544975,0.7069361026839981,9.073982,results/suitesparse_normalized_TorusMDS_comparison.csv,
2872,ML_Graph,iris_dataset_30NN,197,150,TorusMDS,1.3065,,,2944.0,tolerance,0.0037,0.131077132755034,0.2351612192495098,0.1208119615905604,0.9649906167768292,0.9400141065511208,10.46293,results/suitesparse_normalized_TorusMDS_comparison.csv,
2879,ML_Graph,Olivetti_norm_10NN,198,400,TorusMDS,1.1466,,,2432.0,tolerance,0.016,0.2673185932089059,0.3194397367234275,0.2204283992981798,0.7154811770700547,0.5329855671599912,8.2337,results/suitesparse_normalized_TorusMDS_comparison.csv,
2890,ML_Graph,YaleA_10NN,199,165,TorusMDS,0.9955,,,2304.0,tolerance,0.003,0.2700383345812258,0.3106172672630172,0.2214362274018362,0.7081473817515642,0.571880280176318,7.503367,results/suitesparse_normalized_TorusMDS_comparison.csv,
6,HB,arc130,0,130,wrap_typescript,1.3029,,,,,0.0024,0.3544324698639524,0.3625121979847645,0.2713439657766689,0.2716552225737151,0.949011536838432,4.989199,results/suitesparse_normalized_wrap_typescript_comparison.csv,
8,HB,ash292,1,292,wrap_typescript,8.5901,,,,,0.0069,0.1585621147766944,0.1219288175935098,0.0932651576920746,0.9849065625323024,0.939405261405261,26.97248,results/suitesparse_normalized_wrap_typescript_comparison.csv,
15,HB,bcspwr03,2,118,wrap_typescript,1.0241,,,,,0.0013,0.2575275959751638,0.254343197833161,0.1972183276695522,0.8295760325509479,0.5778687973832006,17.157769,results/suitesparse_normalized_wrap_typescript_comparison.csv,
16,HB,bcspwr04,3,274,wrap_typescript,5.3445,,,,,0.0065,0.1931761883607345,0.2107079871920745,0.146294731085426,0.9332646476749302,0.5909913478334533,21.270307,results/suitesparse_normalized_wrap_typescript_comparison.csv,
26,HB,bcsstk04,4,132,wrap_typescript,0.9258,,,,,0.0034,0.3431364459376945,0.3507206598646487,0.2649006339523285,0.7024490931824144,0.8439723638038297,6.803564,results/suitesparse_normalized_wrap_typescript_comparison.csv,
27,HB,bcsstk05,5,153,wrap_typescript,1.2538,,,,,0.0029,0.2843833248153151,0.2808544233063848,0.2081729179054512,0.9153476965675212,0.7894465018732824,14.879531,results/suitesparse_normalized_wrap_typescript_comparison.csv,
28,HB,bcsstk06,6,420,wrap_typescript,15.4626,,,,,0.0201,0.139745105672165,0.1763114005562991,0.1010927527765296,0.968415285602248,0.8618451021242107,18.172482,results/suitesparse_normalized_wrap_typescript_comparison.csv,
29,HB,bcsstk07,7,420,wrap_typescript,15.5461,,,,,0.0201,0.139745105672165,0.1763114005562991,0.1010927527765296,0.968415285602248,0.8618451021242107,18.172482,results/suitesparse_normalized_wrap_typescript_comparison.csv,
44,HB,bcsstk22,8,110,wrap_typescript,0.6327,,,,,0.0012,0.2500771692913425,0.2247052306601671,0.1787351671049321,0.8264236998037469,0.8410938522262047,19.2778,results/suitesparse_normalized_wrap_typescript_comparison.csv,
62,HB,bcsstm07,9,420,wrap_typescript,15.412,,,,,0.0191,0.1410991659819772,0.1748429896660419,0.1005926414482321,0.9681618828075864,0.859637046767414,18.088075,results/suitesparse_normalized_wrap_typescript_comparison.csv,
93,HB,can_144,10,144,wrap_typescript,1.1056,,,,,0.0016,0.3914206831590069,0.3534124975426667,0.3118898338136943,0.5753169343898952,0.8512508268716371,18.524728,results/suitesparse_normalized_wrap_typescript_comparison.csv,
94,HB,can_161,11,161,wrap_typescript,1.4054,,,,,0.0025,0.2179203680150309,0.2455349054270945,0.1692989303336357,0.8131974251516206,0.7461066223078606,12.832776,results/suitesparse_normalized_wrap_typescript_comparison.csv,
95,HB,can_187,12,187,wrap_typescript,2.1271,,,,,0.0025,0.3300274202160806,0.3232383366101569,0.2590101214899921,0.713810678237974,0.8493100184129593,22.62591,results/suitesparse_normalized_wrap_typescript_comparison.csv,
96,HB,can_229,13,229,wrap_typescript,3.228,,,,,0.0045,0.2318714205521367,0.2694258375533369,0.1770919545074048,0.8389718962628768,0.5856417020372128,14.673834,results/suitesparse_normalized_wrap_typescript_comparison.csv,
98,HB,can_256,14,256,wrap_typescript,4.7677,,,,,0.0072,0.2732590342709829,0.2946021877349372,0.2157841252242139,0.6790575487731572,0.644652270016598,7.797221,results/suitesparse_normalized_wrap_typescript_comparison.csv,
99,HB,can_268,15,268,wrap_typescript,4.9543,,,,,0.0074,0.2334647395784126,0.2613389574540379,0.1790247085521978,0.7605668664145345,0.6880489324523286,8.383425,results/suitesparse_normalized_wrap_typescript_comparison.csv,
100,HB,can_292,16,292,wrap_typescript,6.1984,,,,,0.0079,0.2835659416425353,0.2669342219785048,0.2061876366994763,0.7644837656640988,0.6258767266367748,12.478799,results/suitesparse_normalized_wrap_typescript_comparison.csv,
113,HB,dwt_162,17,162,wrap_typescript,1.4413,,,,,0.002,0.1358636628507979,0.1336434415500442,0.0930539514324068,0.9707869456632244,0.9036483516483512,24.75219,results/suitesparse_normalized_wrap_typescript_comparison.csv,
114,HB,dwt_193,18,193,wrap_typescript,2.1914,,,,,0.0052,0.2600990933129799,0.2800357611880084,0.1999033906873842,0.820552204987745,0.6811209736448316,9.202148,results/suitesparse_normalized_wrap_typescript_comparison.csv,
116,HB,dwt_209,19,209,wrap_typescript,2.6025,,,,,0.0043,0.2536066795140816,0.2547779326255455,0.1906413442080608,0.8654608719786057,0.552970805301352,14.166018,results/suitesparse_normalized_wrap_typescript_comparison.csv,
117,HB,dwt_221,20,221,wrap_typescript,3.1212,,,,,0.004,0.1346805159292276,0.1432939722975123,0.0956497367043784,0.9874330179234192,0.8176566787185982,29.143966,results/suitesparse_normalized_wrap_typescript_comparison.csv,
118,HB,dwt_234,21,117,wrap_typescript,0.7252,,,,,0.0012,0.2276773917178758,0.2442280551121286,0.1739315179682985,0.88006614639356,0.4610216100548918,16.188238,results/suitesparse_normalized_wrap_typescript_comparison.csv,
119,HB,dwt_245,22,245,wrap_typescript,3.9727,,,,,0.005,0.2155494596091488,0.2231612022951479,0.1649936081430609,0.8793873999802306,0.5858998790526345,18.613102,results/suitesparse_normalized_wrap_typescript_comparison.csv,
121,HB,dwt_307,23,307,wrap_typescript,6.7729,,,,,0.0079,0.257117102024522,0.2421909280910722,0.181802594213181,0.7367412132007304,0.7939221107670301,17.830798,results/suitesparse_normalized_wrap_typescript_comparison.csv,
122,HB,dwt_310,24,310,wrap_typescript,7.1166,,,,,0.0055,0.1100524296537196,0.1096046584189389,0.0724191936301764,0.9947217465232332,0.9401123321123318,42.548777,results/suitesparse_normalized_wrap_typescript_comparison.csv,
123,HB,dwt_346,25,340,wrap_typescript,8.9703,,,,,0.0107,0.1670829222564538,0.206077055208586,0.1301254053268055,0.9522921995713068,0.5881433306260732,16.778572,results/suitesparse_normalized_wrap_typescript_comparison.csv,
124,HB,dwt_361,26,361,wrap_typescript,10.6034,,,,,0.0092,0.1272552466985138,0.1278223232287652,0.0829261917580453,0.98492955553715,0.964095238095238,33.079265,results/suitesparse_normalized_wrap_typescript_comparison.csv,
125,HB,dwt_419,27,419,wrap_typescript,16.3306,,,,,0.0156,0.2277557909128534,0.2030314597839791,0.1624455278680757,0.8833021079871344,0.7976392496392496,25.679386,results/suitesparse_normalized_wrap_typescript_comparison.csv,
141,HB,fs_183_1,28,183,wrap_typescript,1.8808,,,,,0.0032,0.3330872124040549,0.3555656464360591,0.2655032220791171,0.5883398950713902,0.7269113186145022,6.362362,results/suitesparse_normalized_wrap_typescript_comparison.csv,
142,HB,fs_183_3,29,183,wrap_typescript,1.9111,,,,,0.0037,0.3465501748850237,0.3687222352979661,0.2819688496274363,0.5361241516799171,0.7022255338326134,6.388742,results/suitesparse_normalized_wrap_typescript_comparison.csv,
143,HB,fs_183_4,30,183,wrap_typescript,1.9912,,,,,0.0033,0.3465501748850237,0.3687222352979661,0.2819688496274363,0.5361241516799171,0.7022255338326134,6.388742,results/suitesparse_normalized_wrap_typescript_comparison.csv,
144,HB,fs_183_6,31,183,wrap_typescript,1.873,,,,,0.0032,0.3388811543127979,0.3582121519107741,0.2713965030274362,0.5687058211732288,0.7124050834705722,6.34792,results/suitesparse_normalized_wrap_typescript_comparison.csv,
158,HB,gent113,32,104,wrap_typescript,0.5788,,,,,0.0014,0.2944314614999493,0.3226707359771688,0.2315368263611384,0.6990201114198645,0.5901938307882594,7.706067,results/suitesparse_normalized_wrap_typescript_comparison.csv,
161,HB,gre_115,33,115,wrap_typescript,0.7052,,,,,0.0015,0.280230321875806,0.3461880544605526,0.2276039582021483,0.6609081404532946,0.395918720953076,10.333266,results/suitesparse_normalized_wrap_typescript_comparison.csv,
162,HB,gre_185,34,185,wrap_typescript,1.9709,,,,,0.0033,0.1299698878482094,0.1768954138537113,0.1053032689204863,0.9652882623143376,0.8040974335344437,15.724061,results/suitesparse_normalized_wrap_typescript_comparison.csv,
163,HB,gre_216a,35,216,wrap_typescript,2.858,,,,,0.0041,0.169340873071357,0.2235936684680572,0.1245548508490199,0.9161906745720632,0.5282237531093368,21.807152,results/suitesparse_normalized_wrap_typescript_comparison.csv,
164,HB,gre_216b,36,216,wrap_typescript,2.9574,,,,,0.004,0.169340873071357,0.2235936684680572,0.1245548508490199,0.9161906745720632,0.5282237531093368,21.807152,results/suitesparse_normalized_wrap_typescript_comparison.csv,
165,HB,gre_343,37,343,wrap_typescript,9.0019,,,,,0.0095,0.1876247045472643,0.2333238387968974,0.1340315795096157,0.8881017073041795,0.4458102745208008,25.667798,results/suitesparse_normalized_wrap_typescript_comparison.csv,
167,HB,hor_131,38,434,wrap_typescript,16.9597,,,,,0.0193,0.2762871774259626,0.2819320513438161,0.2026855012204836,0.6965044290051353,0.5405937674334164,13.858529,results/suitesparse_normalized_wrap_typescript_comparison.csv,
171,HB,impcol_a,39,206,wrap_typescript,2.6968,,,,,0.0042,0.2431862495666037,0.2913609040164035,0.1984205407825003,0.8651856479132545,0.4037938036416346,12.715358,results/suitesparse_normalized_wrap_typescript_comparison.csv,
173,HB,impcol_c,40,137,wrap_typescript,0.9793,,,,,0.002,0.2939653126313996,0.3247110319409044,0.2368529663136267,0.6372601903843089,0.4122053504694946,9.006294,results/suitesparse_normalized_wrap_typescript_comparison.csv,
174,HB,impcol_d,41,425,wrap_typescript,16.169,,,,,0.0158,0.3572624129079617,0.3308632427620914,0.2751232961010497,0.5807685457973555,0.4010724357801946,18.35441,results/suitesparse_normalized_wrap_typescript_comparison.csv,
175,HB,impcol_e,42,225,wrap_typescript,3.0812,,,,,0.0052,0.2756243804127991,0.2991522747637373,0.2140661490127249,0.8191463007285357,0.5554623759824362,10.74838,results/suitesparse_normalized_wrap_typescript_comparison.csv,
188,HB,lns_131,43,102,wrap_typescript,0.5736,,,,,0.0017,0.1879462710033163,0.2281413225889399,0.1465925652922153,0.8904523126854651,0.5885734419170147,11.643976,results/suitesparse_normalized_wrap_typescript_comparison.csv,
192,HB,lnsp_131,44,102,wrap_typescript,0.5661,,,,,0.0011,0.1912028235516966,0.2321007919920601,0.148974365696881,0.8860525838260614,0.578101933573268,11.686977,results/suitesparse_normalized_wrap_typescript_comparison.csv,
202,HB,lshp_265,45,265,wrap_typescript,4.7167,,,,,0.0058,0.1266200249540064,0.1063798394903739,0.0770714231129869,0.981660468784784,0.9907539682539682,26.483077,results/suitesparse_normalized_wrap_typescript_comparison.csv,
203,HB,lshp_406,46,406,wrap_typescript,13.8138,,,,,0.0124,0.1264626657535363,0.1035584345413012,0.0722871682436989,0.980652175206564,0.9795138888888888,32.538743,results/suitesparse_normalized_wrap_typescript_comparison.csv,
206,HB,lund_a,47,147,wrap_typescript,1.1555,,,,,0.0027,0.0731825521634315,0.1225202426348196,0.0521198816151394,0.9880792693048296,1.0,14.414305,results/suitesparse_normalized_wrap_typescript_comparison.csv,
207,HB,lund_b,48,147,wrap_typescript,1.1674,,,,,0.0026,0.1791867427525157,0.1500730623410754,0.0871289319208414,0.9775554410535776,1.0,14.840604,results/suitesparse_normalized_wrap_typescript_comparison.csv,
212,HB,mcca,49,168,wrap_typescript,1.621,,,,,0.0041,0.1922258759672824,0.2472470240779147,0.1558026671591453,0.9116174621974596,0.7262975461232044,12.126133,results/suitesparse_normalized_wrap_typescript_comparison.csv,
215,HB,nnc261,50,261,wrap_typescript,4.6883,,,,,0.005,0.2037264967435092,0.2004093480432995,0.1453854266205787,0.9215925827312904,0.6509219700148493,18.070527,results/suitesparse_normalized_wrap_typescript_comparison.csv,
217,HB,nos1,51,158,wrap_typescript,1.4155,,,,,0.001,0.1557968863945474,0.126668664745723,0.1144109928291974,0.9914536805224518,1.0,86.836564,results/suitesparse_normalized_wrap_typescript_comparison.csv,
220,HB,nos4,52,100,wrap_typescript,0.547,,,,,0.0015,0.2173438070837429,0.1954172442480528,0.1485640268198965,0.9302192010220536,0.7858273506205079,15.076885,results/suitesparse_normalized_wrap_typescript_comparison.csv,
229,HB,plat362,53,362,wrap_typescript,10.4858,,,,,0.0139,0.1565433854748261,0.1555742312668828,0.1080053541576442,0.956409961789738,0.9188485269460496,18.261814,results/suitesparse_normalized_wrap_typescript_comparison.csv,
239,HB,saylr1,54,238,wrap_typescript,3.6762,,,,,0.0038,0.1197081452742972,0.1400251929983528,0.0907248233506011,0.9754062928165416,1.0,32.366132,results/suitesparse_normalized_wrap_typescript_comparison.csv,
251,HB,steam1,55,240,wrap_typescript,3.6915,,,,,0.0058,0.2791688057827046,0.3184071730496018,0.2177860337836452,0.7563383309239138,0.5274803629147055,12.523202,results/suitesparse_normalized_wrap_typescript_comparison.csv,
254,HB,str_0,56,363,wrap_typescript,10.5551,,,,,0.0156,0.3398163948100749,0.3601490472551746,0.2676665844871448,0.4280202988695972,0.2985329247221947,7.61938,results/suitesparse_normalized_wrap_typescript_comparison.csv,
255,HB,str_200,57,363,wrap_typescript,10.488,,,,,0.0177,0.3377397955303023,0.3627128379355209,0.2681156845961406,0.4760220949021497,0.3514764822443864,7.228768,results/suitesparse_normalized_wrap_typescript_comparison.csv,
256,HB,str_400,58,363,wrap_typescript,10.5954,,,,,0.0169,0.3546917930262327,0.3662379928128581,0.2787573887228372,0.3600653077760932,0.3637026649173154,6.83976,results/suitesparse_normalized_wrap_typescript_comparison.csv,
257,HB,str_600,59,363,wrap_typescript,10.7534,,,,,0.0176,0.3410149640102343,0.3744001646610679,0.2783925409863947,0.5020493940605327,0.3832567251196381,7.303522,results/suitesparse_normalized_wrap_typescript_comparison.csv,
263,HB,west0132,60,132,wrap_typescript,0.9192,,,,,0.0019,0.3271705222284947,0.3709405895779986,0.2670271914413371,0.7049116022333476,0.4671196941561693,10.865227,results/suitesparse_normalized_wrap_typescript_comparison.csv,
264,HB,west0156,61,156,wrap_typescript,1.3017,,,,,0.0027,0.314507727533224,0.3550233553531816,0.2545377949596554,0.478764316385913,0.2893440995323108,8.756273,results/suitesparse_normalized_wrap_typescript_comparison.csv,
265,HB,west0167,62,167,wrap_typescript,1.5076,,,,,0.0028,0.2890202351178954,0.3279032980945667,0.2335721366578687,0.6415094868698539,0.3933361312251376,8.714005,results/suitesparse_normalized_wrap_typescript_comparison.csv,
266,HB,west0381,63,381,wrap_typescript,12.0362,,,,,0.0154,0.380329560453661,0.4098801925889854,0.3073460221895822,0.125977802379621,0.2411318834647165,6.338105,results/suitesparse_normalized_wrap_typescript_comparison.csv,
273,HB,will199,64,199,wrap_typescript,2.4421,,,,,0.0042,0.3585721786762673,0.3996453059489253,0.2912183272925633,0.2791622312306978,0.2314573555441949,7.248354,results/suitesparse_normalized_wrap_typescript_comparison.csv,
292,Bai,bfwa398,65,398,wrap_typescript,13.313,,,,,0.0143,0.2061915183073658,0.2132406335187512,0.1550391772619979,0.8924102862928853,0.7289817535666112,16.480983,results/suitesparse_normalized_wrap_typescript_comparison.csv,
295,Bai,bfwb398,66,209,wrap_typescript,2.5716,,,,,0.0037,0.1333738746226858,0.1798896027101318,0.1048106054099417,0.9667506276463728,0.6307973222369725,16.169609,results/suitesparse_normalized_wrap_typescript_comparison.csv,
298,Bai,bwm200,67,200,wrap_typescript,2.2795,,,,,0.0012,0.1349228354385236,0.088430630612302,0.0790770985069948,0.9921710908794352,1.0,106.180246,results/suitesparse_normalized_wrap_typescript_comparison.csv,
307,Bai,ck400,68,200,wrap_typescript,2.2697,,,,,0.0019,0.2304141744990682,0.1940567692755393,0.1660208186098145,0.9154887258667088,0.9887777777777776,58.286978,results/suitesparse_normalized_wrap_typescript_comparison.csv,
313,Bai,lop163,69,163,wrap_typescript,1.3649,,,,,0.0021,0.142775761891197,0.2182984552544059,0.1108789477201322,0.9765455228341448,0.5379247262967214,22.685123,results/suitesparse_normalized_wrap_typescript_comparison.csv,
314,Bai,mhda416,70,409,wrap_typescript,16.114,,,,,0.0181,0.1471531942117684,0.1618877960998443,0.1012679359113966,0.9914910829340506,0.9503723612988318,27.625369,results/suitesparse_normalized_wrap_typescript_comparison.csv,
315,Bai,mhdb416,71,102,wrap_typescript,0.5313,,,,,0.001,0.1928110524050633,0.1690687704092535,0.1461929380989263,0.9753489498302432,0.9754468864468864,28.980294,results/suitesparse_normalized_wrap_typescript_comparison.csv,
316,Bai,odepa400,72,400,wrap_typescript,12.7728,,,,,0.0032,0.6619071380477104,0.5429799859350805,0.5461675441622151,-0.0044651754174784,0.4951690821256038,295.831809,results/suitesparse_normalized_wrap_typescript_comparison.csv,
318,Bai,olm100,73,100,wrap_typescript,0.5474,,,,,0.0008,0.151950769110806,0.1036248624477795,0.0916355173393984,0.9907101863213084,1.0,53.691436,results/suitesparse_normalized_wrap_typescript_comparison.csv,
323,Bai,pde225,74,225,wrap_typescript,3.0562,,,,,0.003,0.1091986413706748,0.1349315678783322,0.0877270432371223,0.9765849548200648,1.0,30.869277,results/suitesparse_normalized_wrap_typescript_comparison.csv,
327,Bai,qc324,75,324,wrap_typescript,7.8663,,,,,0.1326,0.3559121021457603,0.3550496287692355,0.2629225557167963,0.6262256206172258,0.6949312079844648,5.368147,results/suitesparse_normalized_wrap_typescript_comparison.csv,
334,Bai,rw136,76,136,wrap_typescript,0.9388,,,,,0.0017,0.3088228232290195,0.2711793359473477,0.221408346975169,0.8215953017251996,0.5815684670409534,18.283751,results/suitesparse_normalized_wrap_typescript_comparison.csv,
337,Bai,tub100,77,100,wrap_typescript,0.5233,,,,,0.0006,0.1628437856574344,0.115549900994935,0.1046542820033158,0.9870868403463328,1.0,54.721007,results/suitesparse_normalized_wrap_typescript_comparison.csv,
380,DRIVCAV,cavity01,78,290,wrap_typescript,5.6238,,,,,0.0103,0.2934142462871623,0.2686279171061733,0.2122145054822304,0.7180591873047889,0.709606801852731,8.928498,results/suitesparse_normalized_wrap_typescript_comparison.csv,
381,DRIVCAV,cavity02,79,162,wrap_typescript,1.4333,,,,,0.004,0.2909834716098598,0.2683192748002223,0.2098158510015712,0.7224657701329956,0.7480899759639411,6.796391,results/suitesparse_normalized_wrap_typescript_comparison.csv,
382,DRIVCAV,cavity03,80,290,wrap_typescript,6.1765,,,,,0.0103,0.3119156665808887,0.2759052636886267,0.2219052405296933,0.6836275762418365,0.6921387550845288,8.93371,results/suitesparse_normalized_wrap_typescript_comparison.csv,
383,DRIVCAV,cavity04,81,162,wrap_typescript,1.4533,,,,,0.0039,0.2909834716098598,0.2683192748002223,0.2098158510015712,0.7224657701329956,0.7480899759639411,6.796391,results/suitesparse_normalized_wrap_typescript_comparison.csv,
406,FIDAP,ex1,82,216,wrap_typescript,2.8836,,,,,0.0063,0.2466660289107852,0.258927299795698,0.187136358973087,0.8459739543751472,0.8412782749629037,7.75337,results/suitesparse_normalized_wrap_typescript_comparison.csv,
416,FIDAP,ex2,83,441,wrap_typescript,17.8249,,,,,0.041,0.2373832571779689,0.2484958108610969,0.1795723129248672,0.8665956322938416,0.840231311766451,7.711571,results/suitesparse_normalized_wrap_typescript_comparison.csv,
824,TOKAMAK,utm300,84,300,wrap_typescript,6.4308,,,,,0.0107,0.2280084254808336,0.2395460942211369,0.1709700610124381,0.8354916330179115,0.6491279932870913,10.421176,results/suitesparse_normalized_wrap_typescript_comparison.csv,
861,MathWorks,pivtol,85,102,wrap_typescript,0.5624,,,,,0.0005,0.6258487177856195,0.664231037668799,0.530494724262375,-0.0289574803508468,0.3209999999999995,87.950645,results/suitesparse_normalized_wrap_typescript_comparison.csv,
875,Pothen,mesh2e1,86,306,wrap_typescript,6.9024,,,,,0.0079,0.2962459122035819,0.2420242643434922,0.1999384953295747,0.681461964803191,0.780647747314414,20.470147,results/suitesparse_normalized_wrap_typescript_comparison.csv,
876,Pothen,mesh2em5,87,306,wrap_typescript,6.822,,,,,0.0079,0.2962459122035819,0.2420242643434922,0.1999384953295747,0.681461964803191,0.780647747314414,20.470147,results/suitesparse_normalized_wrap_typescript_comparison.csv,
877,Pothen,mesh3e1,88,289,wrap_typescript,5.8415,,,,,0.0053,0.1099147886602895,0.1328223264355134,0.0881289768574534,0.9767397728668984,1.0,35.158874,results/suitesparse_normalized_wrap_typescript_comparison.csv,
878,Pothen,mesh3em5,89,289,wrap_typescript,6.0086,,,,,0.0053,0.1099147886602895,0.1328223264355134,0.0881289768574534,0.9767397728668984,1.0,35.158874,results/suitesparse_normalized_wrap_typescript_comparison.csv,
884,Pothen,sphere3,90,258,wrap_typescript,4.2525,,,,,0.0047,0.1540606259795394,0.2642504035294578,0.1179106501213346,0.9111834910051154,0.8048297258297257,18.2998,results/suitesparse_normalized_wrap_typescript_comparison.csv,
908,vanHeukelum,cage7,91,340,wrap_typescript,8.9595,,,,,0.0109,0.2767577375649455,0.3139829713868199,0.2217309351083906,0.7468254158482119,0.3827076811951457,13.487707,results/suitesparse_normalized_wrap_typescript_comparison.csv,
926,FEMLAB,poisson2D,92,367,wrap_typescript,10.8195,,,,,0.012,0.1994484387822437,0.1557525787153554,0.1360480391910384,0.8931618001592154,0.9567301587301584,26.312601,results/suitesparse_normalized_wrap_typescript_comparison.csv,
929,FEMLAB,problem1,93,415,wrap_typescript,14.8936,,,,,0.0142,0.1909880846324693,0.1398169094257214,0.1152708953788017,0.9137979452973028,0.990249433106576,27.890129,results/suitesparse_normalized_wrap_typescript_comparison.csv,
1112,Sandia,oscil_dcop_01,94,426,wrap_typescript,16.1085,,,,,0.0083,0.2180635137374588,0.2400244062639123,0.1790394605076803,0.8770000124005929,0.6062717770034846,59.705177,results/suitesparse_normalized_wrap_typescript_comparison.csv,
1113,Sandia,oscil_dcop_02,95,426,wrap_typescript,15.9515,,,,,0.0084,0.2180635137374588,0.2400244062639123,0.1790394605076803,0.8770000124005929,0.6062717770034846,59.705177,results/suitesparse_normalized_wrap_typescript_comparison.csv,
1114,Sandia,oscil_dcop_03,96,426,wrap_typescript,16.0609,,,,,0.0081,0.2180635137374588,0.2400244062639123,0.1790394605076803,0.8770000124005929,0.6062717770034846,59.705177,results/suitesparse_normalized_wrap_typescript_comparison.csv,
1115,Sandia,oscil_dcop_04,97,426,wrap_typescript,16.2155,,,,,0.0083,0.2180635137374588,0.2400244062639123,0.1790394605076803,0.8770000124005929,0.6062717770034846,59.705177,results/suitesparse_normalized_wrap_typescript_comparison.csv,
1116,Sandia,oscil_dcop_05,98,426,wrap_typescript,16.0568,,,,,0.0083,0.2180635137374588,0.2400244062639123,0.1790394605076803,0.8770000124005929,0.6062717770034846,59.705177,results/suitesparse_normalized_wrap_typescript_comparison.csv,
1117,Sandia,oscil_dcop_06,99,426,wrap_typescript,16.1672,,,,,0.0087,0.2180635137374588,0.2400244062639123,0.1790394605076803,0.8770000124005929,0.6062717770034846,59.705177,results/suitesparse_normalized_wrap_typescript_comparison.csv,
1118,Sandia,oscil_dcop_07,100,426,wrap_typescript,16.073,,,,,0.0086,0.2180635137374588,0.2400244062639123,0.1790394605076803,0.8770000124005929,0.6062717770034846,59.705177,results/suitesparse_normalized_wrap_typescript_comparison.csv,
1119,Sandia,oscil_dcop_08,101,426,wrap_typescript,16.0887,,,,,0.0081,0.2180635137374588,0.2400244062639123,0.1790394605076803,0.8770000124005929,0.6062717770034846,59.705177,results/suitesparse_normalized_wrap_typescript_comparison.csv,
1120,Sandia,oscil_dcop_09,102,426,wrap_typescript,15.9121,,,,,0.0083,0.2180635137374588,0.2400244062639123,0.1790394605076803,0.8770000124005929,0.6062717770034846,59.705177,results/suitesparse_normalized_wrap_typescript_comparison.csv,
1121,Sandia,oscil_dcop_10,103,426,wrap_typescript,18.101,,,,,0.0081,0.2180635137374588,0.2400244062639123,0.1790394605076803,0.8770000124005929,0.6062717770034846,59.705177,results/suitesparse_normalized_wrap_typescript_comparison.csv,
1122,Sandia,oscil_dcop_11,104,426,wrap_typescript,16.4727,,,,,0.0082,0.2180635137374588,0.2400244062639123,0.1790394605076803,0.8770000124005929,0.6062717770034846,59.705177,results/suitesparse_normalized_wrap_typescript_comparison.csv,
1123,Sandia,oscil_dcop_12,105,426,wrap_typescript,18.1589,,,,,0.0081,0.2180635137374588,0.2400244062639123,0.1790394605076803,0.8770000124005929,0.6062717770034846,59.705177,results/suitesparse_normalized_wrap_typescript_comparison.csv,
1124,Sandia,oscil_dcop_13,106,426,wrap_typescript,16.8871,,,,,0.0081,0.2180635137374588,0.2400244062639123,0.1790394605076803,0.8770000124005929,0.6062717770034846,59.705177,results/suitesparse_normalized_wrap_typescript_comparison.csv,
1125,Sandia,oscil_dcop_14,107,426,wrap_typescript,17.6757,,,,,0.0083,0.2180635137374588,0.2400244062639123,0.1790394605076803,0.8770000124005929,0.6062717770034846,59.705177,results/suitesparse_normalized_wrap_typescript_comparison.csv,
1126,Sandia,oscil_dcop_15,108,426,wrap_typescript,16.7705,,,,,0.0082,0.2180635137374588,0.2400244062639123,0.1790394605076803,0.8770000124005929,0.6062717770034846,59.705177,results/suitesparse_normalized_wrap_typescript_comparison.csv,
1127,Sandia,oscil_dcop_16,109,426,wrap_typescript,16.2986,,,,,0.008,0.2180635137374588,0.2400244062639123,0.1790394605076803,0.8770000124005929,0.6062717770034846,59.705177,results/suitesparse_normalized_wrap_typescript_comparison.csv,
1128,Sandia,oscil_dcop_17,110,426,wrap_typescript,16.1809,,,,,0.008,0.2180635137374588,0.2400244062639123,0.1790394605076803,0.8770000124005929,0.6062717770034846,59.705177,results/suitesparse_normalized_wrap_typescript_comparison.csv,
1129,Sandia,oscil_dcop_18,111,426,wrap_typescript,16.3518,,,,,0.0081,0.2180635137374588,0.2400244062639123,0.1790394605076803,0.8770000124005929,0.6062717770034846,59.705177,results/suitesparse_normalized_wrap_typescript_comparison.csv,
1130,Sandia,oscil_dcop_19,112,426,wrap_typescript,16.2569,,,,,0.008,0.2180635137374588,0.2400244062639123,0.1790394605076803,0.8770000124005929,0.6062717770034846,59.705177,results/suitesparse_normalized_wrap_typescript_comparison.csv,
1131,Sandia,oscil_dcop_20,113,426,wrap_typescript,16.517,,,,,0.0084,0.2180635137374588,0.2400244062639123,0.1790394605076803,0.8770000124005929,0.6062717770034846,59.705177,results/suitesparse_normalized_wrap_typescript_comparison.csv,
1132,Sandia,oscil_dcop_21,114,426,wrap_typescript,15.8995,,,,,0.0086,0.2180635137374588,0.2400244062639123,0.1790394605076803,0.8770000124005929,0.6062717770034846,59.705177,results/suitesparse_normalized_wrap_typescript_comparison.csv,
1133,Sandia,oscil_dcop_22,115,426,wrap_typescript,16.2589,,,,,0.0086,0.2180635137374588,0.2400244062639123,0.1790394605076803,0.8770000124005929,0.6062717770034846,59.705177,results/suitesparse_normalized_wrap_typescript_comparison.csv,
1134,Sandia,oscil_dcop_23,116,426,wrap_typescript,16.3434,,,,,0.0083,0.2180635137374588,0.2400244062639123,0.1790394605076803,0.8770000124005929,0.6062717770034846,59.705177,results/suitesparse_normalized_wrap_typescript_comparison.csv,
1135,Sandia,oscil_dcop_24,117,426,wrap_typescript,16.1223,,,,,0.0084,0.2180635137374588,0.2400244062639123,0.1790394605076803,0.8770000124005929,0.6062717770034846,59.705177,results/suitesparse_normalized_wrap_typescript_comparison.csv,
1136,Sandia,oscil_dcop_25,118,426,wrap_typescript,16.2378,,,,,0.008,0.2180635137374588,0.2400244062639123,0.1790394605076803,0.8770000124005929,0.6062717770034846,59.705177,results/suitesparse_normalized_wrap_typescript_comparison.csv,
1137,Sandia,oscil_dcop_26,119,426,wrap_typescript,16.5556,,,,,0.0081,0.2180635137374588,0.2400244062639123,0.1790394605076803,0.8770000124005929,0.6062717770034846,59.705177,results/suitesparse_normalized_wrap_typescript_comparison.csv,
1138,Sandia,oscil_dcop_27,120,426,wrap_typescript,16.0877,,,,,0.0081,0.2180635137374588,0.2400244062639123,0.1790394605076803,0.8770000124005929,0.6062717770034846,59.705177,results/suitesparse_normalized_wrap_typescript_comparison.csv,
1139,Sandia,oscil_dcop_28,121,426,wrap_typescript,16.2165,,,,,0.0081,0.2180635137374588,0.2400244062639123,0.1790394605076803,0.8770000124005929,0.6062717770034846,59.705177,results/suitesparse_normalized_wrap_typescript_comparison.csv,
1140,Sandia,oscil_dcop_29,122,426,wrap_typescript,16.2665,,,,,0.0082,0.2180635137374588,0.2400244062639123,0.1790394605076803,0.8770000124005929,0.6062717770034846,59.705177,results/suitesparse_normalized_wrap_typescript_comparison.csv,
1141,Sandia,oscil_dcop_30,123,426,wrap_typescript,16.2146,,,,,0.0081,0.2180635137374588,0.2400244062639123,0.1790394605076803,0.8770000124005929,0.6062717770034846,59.705177,results/suitesparse_normalized_wrap_typescript_comparison.csv,
1142,Sandia,oscil_dcop_31,124,426,wrap_typescript,17.2591,,,,,0.0084,0.2180635137374588,0.2400244062639123,0.1790394605076803,0.8770000124005929,0.6062717770034846,59.705177,results/suitesparse_normalized_wrap_typescript_comparison.csv,
1143,Sandia,oscil_dcop_32,125,426,wrap_typescript,16.1001,,,,,0.0081,0.2180635137374588,0.2400244062639123,0.1790394605076803,0.8770000124005929,0.6062717770034846,59.705177,results/suitesparse_normalized_wrap_typescript_comparison.csv,
1144,Sandia,oscil_dcop_33,126,426,wrap_typescript,16.2679,,,,,0.008,0.2180635137374588,0.2400244062639123,0.1790394605076803,0.8770000124005929,0.6062717770034846,59.705177,results/suitesparse_normalized_wrap_typescript_comparison.csv,
1145,Sandia,oscil_dcop_34,127,426,wrap_typescript,16.0862,,,,,0.0082,0.2180635137374588,0.2400244062639123,0.1790394605076803,0.8770000124005929,0.6062717770034846,59.705177,results/suitesparse_normalized_wrap_typescript_comparison.csv,
1146,Sandia,oscil_dcop_35,128,426,wrap_typescript,16.8803,,,,,0.0084,0.2180635137374588,0.2400244062639123,0.1790394605076803,0.8770000124005929,0.6062717770034846,59.705177,results/suitesparse_normalized_wrap_typescript_comparison.csv,
1147,Sandia,oscil_dcop_36,129,426,wrap_typescript,16.1638,,,,,0.0084,0.2180635137374588,0.2400244062639123,0.1790394605076803,0.8770000124005929,0.6062717770034846,59.705177,results/suitesparse_normalized_wrap_typescript_comparison.csv,
1148,Sandia,oscil_dcop_37,130,426,wrap_typescript,16.234,,,,,0.0079,0.2180635137374588,0.2400244062639123,0.1790394605076803,0.8770000124005929,0.6062717770034846,59.705177,results/suitesparse_normalized_wrap_typescript_comparison.csv,
1149,Sandia,oscil_dcop_38,131,426,wrap_typescript,16.0021,,,,,0.0085,0.2180635137374588,0.2400244062639123,0.1790394605076803,0.8770000124005929,0.6062717770034846,59.705177,results/suitesparse_normalized_wrap_typescript_comparison.csv,
1150,Sandia,oscil_dcop_39,132,426,wrap_typescript,16.1545,,,,,0.0081,0.2180635137374588,0.2400244062639123,0.1790394605076803,0.8770000124005929,0.6062717770034846,59.705177,results/suitesparse_normalized_wrap_typescript_comparison.csv,
1151,Sandia,oscil_dcop_40,133,426,wrap_typescript,16.3117,,,,,0.0083,0.2180635137374588,0.2400244062639123,0.1790394605076803,0.8770000124005929,0.6062717770034846,59.705177,results/suitesparse_normalized_wrap_typescript_comparison.csv,
1152,Sandia,oscil_dcop_41,134,426,wrap_typescript,16.3644,,,,,0.0083,0.2180635137374588,0.2400244062639123,0.1790394605076803,0.8770000124005929,0.6062717770034846,59.705177,results/suitesparse_normalized_wrap_typescript_comparison.csv,
1153,Sandia,oscil_dcop_42,135,426,wrap_typescript,18.3397,,,,,0.0082,0.2180635137374588,0.2400244062639123,0.1790394605076803,0.8770000124005929,0.6062717770034846,59.705177,results/suitesparse_normalized_wrap_typescript_comparison.csv,
1154,Sandia,oscil_dcop_43,136,426,wrap_typescript,16.8495,,,,,0.0083,0.2180635137374588,0.2400244062639123,0.1790394605076803,0.8770000124005929,0.6062717770034846,59.705177,results/suitesparse_normalized_wrap_typescript_comparison.csv,
1155,Sandia,oscil_dcop_44,137,426,wrap_typescript,16.8844,,,,,0.0081,0.2180635137374588,0.2400244062639123,0.1790394605076803,0.8770000124005929,0.6062717770034846,59.705177,results/suitesparse_normalized_wrap_typescript_comparison.csv,
1156,Sandia,oscil_dcop_45,138,426,wrap_typescript,16.5263,,,,,0.0083,0.2180635137374588,0.2400244062639123,0.1790394605076803,0.8770000124005929,0.6062717770034846,59.705177,results/suitesparse_normalized_wrap_typescript_comparison.csv,
1157,Sandia,oscil_dcop_46,139,426,wrap_typescript,16.5131,,,,,0.0081,0.2180635137374588,0.2400244062639123,0.1790394605076803,0.8770000124005929,0.6062717770034846,59.705177,results/suitesparse_normalized_wrap_typescript_comparison.csv,
1158,Sandia,oscil_dcop_47,140,426,wrap_typescript,16.5444,,,,,0.0082,0.2180635137374588,0.2400244062639123,0.1790394605076803,0.8770000124005929,0.6062717770034846,59.705177,results/suitesparse_normalized_wrap_typescript_comparison.csv,
1159,Sandia,oscil_dcop_48,141,426,wrap_typescript,17.9895,,,,,0.0083,0.2180635137374588,0.2400244062639123,0.1790394605076803,0.8770000124005929,0.6062717770034846,59.705177,results/suitesparse_normalized_wrap_typescript_comparison.csv,
1160,Sandia,oscil_dcop_49,142,426,wrap_typescript,16.3354,,,,,0.0084,0.2180635137374588,0.2400244062639123,0.1790394605076803,0.8770000124005929,0.6062717770034846,59.705177,results/suitesparse_normalized_wrap_typescript_comparison.csv,
1161,Sandia,oscil_dcop_50,143,426,wrap_typescript,16.3179,,,,,0.008,0.2180635137374588,0.2400244062639123,0.1790394605076803,0.8770000124005929,0.6062717770034846,59.705177,results/suitesparse_normalized_wrap_typescript_comparison.csv,
1162,Sandia,oscil_dcop_51,144,426,wrap_typescript,16.2682,,,,,0.0082,0.2180635137374588,0.2400244062639123,0.1790394605076803,0.8770000124005929,0.6062717770034846,59.705177,results/suitesparse_normalized_wrap_typescript_comparison.csv,
1163,Sandia,oscil_dcop_52,145,426,wrap_typescript,16.6276,,,,,0.0083,0.2180635137374588,0.2400244062639123,0.1790394605076803,0.8770000124005929,0.6062717770034846,59.705177,results/suitesparse_normalized_wrap_typescript_comparison.csv,
1164,Sandia,oscil_dcop_53,146,426,wrap_typescript,16.5618,,,,,0.0081,0.2180635137374588,0.2400244062639123,0.1790394605076803,0.8770000124005929,0.6062717770034846,59.705177,results/suitesparse_normalized_wrap_typescript_comparison.csv,
1165,Sandia,oscil_dcop_54,147,426,wrap_typescript,18.1252,,,,,0.0083,0.2180635137374588,0.2400244062639123,0.1790394605076803,0.8770000124005929,0.6062717770034846,59.705177,results/suitesparse_normalized_wrap_typescript_comparison.csv,
1166,Sandia,oscil_dcop_55,148,426,wrap_typescript,16.2347,,,,,0.0081,0.2180635137374588,0.2400244062639123,0.1790394605076803,0.8770000124005929,0.6062717770034846,59.705177,results/suitesparse_normalized_wrap_typescript_comparison.csv,
1167,Sandia,oscil_dcop_56,149,426,wrap_typescript,16.1194,,,,,0.0086,0.2180635137374588,0.2400244062639123,0.1790394605076803,0.8770000124005929,0.6062717770034846,59.705177,results/suitesparse_normalized_wrap_typescript_comparison.csv,
1168,Sandia,oscil_dcop_57,150,426,wrap_typescript,17.1151,,,,,0.0082,0.2180635137374588,0.2400244062639123,0.1790394605076803,0.8770000124005929,0.6062717770034846,59.705177,results/suitesparse_normalized_wrap_typescript_comparison.csv,
1169,Sandia,oscil_trans_01,151,430,wrap_typescript,16.7017,,,,,0.0084,0.2225836378420915,0.2501174263576585,0.1804033670710195,0.875007370065558,0.5664169787765294,60.448284,results/suitesparse_normalized_wrap_typescript_comparison.csv,
1189,Rajat,rajat05,152,301,wrap_typescript,6.7528,,,,,0.0075,0.2571283766418474,0.2749728268607165,0.1986854571042364,0.7416471804880896,0.3798394096667754,14.720921,results/suitesparse_normalized_wrap_typescript_comparison.csv,
1195,Rajat,rajat11,153,135,wrap_typescript,0.9679,,,,,0.0018,0.3320034322297719,0.2815576580455187,0.2287530120387059,0.6401748823671234,0.6475346916709543,14.94643,results/suitesparse_normalized_wrap_typescript_comparison.csv,
1198,Rajat,rajat14,154,180,wrap_typescript,1.8452,,,,,0.0031,0.3517677217593869,0.3455210073496765,0.2660843540513256,0.150968812562028,0.8646959418987672,4.984238,results/suitesparse_normalized_wrap_typescript_comparison.csv,
1325,Morandini,robot,155,111,wrap_typescript,0.6859,,,,,0.0015,0.1820620282773908,0.2360906142519878,0.1471369068420828,0.9385544399213852,0.864757916397908,9.287331,results/suitesparse_normalized_wrap_typescript_comparison.csv,
1477,Pajek,GD01_a,156,249,wrap_typescript,4.5315,,,,,0.0059,0.2885434172911685,0.3138996896974111,0.228358578567539,0.7386633537577427,0.3399399615080695,12.343756,results/suitesparse_normalized_wrap_typescript_comparison.csv,
1484,Pajek,GD06_theory,157,101,wrap_typescript,0.5733,,,,,0.0009,0.3940454607990039,0.4740954520027435,0.3307413488073199,0.2203382848924573,0.3124310030980071,7.357751,results/suitesparse_normalized_wrap_typescript_comparison.csv,
1489,Pajek,GD96_b,158,111,wrap_typescript,0.6777,,,,,0.001,0.1684618058203212,0.2517694214834341,0.1430928394554019,0.9573059665345784,0.8665489305365215,19.756043,results/suitesparse_normalized_wrap_typescript_comparison.csv,
1491,Pajek,GD96_d,159,180,wrap_typescript,1.8468,,,,,0.0022,0.3588170368772396,0.3588358983644804,0.2802497905174536,0.4461284965419289,0.3907099115689858,10.667203,results/suitesparse_normalized_wrap_typescript_comparison.csv,
1496,Pajek,GD98_b,160,121,wrap_typescript,0.7963,,,,,0.0009,0.2986880879303797,0.2800810467839044,0.2255854916463208,0.6800223944309741,0.4654676815608972,15.112108,results/suitesparse_normalized_wrap_typescript_comparison.csv,
1497,Pajek,GD98_c,161,112,wrap_typescript,0.694,,,,,0.0012,0.3454908250070489,0.3676770297741982,0.2766232139814534,0.303119097389466,0.2017816056492525,10.662651,results/suitesparse_normalized_wrap_typescript_comparison.csv,
1499,Pajek,GD99_c,162,105,wrap_typescript,0.6056,,,,,0.0016,0.2751192093543259,0.2541304060332208,0.2069105333603234,0.7801017630175041,0.6154768564768566,21.34013,results/suitesparse_normalized_wrap_typescript_comparison.csv,
1506,Pajek,Journals,163,124,wrap_typescript,0.834,,,,,0.0075,0.4389660266262628,0.4609939845535031,0.3645627472050485,0.3989257868317905,1.0,4.718248,results/suitesparse_normalized_wrap_typescript_comparison.csv,
1523,Pajek,SmallW,164,233,wrap_typescript,3.4969,,,,,0.0057,0.3650834227718822,0.3678356265487746,0.2881559467614055,0.3071275697569652,0.6131988778418378,5.619946,results/suitesparse_normalized_wrap_typescript_comparison.csv,
1529,Pajek,USAir97,165,332,wrap_typescript,8.5601,,,,,0.0121,0.3421280723149433,0.3427135403809098,0.2660515522592447,0.5808194286208942,0.5114155758385921,7.401985,results/suitesparse_normalized_wrap_typescript_comparison.csv,
1630,Bai,rdb200,166,200,wrap_typescript,2.3174,,,,,0.0024,0.1327742842738084,0.1798466375481069,0.1088233139186447,0.9560798590043316,0.6576535686535686,21.429024,results/suitesparse_normalized_wrap_typescript_comparison.csv,
1631,Bai,rdb200l,167,200,wrap_typescript,2.3173,,,,,0.0026,0.1327742842738084,0.1798466375481069,0.1088233139186447,0.9560798590043316,0.6576535686535686,21.429024,results/suitesparse_normalized_wrap_typescript_comparison.csv,
1864,Muite,Chebyshev1,168,261,wrap_typescript,4.4184,,,,,0.0051,0.3449635205457235,0.345870825262017,0.2708939557967996,0.1439126437354376,1.0,4.564378,results/suitesparse_normalized_wrap_typescript_comparison.csv,
1942,JGD_CAG,CAG_mat364,169,364,wrap_typescript,10.8664,,,,,0.031,0.311791832014192,0.3278192686839709,0.2415441978562736,0.765907215576599,0.8432790315812142,8.111645,results/suitesparse_normalized_wrap_typescript_comparison.csv,
2097,JGD_Homology,n3c6-b1,170,105,wrap_typescript,0.6076,,,,,0.001,0.3870348197928058,0.4390224415623684,0.3235268372755931,0.1830628507031543,0.2726125028355534,7.174026,results/suitesparse_normalized_wrap_typescript_comparison.csv,
2205,JGD_Trefethen,Trefethen_150,171,150,wrap_typescript,1.2202,,,,,0.0027,0.3273271398904624,0.3973601760119793,0.2718435371351822,0.4758522164194858,0.4572127027929209,6.347907,results/suitesparse_normalized_wrap_typescript_comparison.csv,
2206,JGD_Trefethen,Trefethen_200b,172,199,wrap_typescript,2.6008,,,,,0.0044,0.2811591896769796,0.3493715156596057,0.2317884393349283,0.6046116004970267,0.5027376826226364,6.70812,results/suitesparse_normalized_wrap_typescript_comparison.csv,
2207,JGD_Trefethen,Trefethen_200,173,200,wrap_typescript,2.3975,,,,,0.0047,0.2959916765450195,0.3572303244809863,0.2425504001375004,0.5651357492325909,0.4716571893377339,6.677492,results/suitesparse_normalized_wrap_typescript_comparison.csv,
2208,JGD_Trefethen,Trefethen_300,174,300,wrap_typescript,6.7556,,,,,0.0099,0.329994519716129,0.3905996071420133,0.2705182301040568,0.4431874491590384,0.3510784364644019,7.143163,results/suitesparse_normalized_wrap_typescript_comparison.csv,
2389,Newman,adjnoun,175,112,wrap_typescript,0.6926,,,,,0.0016,0.3525938056766283,0.376381969311458,0.2821172647421056,0.4674598308783159,0.5030853015289394,6.52372,results/suitesparse_normalized_wrap_typescript_comparison.csv,
2392,Newman,celegansneural,176,297,wrap_typescript,6.447,,,,,0.0107,0.3254339781304327,0.3603747578818691,0.2619252434736147,0.5624910095798374,0.6571052770834211,6.196234,results/suitesparse_normalized_wrap_typescript_comparison.csv,
2397,Newman,football,177,115,wrap_typescript,0.7113,,,,,0.0018,0.3133044981328627,0.337991576108176,0.2488528928564481,0.4745807381753938,0.4856306916529742,6.056603,results/suitesparse_normalized_wrap_typescript_comparison.csv,
2403,Newman,polbooks,178,105,wrap_typescript,0.6187,,,,,0.0015,0.2361615837521342,0.2742409954915903,0.1919324875504691,0.8486491288335574,0.7300830743084349,8.497356,results/suitesparse_normalized_wrap_typescript_comparison.csv,
2406,Arenas,jazz,179,198,wrap_typescript,2.4452,,,,,0.0073,0.2810408429517045,0.3202944947510608,0.2308788287423966,0.7599796487060859,0.7970809767618614,7.149389,results/suitesparse_normalized_wrap_typescript_comparison.csv,
2416,AG-Monien,grid1,180,252,wrap_typescript,4.3093,,,,,0.0046,0.122692466046548,0.1508021415086895,0.0888848990819597,0.9658210686304118,0.8608492063492064,28.262654,results/suitesparse_normalized_wrap_typescript_comparison.csv,
2417,AG-Monien,grid1_dual,181,224,wrap_typescript,3.0731,,,,,0.0038,0.3012356763870217,0.2882484817822316,0.2177630405235548,0.7493703229780279,0.5677829947829951,27.221544,results/suitesparse_normalized_wrap_typescript_comparison.csv,
2436,AG-Monien,cage,182,366,wrap_typescript,10.8399,,,,,0.0129,0.4016817328911934,0.4418737552408618,0.3306709897633266,0.031923834549589,0.3793928289166573,5.586908,results/suitesparse_normalized_wrap_typescript_comparison.csv,
2559,CPM,cz148,183,148,wrap_typescript,1.2409,,,,,0.003,0.257609240936191,0.2570489875368041,0.1943651446813747,0.8133256085770704,0.9098902277765362,10.362509,results/suitesparse_normalized_wrap_typescript_comparison.csv,
2560,CPM,cz308,184,308,wrap_typescript,6.9883,,,,,0.0101,0.4347019575201514,0.3659985828273748,0.3305471413940435,0.5101477319013674,0.851132005996725,20.500261,results/suitesparse_normalized_wrap_typescript_comparison.csv,
2691,VDOL,hangGlider_1,185,360,wrap_typescript,10.3396,,,,,0.0082,0.3739340012023013,0.3826126844989058,0.2878453519281914,0.1710300378688403,0.7736829754270599,5.125347,results/suitesparse_normalized_wrap_typescript_comparison.csv,
2718,VDOL,orbitRaising_1,186,440,wrap_typescript,17.6147,,,,,0.0138,0.176495331579238,0.2084514795978939,0.1330972368332188,0.9682442711801158,0.5284870097917658,25.382209,results/suitesparse_normalized_wrap_typescript_comparison.csv,
2735,VDOL,spaceStation_2,187,325,wrap_typescript,8.2116,,,,,0.0112,0.3515124075364959,0.3628607859515272,0.2719493633464607,0.579128716895905,0.5762476512304221,7.299323,results/suitesparse_normalized_wrap_typescript_comparison.csv,
2748,VDOL,tumorAntiAngiogenesis_1,188,205,wrap_typescript,2.5262,,,,,0.0029,0.34826211823893,0.3608900440967811,0.2606722066822102,0.1499545596590515,0.9242142974028088,4.790877,results/suitesparse_normalized_wrap_typescript_comparison.csv,
2749,VDOL,tumorAntiAngiogenesis_2,189,305,wrap_typescript,6.9842,,,,,0.0059,0.3431761849851988,0.343981026099067,0.2562503000344601,0.1007983880453045,0.9600304564229524,4.837677,results/suitesparse_normalized_wrap_typescript_comparison.csv,
2750,VDOL,tumorAntiAngiogenesis_3,190,410,wrap_typescript,14.6963,,,,,0.0115,0.3509667494379527,0.3670250930744738,0.2675844796792141,0.1136162117282958,1.0,4.62633,results/suitesparse_normalized_wrap_typescript_comparison.csv,
2764,Mycielski,mycielskian8,191,191,wrap_typescript,2.123,,,,,0.0051,0.3529827224359153,0.3771180596193139,0.2760255219463166,0.1936851926291935,1.0,4.382785,results/suitesparse_normalized_wrap_typescript_comparison.csv,
2765,Mycielski,mycielskian9,192,383,wrap_typescript,12.2184,,,,,0.0233,0.3616284958937807,0.3900408192359546,0.2846752687044665,0.1439819165540008,1.0,4.36564,results/suitesparse_normalized_wrap_typescript_comparison.csv,
2858,ML_Graph,breasttissue_10NN,193,106,wrap_typescript,0.6164,,,,,0.002,0.2787452955425969,0.3201535573028449,0.2279578280228929,0.5993548304856896,0.6540920673588385,5.604972,results/suitesparse_normalized_wrap_typescript_comparison.csv,
2866,ML_Graph,dermatology_5NN,194,366,wrap_typescript,11.179,,,,,0.0121,0.2662677317622728,0.2200498765810949,0.1844297495745686,0.8326890073979686,0.8400699855699856,27.334044,results/suitesparse_normalized_wrap_typescript_comparison.csv,
2867,ML_Graph,Ecoli_10NN,195,336,wrap_typescript,8.6546,,,,,0.014,0.2351542693883214,0.2569112423963241,0.185093797557294,0.7950643568041573,0.7045184560208275,11.023253,results/suitesparse_normalized_wrap_typescript_comparison.csv,
2869,ML_Graph,Glass_10NN,196,214,wrap_typescript,2.7849,,,,,0.0058,0.2281130197987263,0.262562294160885,0.180158705254761,0.769348598804495,0.6795419987301097,8.826876,results/suitesparse_normalized_wrap_typescript_comparison.csv,
2872,ML_Graph,iris_dataset_30NN,197,150,wrap_typescript,1.2483,,,,,0.0046,0.1587273147672134,0.237419646873572,0.1405628742895357,0.9587644621161944,0.950950633062814,8.468187,results/suitesparse_normalized_wrap_typescript_comparison.csv,
2879,ML_Graph,Olivetti_norm_10NN,198,400,wrap_typescript,13.7129,,,,,0.0191,0.2824293254701949,0.3194528289370998,0.2252804192959001,0.688463520099836,0.5046156620002763,8.291962,results/suitesparse_normalized_wrap_typescript_comparison.csv,
2890,ML_Graph,YaleA_10NN,199,165,wrap_typescript,1.5093,,,,,0.0037,0.3156015467685222,0.3482589356625525,0.2541483092753143,0.5077929406642371,0.4871065040891114,6.728505,results/suitesparse_normalized_wrap_typescript_comparison.csv,
6,HB,arc130,0,130,wrap_python_newdist,0.2993,,,,,0.0017,0.3621866337200259,0.3701576167892663,0.2832207326664064,0.2600954637560491,0.9449768531800926,5.046607,results/suitesparse_normalized_wrap_python_newdist_comparison.csv,
8,HB,ash292,1,292,wrap_python_newdist,0.3052,,,,,0.0059,0.136026705152488,0.1144197536184311,0.0852422542291409,0.989146522680745,0.9419608169608168,27.012072,results/suitesparse_normalized_wrap_python_newdist_comparison.csv,
15,HB,bcspwr03,2,118,wrap_python_newdist,0.0464,,,,,0.0011,0.2295783584043368,0.2373027105370614,0.1784868454466369,0.8749026316866616,0.5829347372912459,17.269426,results/suitesparse_normalized_wrap_python_newdist_comparison.csv,
16,HB,bcspwr04,3,274,wrap_python_newdist,0.2611,,,,,0.0053,0.175256112458523,0.2080418695091212,0.139164078274348,0.9421252344898507,0.5829173166015273,21.056174,results/suitesparse_normalized_wrap_python_newdist_comparison.csv,
26,HB,bcsstk04,4,132,wrap_python_newdist,0.0817,,,,,0.0027,0.2408965415660386,0.3085196277509106,0.191254961944264,0.8330731338513414,0.9480211898067108,6.530961,results/suitesparse_normalized_wrap_python_newdist_comparison.csv,
27,HB,bcsstk05,5,153,wrap_python_newdist,0.0938,,,,,0.0021,0.1367707687991183,0.2228878276556673,0.1034107123014819,0.9652474182731754,0.7896450347920091,13.701842,results/suitesparse_normalized_wrap_python_newdist_comparison.csv,
28,HB,bcsstk06,6,420,wrap_python_newdist,0.7738,,,,,0.016,0.1263822266998955,0.1741420624651368,0.0964218555618928,0.9717306489901552,0.8347617726136503,18.212682,results/suitesparse_normalized_wrap_python_newdist_comparison.csv,
29,HB,bcsstk07,7,420,wrap_python_newdist,0.7763,,,,,0.016,0.1263822266998955,0.1741420624651368,0.0964218555618928,0.9717306489901552,0.8347617726136503,18.212682,results/suitesparse_normalized_wrap_python_newdist_comparison.csv,
44,HB,bcsstk22,8,110,wrap_python_newdist,0.0413,,,,,0.0009,0.1509183705179515,0.1694088957439821,0.1158278448569814,0.945935818671928,0.804659632850809,18.865988,results/suitesparse_normalized_wrap_python_newdist_comparison.csv,
62,HB,bcsstm07,9,420,wrap_python_newdist,0.7551,,,,,0.0151,0.1267687521442055,0.1719184286906807,0.095936698589382,0.9723316826100118,0.8355580804121319,18.135566,results/suitesparse_normalized_wrap_python_newdist_comparison.csv,
93,HB,can_144,10,144,wrap_python_newdist,0.0749,,,,,0.0012,0.1201636533729625,0.1880984602848214,0.110942967526179,0.9719548784578405,0.9684317019409896,17.525929,results/suitesparse_normalized_wrap_python_newdist_comparison.csv,
94,HB,can_161,11,161,wrap_python_newdist,0.093,,,,,0.0017,0.1873268153103954,0.2054089725467386,0.1459823029947017,0.8684238402370569,0.8257953137333939,13.052672,results/suitesparse_normalized_wrap_python_newdist_comparison.csv,
95,HB,can_187,12,187,wrap_python_newdist,0.1253,,,,,0.0019,0.1028704712001369,0.1701343647153897,0.0831292385917552,0.9806549568423392,0.8696169304551654,22.101666,results/suitesparse_normalized_wrap_python_newdist_comparison.csv,
96,HB,can_229,13,229,wrap_python_newdist,0.1873,,,,,0.0035,0.195381139535421,0.3043806382399663,0.1518532164470924,0.8877255970416541,0.5813035850458455,14.902584,results/suitesparse_normalized_wrap_python_newdist_comparison.csv,
98,HB,can_256,14,256,wrap_python_newdist,0.2472,,,,,0.0057,0.2535792946617304,0.2787314004302297,0.2047491984204974,0.7317543956661965,0.6800205762394885,7.867179,results/suitesparse_normalized_wrap_python_newdist_comparison.csv,
99,HB,can_268,15,268,wrap_python_newdist,0.2724,,,,,0.0061,0.2180519502278181,0.2602111766887189,0.1737807995079245,0.7896740562061291,0.677561219243491,8.472588,results/suitesparse_normalized_wrap_python_newdist_comparison.csv,
100,HB,can_292,16,292,wrap_python_newdist,0.3111,,,,,0.0066,0.2548397562450132,0.2543472981977694,0.1893846557352331,0.818517347203645,0.6176926801544727,12.857073,results/suitesparse_normalized_wrap_python_newdist_comparison.csv,
113,HB,dwt_162,17,162,wrap_python_newdist,0.092,,,,,0.0016,0.1223983846946505,0.125337689623387,0.0833481513706263,0.9781978881458306,0.8947511100011099,24.819018,results/suitesparse_normalized_wrap_python_newdist_comparison.csv,
114,HB,dwt_193,18,193,wrap_python_newdist,0.1547,,,,,0.004,0.2372598487080789,0.269229511381647,0.186100676563334,0.856175816990322,0.6910092818483617,9.266716,results/suitesparse_normalized_wrap_python_newdist_comparison.csv,
116,HB,dwt_209,19,209,wrap_python_newdist,0.1571,,,,,0.0036,0.212204073463518,0.239286783028032,0.1694938161098527,0.9099811408098604,0.5521227878889922,14.053442,results/suitesparse_normalized_wrap_python_newdist_comparison.csv,
117,HB,dwt_221,20,221,wrap_python_newdist,0.1731,,,,,0.0032,0.1211154673200361,0.1382824184085063,0.084922022006779,0.9884463447740396,0.82147486053678,28.990179,results/suitesparse_normalized_wrap_python_newdist_comparison.csv,
118,HB,dwt_234,21,117,wrap_python_newdist,0.0447,,,,,0.001,0.1995890042165987,0.2331383355507528,0.1586486931136217,0.9118732076561278,0.4568113124218924,15.989862,results/suitesparse_normalized_wrap_python_newdist_comparison.csv,
119,HB,dwt_245,22,245,wrap_python_newdist,0.2088,,,,,0.0041,0.2057719902138543,0.2210215533651966,0.1607868252911784,0.8949954000692278,0.5738852382501148,18.532479,results/suitesparse_normalized_wrap_python_newdist_comparison.csv,
121,HB,dwt_307,23,307,wrap_python_newdist,0.3423,,,,,0.0064,0.1629387803775785,0.2017312770657139,0.1254837525046391,0.9010485689702484,0.7493807258958771,18.066362,results/suitesparse_normalized_wrap_python_newdist_comparison.csv,
122,HB,dwt_310,24,310,wrap_python_newdist,0.3462,,,,,0.0041,0.0804550237430349,0.0952706810356164,0.0521907309135564,0.9966030139177606,0.9442789987789983,42.169864,results/suitesparse_normalized_wrap_python_newdist_comparison.csv,
123,HB,dwt_346,25,340,wrap_python_newdist,0.4296,,,,,0.0087,0.1570309912070232,0.2036045125501729,0.1250305326319307,0.9558435535520596,0.598102746768058,16.775038,results/suitesparse_normalized_wrap_python_newdist_comparison.csv,
124,HB,dwt_361,26,361,wrap_python_newdist,0.4725,,,,,0.0064,0.1208694966689899,0.1246021471695076,0.0798346622546862,0.98556496566958,0.962642857142857,33.135495,results/suitesparse_normalized_wrap_python_newdist_comparison.csv,
125,HB,dwt_419,27,419,wrap_python_newdist,0.6495,,,,,0.0127,0.2212082647512344,0.1937605387581501,0.1516148934425085,0.8995560111545217,0.8068590853590851,26.057997,results/suitesparse_normalized_wrap_python_newdist_comparison.csv,
141,HB,fs_183_1,28,183,wrap_python_newdist,0.1184,,,,,0.0025,0.3349990784865794,0.361739098308492,0.2700717919973486,0.5720804341024497,0.7180880857698345,6.318185,results/suitesparse_normalized_wrap_python_newdist_comparison.csv,
142,HB,fs_183_3,29,183,wrap_python_newdist,0.1195,,,,,0.0029,0.330060035939053,0.3595957288688063,0.270041354247357,0.5719501688892941,0.7099162379837323,6.344955,results/suitesparse_normalized_wrap_python_newdist_comparison.csv,
143,HB,fs_183_4,30,183,wrap_python_newdist,0.1196,,,,,0.0027,0.330060035939053,0.3595957288688063,0.270041354247357,0.5719501688892941,0.7099162379837323,6.344955,results/suitesparse_normalized_wrap_python_newdist_comparison.csv,
144,HB,fs_183_6,31,183,wrap_python_newdist,0.1192,,,,,0.0025,0.3228722759347565,0.3519901536970404,0.2601718540653936,0.6367400728036103,0.7477115776419421,6.454003,results/suitesparse_normalized_wrap_python_newdist_comparison.csv,
158,HB,gent113,32,104,wrap_python_newdist,0.0406,,,,,0.0011,0.2849500796205009,0.3200332227434861,0.2249743841147829,0.7238571739149271,0.6083484295649194,7.785952,results/suitesparse_normalized_wrap_python_newdist_comparison.csv,
161,HB,gre_115,33,115,wrap_python_newdist,0.0451,,,,,0.0012,0.2712453509397569,0.3507387818073547,0.2258093744120828,0.6884481762256793,0.4006632248396989,10.318317,results/suitesparse_normalized_wrap_python_newdist_comparison.csv,
162,HB,gre_185,34,185,wrap_python_newdist,0.1216,,,,,0.0026,0.126047734185414,0.1757121426967991,0.1035845965747255,0.9664749657575376,0.8006447198656172,15.758945,results/suitesparse_normalized_wrap_python_newdist_comparison.csv,
163,HB,gre_216a,35,216,wrap_python_newdist,0.165,,,,,0.0032,0.1621862864090326,0.221737975661731,0.1204522594088463,0.916349730381294,0.5282237531093368,21.696693,results/suitesparse_normalized_wrap_python_newdist_comparison.csv,
164,HB,gre_216b,36,216,wrap_python_newdist,0.1645,,,,,0.0032,0.1621862864090326,0.221737975661731,0.1204522594088463,0.916349730381294,0.5282237531093368,21.696693,results/suitesparse_normalized_wrap_python_newdist_comparison.csv,
165,HB,gre_343,37,343,wrap_python_newdist,0.4215,,,,,0.0076,0.1864886895352063,0.2330794590604174,0.1331594607153203,0.8881706566648241,0.4458102745208008,25.650682,results/suitesparse_normalized_wrap_python_newdist_comparison.csv,
167,HB,hor_131,38,434,wrap_python_newdist,0.7255,,,,,0.0159,0.201163672266827,0.262214972327159,0.1616738325098048,0.8465311906945474,0.5730932242851751,14.045726,results/suitesparse_normalized_wrap_python_newdist_comparison.csv,
171,HB,impcol_a,39,206,wrap_python_newdist,0.1473,,,,,0.0034,0.2346877508035653,0.291095729710799,0.1919763410681308,0.8787563284034295,0.3842008124753697,12.686424,results/suitesparse_normalized_wrap_python_newdist_comparison.csv,
173,HB,impcol_c,40,137,wrap_python_newdist,0.0644,,,,,0.0016,0.2755723570688036,0.3189688787199078,0.2252298686068526,0.6985585103554456,0.4483473326459009,9.152198,results/suitesparse_normalized_wrap_python_newdist_comparison.csv,
174,HB,impcol_d,41,425,wrap_python_newdist,0.6421,,,,,0.0129,0.1568924800344741,0.2259569588333523,0.1333913863158062,0.9268883703522957,0.4179548948617341,18.044903,results/suitesparse_normalized_wrap_python_newdist_comparison.csv,
175,HB,impcol_e,42,225,wrap_python_newdist,0.2738,,,,,0.0043,0.2487176106364505,0.2906922267499865,0.2037785236483479,0.8568537143205691,0.5786059042942058,10.628881,results/suitesparse_normalized_wrap_python_newdist_comparison.csv,
188,HB,lns_131,43,102,wrap_python_newdist,0.0356,,,,,0.0011,0.1800678439701928,0.2259625161765474,0.1401506469827342,0.9006191283264764,0.562746528167692,11.635062,results/suitesparse_normalized_wrap_python_newdist_comparison.csv,
192,HB,lnsp_131,44,102,wrap_python_newdist,0.0354,,,,,0.0009,0.1812955005953273,0.2303263997236751,0.141263136730592,0.8983098205067487,0.5554761773697888,11.677427,results/suitesparse_normalized_wrap_python_newdist_comparison.csv,
202,HB,lshp_265,45,265,wrap_python_newdist,0.2471,,,,,0.0045,0.1151150657313458,0.1013332266900506,0.072465529281614,0.984444763722731,0.9756111111111112,26.668203,results/suitesparse_normalized_wrap_python_newdist_comparison.csv,
203,HB,lshp_406,46,406,wrap_python_newdist,0.5857,,,,,0.0101,0.1190804229564711,0.1009756238489874,0.0695038411733545,0.9830146404496468,0.9782407407407409,32.841457,results/suitesparse_normalized_wrap_python_newdist_comparison.csv,
206,HB,lund_a,47,147,wrap_python_newdist,0.0885,,,,,0.0019,0.06974372185561,0.122036520676391,0.0515022435444435,0.9881041647746106,1.0,14.413844,results/suitesparse_normalized_wrap_python_newdist_comparison.csv,
207,HB,lund_b,48,147,wrap_python_newdist,0.088,,,,,0.0019,0.0697504297758215,0.1223637306407317,0.0515628725792957,0.9880802084938664,1.0,14.411703,results/suitesparse_normalized_wrap_python_newdist_comparison.csv,
212,HB,mcca,49,168,wrap_python_newdist,0.123,,,,,0.0032,0.1874128243594171,0.2470498075741155,0.1531914555100552,0.910854109968688,0.7192176751885335,11.986771,results/suitesparse_normalized_wrap_python_newdist_comparison.csv,
215,HB,nnc261,50,261,wrap_python_newdist,0.2404,,,,,0.0037,0.1885148663182445,0.194614971972448,0.1374959753124683,0.9385832824249828,0.6588641748688189,18.208707,results/suitesparse_normalized_wrap_python_newdist_comparison.csv,
217,HB,nos1,51,158,wrap_python_newdist,0.0836,,,,,0.0008,0.105202453400884,0.098700714105488,0.0625995376958741,0.9978470350419554,1.0,85.147159,results/suitesparse_normalized_wrap_python_newdist_comparison.csv,
220,HB,nos4,52,100,wrap_python_newdist,0.0343,,,,,0.001,0.1731400401222045,0.1761683402890879,0.1264025932895381,0.961143812172068,0.7936729416716876,14.784492,results/suitesparse_normalized_wrap_python_newdist_comparison.csv,
229,HB,plat362,53,362,wrap_python_newdist,0.5556,,,,,0.0117,0.1397324365759223,0.1501040620912006,0.1011433539436604,0.9646107213836056,0.9074164867640092,18.246665,results/suitesparse_normalized_wrap_python_newdist_comparison.csv,
239,HB,saylr1,54,238,wrap_python_newdist,0.1907,,,,,0.0027,0.1152427186392717,0.1382993623968505,0.0890955418603194,0.9761694862639144,0.996,32.342905,results/suitesparse_normalized_wrap_python_newdist_comparison.csv,
251,HB,steam1,55,240,wrap_python_newdist,0.2255,,,,,0.0047,0.224848165232862,0.3213896537661746,0.185283674520371,0.8380604368686693,0.5600489200330293,12.419714,results/suitesparse_normalized_wrap_python_newdist_comparison.csv,
254,HB,str_0,56,363,wrap_python_newdist,0.5427,,,,,0.0129,0.3297010595131621,0.3585477302181732,0.2616963637098751,0.4605767414821671,0.3016156191294858,7.636938,results/suitesparse_normalized_wrap_python_newdist_comparison.csv,
255,HB,str_200,57,363,wrap_python_newdist,0.564,,,,,0.0142,0.3255965304658709,0.353221772464459,0.2597727393871981,0.5227671080318913,0.3826274602844758,7.355819,results/suitesparse_normalized_wrap_python_newdist_comparison.csv,
256,HB,str_400,58,363,wrap_python_newdist,0.5716,,,,,0.0142,0.3438889124838559,0.3635885051440489,0.273581139628878,0.4022684163746948,0.3582087668740284,6.906391,results/suitesparse_normalized_wrap_python_newdist_comparison.csv,
257,HB,str_600,59,363,wrap_python_newdist,0.5763,,,,,0.0142,0.3351907376167968,0.368876086010188,0.2703507014486885,0.5136185575095481,0.3911552984984402,7.243971,results/suitesparse_normalized_wrap_python_newdist_comparison.csv,
263,HB,west0132,60,132,wrap_python_newdist,0.0607,,,,,0.0015,0.2598396260320913,0.3265562107926507,0.2213020412661666,0.8244786218346274,0.4748250095402703,10.00488,results/suitesparse_normalized_wrap_python_newdist_comparison.csv,
264,HB,west0156,61,156,wrap_python_newdist,0.083,,,,,0.0021,0.3030542530022834,0.3475279254039149,0.2436124596222339,0.5243321795230432,0.268594350940085,8.780585,results/suitesparse_normalized_wrap_python_newdist_comparison.csv,
265,HB,west0167,62,167,wrap_python_newdist,0.0972,,,,,0.0024,0.2797536816667852,0.3214776428403498,0.226438133269183,0.6775543152597344,0.3984789480089652,8.884984,results/suitesparse_normalized_wrap_python_newdist_comparison.csv,
266,HB,west0381,63,381,wrap_python_newdist,0.564,,,,,0.0121,0.35043660355273,0.3855061133568322,0.2841024556448727,0.2811669767256375,0.3220242738579404,6.426004,results/suitesparse_normalized_wrap_python_newdist_comparison.csv,
273,HB,will199,64,199,wrap_python_newdist,0.1395,,,,,0.0034,0.3166773348321584,0.36181728043292,0.257087952645802,0.4588541907742884,0.3199131305879122,7.338863,results/suitesparse_normalized_wrap_python_newdist_comparison.csv,
292,Bai,bfwa398,65,398,wrap_python_newdist,0.5897,,,,,0.0115,0.1947394392602375,0.2105021697113517,0.1508960595056819,0.9062500214095603,0.7129337979675722,16.544205,results/suitesparse_normalized_wrap_python_newdist_comparison.csv,
295,Bai,bfwb398,66,209,wrap_python_newdist,0.1548,,,,,0.003,0.1289604506264285,0.1792034567086133,0.1029718739603615,0.96820676432661,0.6349152864880636,16.139487,results/suitesparse_normalized_wrap_python_newdist_comparison.csv,
298,Bai,bwm200,67,200,wrap_python_newdist,0.1323,,,,,0.001,0.0964434506742332,0.0838203387756685,0.0610605126111025,0.9973802561531202,1.0,107.83508,results/suitesparse_normalized_wrap_python_newdist_comparison.csv,
307,Bai,ck400,68,200,wrap_python_newdist,0.1406,,,,,0.0014,0.1713947173651384,0.154255135950912,0.1319072721912079,0.966648229583374,0.996,57.637399,results/suitesparse_normalized_wrap_python_newdist_comparison.csv,
313,Bai,lop163,69,163,wrap_python_newdist,0.0945,,,,,0.0016,0.1061913863963251,0.2072874687564067,0.073679672173129,0.979550899529146,0.5478739401303544,22.242244,results/suitesparse_normalized_wrap_python_newdist_comparison.csv,
314,Bai,mhda416,70,409,wrap_python_newdist,0.8141,,,,,0.0134,0.110269370853931,0.1538505917876877,0.0724408603297308,0.9951430205956028,0.960930728628097,27.440573,results/suitesparse_normalized_wrap_python_newdist_comparison.csv,
315,Bai,mhdb416,71,102,wrap_python_newdist,0.0367,,,,,0.0006,0.1316570861478555,0.1345498047452596,0.0915977740418284,0.992412146898474,0.9907472527472528,28.280996,results/suitesparse_normalized_wrap_python_newdist_comparison.csv,
316,Bai,odepa400,72,400,wrap_python_newdist,0.4806,,,,,0.0026,0.1040100125804042,0.187658775802305,0.1015215052479504,0.990677565776204,1.0,263.865172,results/suitesparse_normalized_wrap_python_newdist_comparison.csv,
318,Bai,olm100,73,100,wrap_python_newdist,0.0336,,,,,0.0006,0.1161652170669695,0.0982163593758741,0.0735142173509442,0.9961125075434796,1.0,54.505735,results/suitesparse_normalized_wrap_python_newdist_comparison.csv,
323,Bai,pde225,74,225,wrap_python_newdist,0.1706,,,,,0.0023,0.1068171777883352,0.1333513016339866,0.0869746490017549,0.9769958123423758,1.0,30.924973,results/suitesparse_normalized_wrap_python_newdist_comparison.csv,
327,Bai,qc324,75,324,wrap_python_newdist,0.8316,,,,,0.0987,0.2823375591911395,0.3419092641855917,0.2338609109747717,0.77590322658719,0.819550321490263,5.275459,results/suitesparse_normalized_wrap_python_newdist_comparison.csv,
334,Bai,rw136,76,136,wrap_python_newdist,0.0638,,,,,0.0013,0.2051104935659805,0.2258214960459603,0.1573917909682123,0.9105861315703154,0.605996703364189,17.575769,results/suitesparse_normalized_wrap_python_newdist_comparison.csv,
337,Bai,tub100,77,100,wrap_python_newdist,0.033,,,,,0.0005,0.1217075336886319,0.1048672599984519,0.0770428135396053,0.9946881269381936,1.0,54.9967,results/suitesparse_normalized_wrap_python_newdist_comparison.csv,
380,DRIVCAV,cavity01,78,290,wrap_python_newdist,0.3858,,,,,0.0078,0.2343449759272671,0.2439081208057081,0.1770955489261759,0.8233098823005662,0.7528202982447343,9.083725,results/suitesparse_normalized_wrap_python_newdist_comparison.csv,
381,DRIVCAV,cavity02,79,162,wrap_python_newdist,0.1178,,,,,0.0029,0.2407914703032632,0.2437167923209737,0.1828633366664734,0.820041465831968,0.8095234009454094,7.03306,results/suitesparse_normalized_wrap_python_newdist_comparison.csv,
382,DRIVCAV,cavity03,80,290,wrap_python_newdist,0.3852,,,,,0.0077,0.2336089055920809,0.243269288979932,0.1764353766676198,0.8240422436479128,0.7516765616130198,9.088003,results/suitesparse_normalized_wrap_python_newdist_comparison.csv,
383,DRIVCAV,cavity04,81,162,wrap_python_newdist,0.1182,,,,,0.0029,0.2407914703032632,0.2437167923209737,0.1828633366664734,0.820041465831968,0.8095234009454094,7.03306,results/suitesparse_normalized_wrap_python_newdist_comparison.csv,
406,FIDAP,ex1,82,216,wrap_python_newdist,0.2018,,,,,0.0048,0.2155647893194082,0.2493444577236642,0.171674133350234,0.8854315380250899,0.8666663611969233,7.859097,results/suitesparse_normalized_wrap_python_newdist_comparison.csv,
416,FIDAP,ex2,83,441,wrap_python_newdist,1.3596,,,,,0.0324,0.2099830498477179,0.2374122053435263,0.1662152697937307,0.901656684270318,0.8727652347487341,7.747633,results/suitesparse_normalized_wrap_python_newdist_comparison.csv,
824,TOKAMAK,utm300,84,300,wrap_python_newdist,0.3711,,,,,0.0086,0.2202546052012156,0.2372624111618816,0.167085887498068,0.8494816920757173,0.6448882255930077,10.467057,results/suitesparse_normalized_wrap_python_newdist_comparison.csv,
861,MathWorks,pivtol,85,102,wrap_python_newdist,0.0328,,,,,0.0004,0.0922704960489102,0.1780304734221714,0.0879508474412809,0.9907696447396404,1.0,67.640031,results/suitesparse_normalized_wrap_python_newdist_comparison.csv,
875,Pothen,mesh2e1,86,306,wrap_python_newdist,0.3335,,,,,0.0066,0.2189442002927652,0.2010164736229244,0.1622369432956985,0.8216491412964955,0.8118726952060283,20.692079,results/suitesparse_normalized_wrap_python_newdist_comparison.csv,
876,Pothen,mesh2em5,87,306,wrap_python_newdist,0.3333,,,,,0.0066,0.2189442002927652,0.2010164736229244,0.1622369432956985,0.8216491412964955,0.8118726952060283,20.692079,results/suitesparse_normalized_wrap_python_newdist_comparison.csv,
877,Pothen,mesh3e1,88,289,wrap_python_newdist,0.2835,,,,,0.0038,0.1077663643523957,0.1316580417574583,0.0873354006239123,0.9773343007618824,1.0,35.168241,results/suitesparse_normalized_wrap_python_newdist_comparison.csv,
878,Pothen,mesh3em5,89,289,wrap_python_newdist,0.2832,,,,,0.004,0.1077663643523957,0.1316580417574583,0.0873354006239123,0.9773343007618824,1.0,35.168241,results/suitesparse_normalized_wrap_python_newdist_comparison.csv,
884,Pothen,sphere3,90,258,wrap_python_newdist,0.2354,,,,,0.0034,0.1516800059584229,0.2688385135515931,0.1155866072438596,0.9150983226038998,0.8014350094350096,18.315184,results/suitesparse_normalized_wrap_python_newdist_comparison.csv,
908,vanHeukelum,cage7,91,340,wrap_python_newdist,0.4286,,,,,0.009,0.2523848707348741,0.3008727124762315,0.2047258855832708,0.7920962768212982,0.3895987107189746,13.300867,results/suitesparse_normalized_wrap_python_newdist_comparison.csv,
926,FEMLAB,poisson2D,92,367,wrap_python_newdist,0.4809,,,,,0.01,0.1733126606411033,0.1371638504768955,0.1181213934327705,0.9257157886332296,0.9607301587301588,26.708865,results/suitesparse_normalized_wrap_python_newdist_comparison.csv,
929,FEMLAB,problem1,93,415,wrap_python_newdist,0.6166,,,,,0.012,0.1327095778458407,0.1086826421646751,0.0850568503507711,0.9617849611026206,0.9810657596371882,27.967532,results/suitesparse_normalized_wrap_python_newdist_comparison.csv,
1112,Sandia,oscil_dcop_01,94,426,wrap_python_newdist,0.621,,,,,0.0058,0.1737419505574701,0.2232133842691427,0.1489874361291644,0.91086781332735,0.614227642276423,60.640592,results/suitesparse_normalized_wrap_python_newdist_comparison.csv,
1113,Sandia,oscil_dcop_02,95,426,wrap_python_newdist,0.6169,,,,,0.0058,0.1737419505574701,0.2232133842691427,0.1489874361291644,0.91086781332735,0.614227642276423,60.640592,results/suitesparse_normalized_wrap_python_newdist_comparison.csv,
1114,Sandia,oscil_dcop_03,96,426,wrap_python_newdist,0.6177,,,,,0.0058,0.1737419505574701,0.2232133842691427,0.1489874361291644,0.91086781332735,0.614227642276423,60.640592,results/suitesparse_normalized_wrap_python_newdist_comparison.csv,
1115,Sandia,oscil_dcop_04,97,426,wrap_python_newdist,0.6168,,,,,0.0058,0.1737419505574701,0.2232133842691427,0.1489874361291644,0.91086781332735,0.614227642276423,60.640592,results/suitesparse_normalized_wrap_python_newdist_comparison.csv,
1116,Sandia,oscil_dcop_05,98,426,wrap_python_newdist,0.6174,,,,,0.0058,0.1737419505574701,0.2232133842691427,0.1489874361291644,0.91086781332735,0.614227642276423,60.640592,results/suitesparse_normalized_wrap_python_newdist_comparison.csv,
1117,Sandia,oscil_dcop_06,99,426,wrap_python_newdist,0.6176,,,,,0.0059,0.1737419505574701,0.2232133842691427,0.1489874361291644,0.91086781332735,0.614227642276423,60.640592,results/suitesparse_normalized_wrap_python_newdist_comparison.csv,
1118,Sandia,oscil_dcop_07,100,426,wrap_python_newdist,0.6176,,,,,0.0058,0.1737419505574701,0.2232133842691427,0.1489874361291644,0.91086781332735,0.614227642276423,60.640592,results/suitesparse_normalized_wrap_python_newdist_comparison.csv,
1119,Sandia,oscil_dcop_08,101,426,wrap_python_newdist,0.6166,,,,,0.0058,0.1737419505574701,0.2232133842691427,0.1489874361291644,0.91086781332735,0.614227642276423,60.640592,results/suitesparse_normalized_wrap_python_newdist_comparison.csv,
1120,Sandia,oscil_dcop_09,102,426,wrap_python_newdist,0.6173,,,,,0.0058,0.1737419505574701,0.2232133842691427,0.1489874361291644,0.91086781332735,0.614227642276423,60.640592,results/suitesparse_normalized_wrap_python_newdist_comparison.csv,
1121,Sandia,oscil_dcop_10,103,426,wrap_python_newdist,0.6177,,,,,0.0059,0.1737419505574701,0.2232133842691427,0.1489874361291644,0.91086781332735,0.614227642276423,60.640592,results/suitesparse_normalized_wrap_python_newdist_comparison.csv,
1122,Sandia,oscil_dcop_11,104,426,wrap_python_newdist,0.6174,,,,,0.0058,0.1737419505574701,0.2232133842691427,0.1489874361291644,0.91086781332735,0.614227642276423,60.640592,results/suitesparse_normalized_wrap_python_newdist_comparison.csv,
1123,Sandia,oscil_dcop_12,105,426,wrap_python_newdist,0.6173,,,,,0.0058,0.1737419505574701,0.2232133842691427,0.1489874361291644,0.91086781332735,0.614227642276423,60.640592,results/suitesparse_normalized_wrap_python_newdist_comparison.csv,
1124,Sandia,oscil_dcop_13,106,426,wrap_python_newdist,0.618,,,,,0.0058,0.1737419505574701,0.2232133842691427,0.1489874361291644,0.91086781332735,0.614227642276423,60.640592,results/suitesparse_normalized_wrap_python_newdist_comparison.csv,
1125,Sandia,oscil_dcop_14,107,426,wrap_python_newdist,0.618,,,,,0.0058,0.1737419505574701,0.2232133842691427,0.1489874361291644,0.91086781332735,0.614227642276423,60.640592,results/suitesparse_normalized_wrap_python_newdist_comparison.csv,
1126,Sandia,oscil_dcop_15,108,426,wrap_python_newdist,0.6184,,,,,0.0058,0.1737419505574701,0.2232133842691427,0.1489874361291644,0.91086781332735,0.614227642276423,60.640592,results/suitesparse_normalized_wrap_python_newdist_comparison.csv,
1127,Sandia,oscil_dcop_16,109,426,wrap_python_newdist,0.6176,,,,,0.0058,0.1737419505574701,0.2232133842691427,0.1489874361291644,0.91086781332735,0.614227642276423,60.640592,results/suitesparse_normalized_wrap_python_newdist_comparison.csv,
1128,Sandia,oscil_dcop_17,110,426,wrap_python_newdist,0.6172,,,,,0.0058,0.1737419505574701,0.2232133842691427,0.1489874361291644,0.91086781332735,0.614227642276423,60.640592,results/suitesparse_normalized_wrap_python_newdist_comparison.csv,
1129,Sandia,oscil_dcop_18,111,426,wrap_python_newdist,0.6174,,,,,0.0058,0.1737419505574701,0.2232133842691427,0.1489874361291644,0.91086781332735,0.614227642276423,60.640592,results/suitesparse_normalized_wrap_python_newdist_comparison.csv,
1130,Sandia,oscil_dcop_19,112,426,wrap_python_newdist,0.6173,,,,,0.0058,0.1737419505574701,0.2232133842691427,0.1489874361291644,0.91086781332735,0.614227642276423,60.640592,results/suitesparse_normalized_wrap_python_newdist_comparison.csv,
1131,Sandia,oscil_dcop_20,113,426,wrap_python_newdist,0.6172,,,,,0.0059,0.1737419505574701,0.2232133842691427,0.1489874361291644,0.91086781332735,0.614227642276423,60.640592,results/suitesparse_normalized_wrap_python_newdist_comparison.csv,
1132,Sandia,oscil_dcop_21,114,426,wrap_python_newdist,0.6171,,,,,0.0059,0.1737419505574701,0.2232133842691427,0.1489874361291644,0.91086781332735,0.614227642276423,60.640592,results/suitesparse_normalized_wrap_python_newdist_comparison.csv,
1133,Sandia,oscil_dcop_22,115,426,wrap_python_newdist,0.618,,,,,0.0058,0.1737419505574701,0.2232133842691427,0.1489874361291644,0.91086781332735,0.614227642276423,60.640592,results/suitesparse_normalized_wrap_python_newdist_comparison.csv,
1134,Sandia,oscil_dcop_23,116,426,wrap_python_newdist,0.6181,,,,,0.0059,0.1737419505574701,0.2232133842691427,0.1489874361291644,0.91086781332735,0.614227642276423,60.640592,results/suitesparse_normalized_wrap_python_newdist_comparison.csv,
1135,Sandia,oscil_dcop_24,117,426,wrap_python_newdist,0.617,,,,,0.0058,0.1737419505574701,0.2232133842691427,0.1489874361291644,0.91086781332735,0.614227642276423,60.640592,results/suitesparse_normalized_wrap_python_newdist_comparison.csv,
1136,Sandia,oscil_dcop_25,118,426,wrap_python_newdist,0.6171,,,,,0.0059,0.1737419505574701,0.2232133842691427,0.1489874361291644,0.91086781332735,0.614227642276423,60.640592,results/suitesparse_normalized_wrap_python_newdist_comparison.csv,
1137,Sandia,oscil_dcop_26,119,426,wrap_python_newdist,0.6171,,,,,0.0059,0.1737419505574701,0.2232133842691427,0.1489874361291644,0.91086781332735,0.614227642276423,60.640592,results/suitesparse_normalized_wrap_python_newdist_comparison.csv,
1138,Sandia,oscil_dcop_27,120,426,wrap_python_newdist,0.6179,,,,,0.0059,0.1737419505574701,0.2232133842691427,0.1489874361291644,0.91086781332735,0.614227642276423,60.640592,results/suitesparse_normalized_wrap_python_newdist_comparison.csv,
1139,Sandia,oscil_dcop_28,121,426,wrap_python_newdist,0.6175,,,,,0.0059,0.1737419505574701,0.2232133842691427,0.1489874361291644,0.91086781332735,0.614227642276423,60.640592,results/suitesparse_normalized_wrap_python_newdist_comparison.csv,
1140,Sandia,oscil_dcop_29,122,426,wrap_python_newdist,0.6173,,,,,0.0059,0.1737419505574701,0.2232133842691427,0.1489874361291644,0.91086781332735,0.614227642276423,60.640592,results/suitesparse_normalized_wrap_python_newdist_comparison.csv,
1141,Sandia,oscil_dcop_30,123,426,wrap_python_newdist,0.6189,,,,,0.0058,0.1737419505574701,0.2232133842691427,0.1489874361291644,0.91086781332735,0.614227642276423,60.640592,results/suitesparse_normalized_wrap_python_newdist_comparison.csv,
1142,Sandia,oscil_dcop_31,124,426,wrap_python_newdist,0.6165,,,,,0.0058,0.1737419505574701,0.2232133842691427,0.1489874361291644,0.91086781332735,0.614227642276423,60.640592,results/suitesparse_normalized_wrap_python_newdist_comparison.csv,
1143,Sandia,oscil_dcop_32,125,426,wrap_python_newdist,0.6171,,,,,0.0059,0.1737419505574701,0.2232133842691427,0.1489874361291644,0.91086781332735,0.614227642276423,60.640592,results/suitesparse_normalized_wrap_python_newdist_comparison.csv,
1144,Sandia,oscil_dcop_33,126,426,wrap_python_newdist,0.6179,,,,,0.0059,0.1737419505574701,0.2232133842691427,0.1489874361291644,0.91086781332735,0.614227642276423,60.640592,results/suitesparse_normalized_wrap_python_newdist_comparison.csv,
1145,Sandia,oscil_dcop_34,127,426,wrap_python_newdist,0.616,,,,,0.0059,0.1737419505574701,0.2232133842691427,0.1489874361291644,0.91086781332735,0.614227642276423,60.640592,results/suitesparse_normalized_wrap_python_newdist_comparison.csv,
1146,Sandia,oscil_dcop_35,128,426,wrap_python_newdist,0.6169,,,,,0.0058,0.1737419505574701,0.2232133842691427,0.1489874361291644,0.91086781332735,0.614227642276423,60.640592,results/suitesparse_normalized_wrap_python_newdist_comparison.csv,
1147,Sandia,oscil_dcop_36,129,426,wrap_python_newdist,0.6169,,,,,0.006,0.1737419505574701,0.2232133842691427,0.1489874361291644,0.91086781332735,0.614227642276423,60.640592,results/suitesparse_normalized_wrap_python_newdist_comparison.csv,
1148,Sandia,oscil_dcop_37,130,426,wrap_python_newdist,0.618,,,,,0.0058,0.1737419505574701,0.2232133842691427,0.1489874361291644,0.91086781332735,0.614227642276423,60.640592,results/suitesparse_normalized_wrap_python_newdist_comparison.csv,
1149,Sandia,oscil_dcop_38,131,426,wrap_python_newdist,0.6165,,,,,0.0058,0.1737419505574701,0.2232133842691427,0.1489874361291644,0.91086781332735,0.614227642276423,60.640592,results/suitesparse_normalized_wrap_python_newdist_comparison.csv,
1150,Sandia,oscil_dcop_39,132,426,wrap_python_newdist,0.6155,,,,,0.0058,0.1737419505574701,0.2232133842691427,0.1489874361291644,0.91086781332735,0.614227642276423,60.640592,results/suitesparse_normalized_wrap_python_newdist_comparison.csv,
1151,Sandia,oscil_dcop_40,133,426,wrap_python_newdist,0.6171,,,,,0.0058,0.1737419505574701,0.2232133842691427,0.1489874361291644,0.91086781332735,0.614227642276423,60.640592,results/suitesparse_normalized_wrap_python_newdist_comparison.csv,
1152,Sandia,oscil_dcop_41,134,426,wrap_python_newdist,0.6174,,,,,0.0058,0.1737419505574701,0.2232133842691427,0.1489874361291644,0.91086781332735,0.614227642276423,60.640592,results/suitesparse_normalized_wrap_python_newdist_comparison.csv,
1153,Sandia,oscil_dcop_42,135,426,wrap_python_newdist,0.6164,,,,,0.0058,0.1737419505574701,0.2232133842691427,0.1489874361291644,0.91086781332735,0.614227642276423,60.640592,results/suitesparse_normalized_wrap_python_newdist_comparison.csv,
1154,Sandia,oscil_dcop_43,136,426,wrap_python_newdist,0.6171,,,,,0.0059,0.1737419505574701,0.2232133842691427,0.1489874361291644,0.91086781332735,0.614227642276423,60.640592,results/suitesparse_normalized_wrap_python_newdist_comparison.csv,
1155,Sandia,oscil_dcop_44,137,426,wrap_python_newdist,0.6177,,,,,0.0059,0.1737419505574701,0.2232133842691427,0.1489874361291644,0.91086781332735,0.614227642276423,60.640592,results/suitesparse_normalized_wrap_python_newdist_comparison.csv,
1156,Sandia,oscil_dcop_45,138,426,wrap_python_newdist,0.619,,,,,0.0058,0.1737419505574701,0.2232133842691427,0.1489874361291644,0.91086781332735,0.614227642276423,60.640592,results/suitesparse_normalized_wrap_python_newdist_comparison.csv,
1157,Sandia,oscil_dcop_46,139,426,wrap_python_newdist,0.6152,,,,,0.0058,0.1737419505574701,0.2232133842691427,0.1489874361291644,0.91086781332735,0.614227642276423,60.640592,results/suitesparse_normalized_wrap_python_newdist_comparison.csv,
1158,Sandia,oscil_dcop_47,140,426,wrap_python_newdist,0.6171,,,,,0.0058,0.1737419505574701,0.2232133842691427,0.1489874361291644,0.91086781332735,0.614227642276423,60.640592,results/suitesparse_normalized_wrap_python_newdist_comparison.csv,
1159,Sandia,oscil_dcop_48,141,426,wrap_python_newdist,0.6179,,,,,0.0058,0.1737419505574701,0.2232133842691427,0.1489874361291644,0.91086781332735,0.614227642276423,60.640592,results/suitesparse_normalized_wrap_python_newdist_comparison.csv,
1160,Sandia,oscil_dcop_49,142,426,wrap_python_newdist,0.6179,,,,,0.0058,0.1737419505574701,0.2232133842691427,0.1489874361291644,0.91086781332735,0.614227642276423,60.640592,results/suitesparse_normalized_wrap_python_newdist_comparison.csv,
1161,Sandia,oscil_dcop_50,143,426,wrap_python_newdist,0.6164,,,,,0.0059,0.1737419505574701,0.2232133842691427,0.1489874361291644,0.91086781332735,0.614227642276423,60.640592,results/suitesparse_normalized_wrap_python_newdist_comparison.csv,
1162,Sandia,oscil_dcop_51,144,426,wrap_python_newdist,0.6182,,,,,0.0058,0.1737419505574701,0.2232133842691427,0.1489874361291644,0.91086781332735,0.614227642276423,60.640592,results/suitesparse_normalized_wrap_python_newdist_comparison.csv,
1163,Sandia,oscil_dcop_52,145,426,wrap_python_newdist,0.6177,,,,,0.0058,0.1737419505574701,0.2232133842691427,0.1489874361291644,0.91086781332735,0.614227642276423,60.640592,results/suitesparse_normalized_wrap_python_newdist_comparison.csv,
1164,Sandia,oscil_dcop_53,146,426,wrap_python_newdist,0.6165,,,,,0.0059,0.1737419505574701,0.2232133842691427,0.1489874361291644,0.91086781332735,0.614227642276423,60.640592,results/suitesparse_normalized_wrap_python_newdist_comparison.csv,
1165,Sandia,oscil_dcop_54,147,426,wrap_python_newdist,0.6163,,,,,0.0058,0.1737419505574701,0.2232133842691427,0.1489874361291644,0.91086781332735,0.614227642276423,60.640592,results/suitesparse_normalized_wrap_python_newdist_comparison.csv,
1166,Sandia,oscil_dcop_55,148,426,wrap_python_newdist,0.6176,,,,,0.0058,0.1737419505574701,0.2232133842691427,0.1489874361291644,0.91086781332735,0.614227642276423,60.640592,results/suitesparse_normalized_wrap_python_newdist_comparison.csv,
1167,Sandia,oscil_dcop_56,149,426,wrap_python_newdist,0.6174,,,,,0.0058,0.1737419505574701,0.2232133842691427,0.1489874361291644,0.91086781332735,0.614227642276423,60.640592,results/suitesparse_normalized_wrap_python_newdist_comparison.csv,
1168,Sandia,oscil_dcop_57,150,426,wrap_python_newdist,0.6176,,,,,0.0058,0.1737419505574701,0.2232133842691427,0.1489874361291644,0.91086781332735,0.614227642276423,60.640592,results/suitesparse_normalized_wrap_python_newdist_comparison.csv,
1169,Sandia,oscil_trans_01,151,430,wrap_python_newdist,0.6328,,,,,0.006,0.1704074819982686,0.2201982097601376,0.1461495557363463,0.9087119816533346,0.6119315141787053,60.689455,results/suitesparse_normalized_wrap_python_newdist_comparison.csv,
1189,Rajat,rajat05,152,301,wrap_python_newdist,0.3105,,,,,0.0058,0.254591041383451,0.2739871273486117,0.1967009742774164,0.749345225591187,0.3314925412751499,14.996714,results/suitesparse_normalized_wrap_python_newdist_comparison.csv,
1195,Rajat,rajat11,153,135,wrap_python_newdist,0.0613,,,,,0.0014,0.2495297049252564,0.2609835021254997,0.1974117782500521,0.7824436396844281,0.6923042549301727,15.1178,results/suitesparse_normalized_wrap_python_newdist_comparison.csv,
1198,Rajat,rajat14,154,180,wrap_python_newdist,0.1119,,,,,0.0023,0.3433436531185097,0.34899449057942,0.2677743933588103,0.3088194788527787,0.8850065108413805,5.078509,results/suitesparse_normalized_wrap_python_newdist_comparison.csv,
1325,Morandini,robot,155,111,wrap_python_newdist,0.0478,,,,,0.0012,0.1773801188111241,0.2311432554915582,0.1435642729976378,0.94131801845435,0.8677284753939031,9.326194,results/suitesparse_normalized_wrap_python_newdist_comparison.csv,
1477,Pajek,GD01_a,156,249,wrap_python_newdist,0.2169,,,,,0.005,0.2903608734126598,0.3170428840157854,0.2307949638764694,0.734411241414379,0.3381420328549323,12.36902,results/suitesparse_normalized_wrap_python_newdist_comparison.csv,
1484,Pajek,GD06_theory,157,101,wrap_python_newdist,0.0335,,,,,0.0007,0.3287253007168368,0.3976880058778657,0.2719248120230756,0.4666351207035401,0.4572373338430596,7.479773,results/suitesparse_normalized_wrap_python_newdist_comparison.csv,
1489,Pajek,GD96_b,158,111,wrap_python_newdist,0.0407,,,,,0.0007,0.157433382873784,0.2473517617141941,0.1325898181722923,0.9598865071995312,0.8703513765059108,19.507926,results/suitesparse_normalized_wrap_python_newdist_comparison.csv,
1491,Pajek,GD96_d,159,180,wrap_python_newdist,0.1061,,,,,0.0017,0.3017289067603035,0.3244571451055471,0.2448569575560057,0.633246060036104,0.3824852457298386,10.999747,results/suitesparse_normalized_wrap_python_newdist_comparison.csv,
1496,Pajek,GD98_b,160,121,wrap_python_newdist,0.0474,,,,,0.0007,0.2619701389219942,0.2578967792089265,0.2047224968427677,0.7695534492257288,0.4696116250106963,15.298828,results/suitesparse_normalized_wrap_python_newdist_comparison.csv,
1497,Pajek,GD98_c,161,112,wrap_python_newdist,0.0412,,,,,0.001,0.3208342735245585,0.3512889935425304,0.2550448788284847,0.3995146409014557,0.2088485207602853,10.714505,results/suitesparse_normalized_wrap_python_newdist_comparison.csv,
1499,Pajek,GD99_c,162,105,wrap_python_newdist,0.0362,,,,,0.001,0.229975977887787,0.2300190623589205,0.1817462095304401,0.8588195586139135,0.5849827868210222,21.051862,results/suitesparse_normalized_wrap_python_newdist_comparison.csv,
1506,Pajek,Journals,163,124,wrap_python_newdist,0.1287,,,,,0.0061,0.44105771182739,0.4548135453822409,0.3667982413147629,0.3603310969997756,1.0,5.125398,results/suitesparse_normalized_wrap_python_newdist_comparison.csv,
1523,Pajek,SmallW,164,233,wrap_python_newdist,0.1956,,,,,0.0045,0.3098854690505577,0.3397363195287264,0.2530302413468384,0.5851154850610972,0.7572032838687052,5.781713,results/suitesparse_normalized_wrap_python_newdist_comparison.csv,
1529,Pajek,USAir97,165,332,wrap_python_newdist,0.4449,,,,,0.0096,0.3148919352194707,0.3344603901305102,0.2513522522037624,0.6494707129529232,0.5278857109000961,7.340225,results/suitesparse_normalized_wrap_python_newdist_comparison.csv,
1630,Bai,rdb200,166,200,wrap_python_newdist,0.1363,,,,,0.0018,0.1295299780187701,0.1777066989111641,0.1064536252665366,0.9567081818952275,0.6723528693528693,21.498654,results/suitesparse_normalized_wrap_python_newdist_comparison.csv,
1631,Bai,rdb200l,167,200,wrap_python_newdist,0.1363,,,,,0.0018,0.1295299780187701,0.1777066989111641,0.1064536252665366,0.9567081818952275,0.6723528693528693,21.498654,results/suitesparse_normalized_wrap_python_newdist_comparison.csv,
1864,Muite,Chebyshev1,168,261,wrap_python_newdist,0.2515,,,,,0.0038,0.3389779440999249,0.3403606877100453,0.2664829560626814,0.1520028511660233,1.0,4.587234,results/suitesparse_normalized_wrap_python_newdist_comparison.csv,
1942,JGD_CAG,CAG_mat364,169,364,wrap_python_newdist,0.9659,,,,,0.0268,0.2592471252647215,0.3143679872477572,0.2185925794050438,0.7995275961649803,0.8613784687847971,7.877329,results/suitesparse_normalized_wrap_python_newdist_comparison.csv,
2097,JGD_Homology,n3c6-b1,170,105,wrap_python_newdist,0.0363,,,,,0.0007,0.3151070247290544,0.3753789706571687,0.2595509013687199,0.479222479034541,0.4140713110115341,7.34067,results/suitesparse_normalized_wrap_python_newdist_comparison.csv,
2205,JGD_Trefethen,Trefethen_150,171,150,wrap_python_newdist,0.087,,,,,0.0021,0.2873393035205132,0.3667084781012162,0.2385949697627128,0.6072283032461495,0.5262832408719025,6.412774,results/suitesparse_normalized_wrap_python_newdist_comparison.csv,
2206,JGD_Trefethen,Trefethen_200b,172,199,wrap_python_newdist,0.1558,,,,,0.0034,0.2746128605362354,0.3544428645222816,0.2292913772066139,0.6287809103850258,0.5095566235776434,6.700957,results/suitesparse_normalized_wrap_python_newdist_comparison.csv,
2207,JGD_Trefethen,Trefethen_200,173,200,wrap_python_newdist,0.1572,,,,,0.0036,0.280218017869245,0.3533957464940351,0.2317815312238793,0.6095413509066109,0.4796858934544951,6.693225,results/suitesparse_normalized_wrap_python_newdist_comparison.csv,
2208,JGD_Trefethen,Trefethen_300,174,300,wrap_python_newdist,0.3698,,,,,0.0076,0.2781235139276696,0.346998767637696,0.23158456350136,0.6167356822688365,0.4345012352574284,7.210588,results/suitesparse_normalized_wrap_python_newdist_comparison.csv,
2389,Newman,adjnoun,175,112,wrap_python_newdist,0.0451,,,,,0.0013,0.3430473950006038,0.3715563903224076,0.2758666073199931,0.4873160263465519,0.5049711170846521,6.556871,results/suitesparse_normalized_wrap_python_newdist_comparison.csv,
2392,Newman,celegansneural,176,297,wrap_python_newdist,0.3635,,,,,0.0087,0.3194473088133175,0.3589097929998315,0.2608665297413801,0.5706898005319176,0.6582775589665263,6.177819,results/suitesparse_normalized_wrap_python_newdist_comparison.csv,
2397,Newman,football,177,115,wrap_python_newdist,0.0492,,,,,0.0015,0.2780155983698577,0.3183070731346645,0.226352938211725,0.5953115982292161,0.566192337763394,6.095324,results/suitesparse_normalized_wrap_python_newdist_comparison.csv,
2403,Newman,polbooks,178,105,wrap_python_newdist,0.0407,,,,,0.0012,0.2125795954639753,0.2656464142557591,0.1748652053102172,0.8811755822012751,0.7448652924032321,8.416123,results/suitesparse_normalized_wrap_python_newdist_comparison.csv,
2406,Arenas,jazz,179,198,wrap_python_newdist,0.1993,,,,,0.0058,0.2742964747985112,0.3156103001118284,0.2251822846019227,0.7758260704088201,0.8067934259845159,7.069738,results/suitesparse_normalized_wrap_python_newdist_comparison.csv,
2416,AG-Monien,grid1,180,252,wrap_python_newdist,0.2155,,,,,0.0036,0.1132242193015091,0.1468168871259212,0.0830771268030279,0.9704744387986004,0.8519603174603172,28.371758,results/suitesparse_normalized_wrap_python_newdist_comparison.csv,
2417,AG-Monien,grid1_dual,181,224,wrap_python_newdist,0.1693,,,,,0.0029,0.1090715761838537,0.152857962385983,0.0825125917719164,0.9711944422926966,0.8451501831501831,27.477905,results/suitesparse_normalized_wrap_python_newdist_comparison.csv,
2436,AG-Monien,cage,182,366,wrap_python_newdist,0.5251,,,,,0.01,0.3905006416805265,0.4287389912635457,0.3198265533360202,0.0680753165793313,0.3922619322122074,5.585538,results/suitesparse_normalized_wrap_python_newdist_comparison.csv,
2559,CPM,cz148,183,148,wrap_python_newdist,0.0874,,,,,0.0023,0.131683059340894,0.1961748827947632,0.110465017270445,0.9592873068392682,0.9250836275001546,9.891572,results/suitesparse_normalized_wrap_python_newdist_comparison.csv,
2560,CPM,cz308,184,308,wrap_python_newdist,0.3924,,,,,0.0082,0.1178419827426285,0.1849855494171126,0.1084529483812238,0.9764877746479615,0.9157458166524995,19.305284,results/suitesparse_normalized_wrap_python_newdist_comparison.csv,
2691,VDOL,hangGlider_1,185,360,wrap_python_newdist,0.4827,,,,,0.006,0.3637512029944678,0.3755578504024661,0.2863122247995509,0.3080882560836188,0.7865369958867224,5.181952,results/suitesparse_normalized_wrap_python_newdist_comparison.csv,
2718,VDOL,orbitRaising_1,186,440,wrap_python_newdist,0.695,,,,,0.0098,0.167504573208134,0.1960253466218492,0.1207848939796936,0.97368652114649,0.5484868159930738,25.344708,results/suitesparse_normalized_wrap_python_newdist_comparison.csv,
2735,VDOL,spaceStation_2,187,325,wrap_python_newdist,0.4586,,,,,0.0081,0.3300333598862024,0.3591150939493885,0.2570973473668065,0.6203089539886216,0.5611050693779859,7.194553,results/suitesparse_normalized_wrap_python_newdist_comparison.csv,
2748,VDOL,tumorAntiAngiogenesis_1,188,205,wrap_python_newdist,0.1519,,,,,0.0023,0.3447590016989973,0.3585782453925819,0.2606378106937843,0.1867560074343917,0.9254942555873704,4.826118,results/suitesparse_normalized_wrap_python_newdist_comparison.csv,
2749,VDOL,tumorAntiAngiogenesis_2,189,305,wrap_python_newdist,0.3411,,,,,0.0044,0.3419988004647527,0.3411660689518757,0.2545983264164688,0.1311963001337187,0.9608696044482476,4.827688,results/suitesparse_normalized_wrap_python_newdist_comparison.csv,
2750,VDOL,tumorAntiAngiogenesis_3,190,410,wrap_python_newdist,0.6286,,,,,0.0081,0.3552644305217512,0.3710599319457813,0.2704882072286702,0.1088491937878852,1.0,4.663285,results/suitesparse_normalized_wrap_python_newdist_comparison.csv,
2764,Mycielski,mycielskian8,191,191,wrap_python_newdist,0.1619,,,,,0.0037,0.3571031147264734,0.3834812995835824,0.2813561995824264,0.1741333143910111,1.0,4.365477,results/suitesparse_normalized_wrap_python_newdist_comparison.csv,
2765,Mycielski,mycielskian9,192,383,wrap_python_newdist,0.7873,,,,,0.0177,0.3567100593307932,0.3921128515183329,0.2816847902533276,0.130591196260942,1.0,4.377704,results/suitesparse_normalized_wrap_python_newdist_comparison.csv,
2858,ML_Graph,breasttissue_10NN,193,106,wrap_python_newdist,0.0437,,,,,0.0015,0.2586164451398376,0.312294196726926,0.2135139659633445,0.6685936646457433,0.6973600965333158,5.64725,results/suitesparse_normalized_wrap_python_newdist_comparison.csv,
2866,ML_Graph,dermatology_5NN,194,366,wrap_python_newdist,0.4857,,,,,0.0101,0.1750536670618772,0.170936425078761,0.1311146448949212,0.9362592421141428,0.83565873015873,26.755234,results/suitesparse_normalized_wrap_python_newdist_comparison.csv,
2867,ML_Graph,Ecoli_10NN,195,336,wrap_python_newdist,0.4581,,,,,0.0112,0.2123888450475929,0.2419730522153248,0.1698669055192579,0.8513294070689852,0.6992103528088249,11.048413,results/suitesparse_normalized_wrap_python_newdist_comparison.csv,
2869,ML_Graph,Glass_10NN,196,214,wrap_python_newdist,0.1831,,,,,0.0048,0.2088661928679326,0.2540536170568149,0.1692709970477633,0.8113656079462108,0.6997731002068813,8.917068,results/suitesparse_normalized_wrap_python_newdist_comparison.csv,
2872,ML_Graph,iris_dataset_30NN,197,150,wrap_python_newdist,0.1218,,,,,0.0037,0.1551802154384232,0.2363274909677357,0.1379744815015256,0.9597510029902586,0.9543183515352184,8.498732,results/suitesparse_normalized_wrap_python_newdist_comparison.csv,
2879,ML_Graph,Olivetti_norm_10NN,198,400,wrap_python_newdist,0.6679,,,,,0.0158,0.2674542994947527,0.3113786304320824,0.2163841859113737,0.7297857933783346,0.5282110283583095,8.33345,results/suitesparse_normalized_wrap_python_newdist_comparison.csv,
2890,ML_Graph,YaleA_10NN,199,165,wrap_python_newdist,0.1088,,,,,0.003,0.2781363858787516,0.3226108001329909,0.2269402660807106,0.6176225223993024,0.5305196120624456,6.791009,results/suitesparse_normalized_wrap_python_newdist_comparison.csv,
6,HB,arc130,0,130,wrap_python,0.38,,,,,0.0023,0.3544324698639304,0.3625121979847494,0.2713439657766944,0.2716552225737151,0.949011536838432,4.989199,results/suitesparse_normalized_wrap_python_comparison.csv,
8,HB,ash292,1,292,wrap_python,0.586,,,,,0.007,0.1585621147766943,0.1219288175935095,0.0932651576920743,0.9849065625323024,0.939405261405261,26.97248,results/suitesparse_normalized_wrap_python_comparison.csv,
15,HB,bcspwr03,2,118,wrap_python,0.0901,,,,,0.0013,0.2575332513513164,0.2543472519342244,0.1972157743469093,0.8295752120788525,0.5778687973832006,17.1573,results/suitesparse_normalized_wrap_python_comparison.csv,
16,HB,bcspwr04,3,274,wrap_python,0.5154,,,,,0.0066,0.1926682825490702,0.2104643271406565,0.1456942904670158,0.9338577109055568,0.5866653814022237,21.227272,results/suitesparse_normalized_wrap_python_comparison.csv,
26,HB,bcsstk04,4,132,wrap_python,0.1533,,,,,0.0035,0.3390921540656735,0.3482713046475055,0.26171484549678,0.7079419530446286,0.8406430668872923,6.812884,results/suitesparse_normalized_wrap_python_comparison.csv,
27,HB,bcsstk05,5,153,wrap_python,0.1808,,,,,0.0027,0.3081212453321011,0.2895888807491674,0.2195169317939866,0.8962992259882208,0.7767484858973122,14.997742,results/suitesparse_normalized_wrap_python_comparison.csv,
28,HB,bcsstk06,6,420,wrap_python,1.4526,,,,,0.0203,0.1397451056719744,0.1763114005562182,0.1010927527764663,0.968415285602248,0.8618451021242107,18.172482,results/suitesparse_normalized_wrap_python_comparison.csv,
29,HB,bcsstk07,7,420,wrap_python,1.4525,,,,,0.0201,0.1397451056719744,0.1763114005562182,0.1010927527764663,0.968415285602248,0.8618451021242107,18.172482,results/suitesparse_normalized_wrap_python_comparison.csv,
44,HB,bcsstk22,8,110,wrap_python,0.0801,,,,,0.0013,0.2500771692913426,0.224705230660167,0.178735167104932,0.8264236998037469,0.8410938522262047,19.2778,results/suitesparse_normalized_wrap_python_comparison.csv,
62,HB,bcsstm07,9,420,wrap_python,1.4267,,,,,0.019,0.141099165981973,0.1748429896660366,0.1005926414482281,0.9681618828075864,0.859637046767414,18.088075,results/suitesparse_normalized_wrap_python_comparison.csv,
93,HB,can_144,10,144,wrap_python,0.1443,,,,,0.0016,0.3914206832063077,0.353412497602327,0.3118898338339039,0.5753169343898952,0.8512508268716371,18.524728,results/suitesparse_normalized_wrap_python_comparison.csv,
94,HB,can_161,11,161,wrap_python,0.1793,,,,,0.0024,0.2179203680150309,0.2455349054270945,0.1692989303336359,0.8131974251516206,0.7461066223078606,12.832776,results/suitesparse_normalized_wrap_python_comparison.csv,
95,HB,can_187,12,187,wrap_python,0.2441,,,,,0.0026,0.3300274202160806,0.323238336610157,0.259010121489992,0.713810678237974,0.8493100184129593,22.62591,results/suitesparse_normalized_wrap_python_comparison.csv,
96,HB,can_229,13,229,wrap_python,0.3629,,,,,0.0045,0.2318714205521368,0.269425837553337,0.1770919545074048,0.8389718962628768,0.5856417020372128,14.673834,results/suitesparse_normalized_wrap_python_comparison.csv,
98,HB,can_256,14,256,wrap_python,0.4734,,,,,0.007,0.2732590342709832,0.2946021877349372,0.2157841252242141,0.6790575487731572,0.644652270016598,7.797221,results/suitesparse_normalized_wrap_python_comparison.csv,
99,HB,can_268,15,268,wrap_python,0.5213,,,,,0.0075,0.2337941182302903,0.2590865860723135,0.1793062414151792,0.7580292739975882,0.6817497043763815,8.388635,results/suitesparse_normalized_wrap_python_comparison.csv,
100,HB,can_292,16,292,wrap_python,0.5976,,,,,0.0081,0.2835659416425081,0.2669342219785068,0.206187636699478,0.7644837656640988,0.6258767266367748,12.478799,results/suitesparse_normalized_wrap_python_comparison.csv,
113,HB,dwt_162,17,162,wrap_python,0.1788,,,,,0.002,0.1358636628507979,0.1336434415500441,0.0930539514324065,0.9707869456632244,0.9036483516483512,24.75219,results/suitesparse_normalized_wrap_python_comparison.csv,
114,HB,dwt_193,18,193,wrap_python,0.2962,,,,,0.005,0.3388181106782224,0.311648742133266,0.2456977923890122,0.7004498374169733,0.6390312281339295,9.316966,results/suitesparse_normalized_wrap_python_comparison.csv,
116,HB,dwt_209,19,209,wrap_python,0.3025,,,,,0.0044,0.2467637443721032,0.2536637490305102,0.1890039685567,0.8711748912949848,0.573050544021823,14.221137,results/suitesparse_normalized_wrap_python_comparison.csv,
117,HB,dwt_221,20,221,wrap_python,0.3315,,,,,0.004,0.1346805159292276,0.1432939722975123,0.0956497367043783,0.9874330179234192,0.8176566787185982,29.143966,results/suitesparse_normalized_wrap_python_comparison.csv,
118,HB,dwt_234,21,117,wrap_python,0.0893,,,,,0.0013,0.2274284621581602,0.2441221803472605,0.1737784127482673,0.8803317504942628,0.4607993878326695,16.185523,results/suitesparse_normalized_wrap_python_comparison.csv,
119,HB,dwt_245,22,245,wrap_python,0.3978,,,,,0.0051,0.2152706125522867,0.223083438436011,0.1648510687276782,0.8797231469432475,0.5858998790526345,18.610829,results/suitesparse_normalized_wrap_python_comparison.csv,
121,HB,dwt_307,23,307,wrap_python,0.6661,,,,,0.0077,0.257117102024522,0.2421909280910723,0.181802594213181,0.7367412132007304,0.7939221107670301,17.830798,results/suitesparse_normalized_wrap_python_comparison.csv,
122,HB,dwt_310,24,310,wrap_python,0.6586,,,,,0.0057,0.1100524296537196,0.1096046584189386,0.0724191936301759,0.9947217465232332,0.9401123321123318,42.548777,results/suitesparse_normalized_wrap_python_comparison.csv,
123,HB,dwt_346,25,340,wrap_python,0.824,,,,,0.0107,0.1642736925004204,0.2047888382154117,0.128805044101462,0.9531152049356866,0.6079539484759066,16.747238,results/suitesparse_normalized_wrap_python_comparison.csv,
124,HB,dwt_361,26,361,wrap_python,0.907,,,,,0.0089,0.1272552466985138,0.1278223232287653,0.0829261917580454,0.98492955553715,0.964095238095238,33.079265,results/suitesparse_normalized_wrap_python_comparison.csv,
125,HB,dwt_419,27,419,wrap_python,1.2415,,,,,0.0155,0.2277557909128534,0.203031459783979,0.1624455278680757,0.8833021079871344,0.7976392496392496,25.679386,results/suitesparse_normalized_wrap_python_comparison.csv,
141,HB,fs_183_1,28,183,wrap_python,0.2308,,,,,0.0035,0.3330872124040547,0.355565646436059,0.2655032220791172,0.5883398950713902,0.7269113186145022,6.362362,results/suitesparse_normalized_wrap_python_comparison.csv,
142,HB,fs_183_3,29,183,wrap_python,0.2294,,,,,0.0038,0.3465501748850236,0.3687222352979664,0.2819688496274368,0.5361241516799171,0.7022255338326134,6.388742,results/suitesparse_normalized_wrap_python_comparison.csv,
143,HB,fs_183_4,30,183,wrap_python,0.2297,,,,,0.0034,0.3465501748850236,0.3687222352979664,0.2819688496274368,0.5361241516799171,0.7022255338326134,6.388742,results/suitesparse_normalized_wrap_python_comparison.csv,
144,HB,fs_183_6,31,183,wrap_python,0.2273,,,,,0.0032,0.3388811543127978,0.358212151910774,0.271396503027436,0.5687058211732288,0.7124050834705722,6.34792,results/suitesparse_normalized_wrap_python_comparison.csv,
158,HB,gent113,32,104,wrap_python,0.0787,,,,,0.0015,0.294431461499949,0.3226707359771685,0.2315368263611389,0.6990201114198645,0.5901938307882594,7.706067,results/suitesparse_normalized_wrap_python_comparison.csv,
161,HB,gre_115,33,115,wrap_python,0.0891,,,,,0.0016,0.2802303218758059,0.3461880544605526,0.2276039582021481,0.6609081404532946,0.395918720953076,10.333266,results/suitesparse_normalized_wrap_python_comparison.csv,
162,HB,gre_185,34,185,wrap_python,0.2342,,,,,0.0033,0.1299698878482095,0.1768954138537115,0.1053032689204864,0.9652882623143376,0.8040974335344437,15.724061,results/suitesparse_normalized_wrap_python_comparison.csv,
163,HB,gre_216a,35,216,wrap_python,0.3132,,,,,0.0039,0.1633020353511195,0.2219984294499478,0.1212125395482204,0.9163455664956408,0.5282237531093368,21.7009,results/suitesparse_normalized_wrap_python_comparison.csv,
164,HB,gre_216b,36,216,wrap_python,0.3122,,,,,0.004,0.1633020353511195,0.2219984294499478,0.1212125395482204,0.9163455664956408,0.5282237531093368,21.7009,results/suitesparse_normalized_wrap_python_comparison.csv,
165,HB,gre_343,37,343,wrap_python,0.803,,,,,0.0096,0.1861767590973582,0.2329579588837763,0.1331836832774415,0.8881785956231785,0.4458102745208008,25.628382,results/suitesparse_normalized_wrap_python_comparison.csv,
167,HB,hor_131,38,434,wrap_python,1.1095,,,,,0.0195,0.2762871774259626,0.2819320513438161,0.2026855012204836,0.6965044290051353,0.5405937674334164,13.858529,results/suitesparse_normalized_wrap_python_comparison.csv,
171,HB,impcol_a,39,206,wrap_python,0.1974,,,,,0.0042,0.2867328687975835,0.3019201659018334,0.2149779627300591,0.8256211546914424,0.4224526060858375,12.872047,results/suitesparse_normalized_wrap_python_comparison.csv,
173,HB,impcol_c,40,137,wrap_python,0.0877,,,,,0.0019,0.306348286450083,0.3401197131400009,0.2483200243533349,0.6084166284624081,0.4179971387538394,9.084509,results/suitesparse_normalized_wrap_python_comparison.csv,
174,HB,impcol_d,41,425,wrap_python,0.871,,,,,0.0154,0.3263792159134563,0.310680521249685,0.2432859186034446,0.6505148556858568,0.4307477534609537,18.498368,results/suitesparse_normalized_wrap_python_comparison.csv,
175,HB,impcol_e,42,225,wrap_python,0.3417,,,,,0.0052,0.2688581138537833,0.2944794494410394,0.2090101795192619,0.8373239529666957,0.5762099045490049,10.552185,results/suitesparse_normalized_wrap_python_comparison.csv,
188,HB,lns_131,43,102,wrap_python,0.0478,,,,,0.0016,0.1879462710033163,0.2281413225889397,0.1465925652922153,0.8904523126854651,0.5885734419170147,11.643976,results/suitesparse_normalized_wrap_python_comparison.csv,
192,HB,lnsp_131,44,102,wrap_python,0.0483,,,,,0.0012,0.1912028235516965,0.23210079199206,0.1489743656968809,0.8860525838260614,0.578101933573268,11.686977,results/suitesparse_normalized_wrap_python_comparison.csv,
202,HB,lshp_265,45,265,wrap_python,0.3283,,,,,0.0055,0.1266200249540064,0.1063798394903742,0.077071423112987,0.981660468784784,0.9907539682539682,26.483077,results/suitesparse_normalized_wrap_python_comparison.csv,
203,HB,lshp_406,46,406,wrap_python,0.7923,,,,,0.0127,0.1264626657535364,0.103558434541301,0.0722871682436988,0.980652175206564,0.9795138888888888,32.538743,results/suitesparse_normalized_wrap_python_comparison.csv,
206,HB,lund_a,47,147,wrap_python,0.1169,,,,,0.0025,0.0731825521634329,0.1225202426348185,0.0521198816151403,0.9880792693048296,1.0,14.414305,results/suitesparse_normalized_wrap_python_comparison.csv,
207,HB,lund_b,48,147,wrap_python,0.117,,,,,0.0025,0.1791867427524175,0.1500730623410325,0.0871289319207752,0.9775554410535776,1.0,14.840604,results/suitesparse_normalized_wrap_python_comparison.csv,
212,HB,mcca,49,168,wrap_python,0.1612,,,,,0.004,0.1891579457524294,0.2453060218628633,0.1554039269219533,0.9156385481231932,0.7418326821702759,12.093226,results/suitesparse_normalized_wrap_python_comparison.csv,
215,HB,nnc261,50,261,wrap_python,0.3198,,,,,0.005,0.2037264967435092,0.2004093480432996,0.1453854266205787,0.9215925827312904,0.6509219700148493,18.070527,results/suitesparse_normalized_wrap_python_comparison.csv,
217,HB,nos1,51,158,wrap_python,0.1106,,,,,0.001,0.1557968863945468,0.1266686647457225,0.1144109928291966,0.9914536805224518,1.0,86.836564,results/suitesparse_normalized_wrap_python_comparison.csv,
220,HB,nos4,52,100,wrap_python,0.0466,,,,,0.0015,0.2173438070837428,0.1954172442480528,0.1485640268198963,0.9302192010220536,0.7858273506205079,15.076885,results/suitesparse_normalized_wrap_python_comparison.csv,
229,HB,plat362,53,362,wrap_python,0.7123,,,,,0.0138,0.1565433854748261,0.1555742312668826,0.1080053541576441,0.956409961789738,0.9188485269460496,18.261814,results/suitesparse_normalized_wrap_python_comparison.csv,
239,HB,saylr1,54,238,wrap_python,0.2568,,,,,0.0039,0.1197081452742972,0.1400251929983529,0.090724823350601,0.9754062928165416,1.0,32.366132,results/suitesparse_normalized_wrap_python_comparison.csv,
251,HB,steam1,55,240,wrap_python,0.3017,,,,,0.0059,0.2791688057827042,0.3184071730496021,0.2177860337836451,0.7563383309239138,0.5274803629147055,12.523202,results/suitesparse_normalized_wrap_python_comparison.csv,
254,HB,str_0,56,363,wrap_python,0.7066,,,,,0.0153,0.3398163948100749,0.3601490472551746,0.2676665844871447,0.4280202988695972,0.2985329247221947,7.61938,results/suitesparse_normalized_wrap_python_comparison.csv,
255,HB,str_200,57,363,wrap_python,0.7378,,,,,0.0167,0.3377397955303024,0.3627128379355209,0.2681156845961407,0.4760220949021497,0.3514764822443864,7.228768,results/suitesparse_normalized_wrap_python_comparison.csv,
256,HB,str_400,58,363,wrap_python,0.7423,,,,,0.0169,0.3546917930262329,0.3662379928128581,0.2787573887228373,0.3600653077760932,0.3637026649173154,6.83976,results/suitesparse_normalized_wrap_python_comparison.csv,
257,HB,str_600,59,363,wrap_python,0.7463,,,,,0.017,0.3410149640102346,0.3744001646610682,0.2783925409863948,0.5020493940605327,0.3832567251196381,7.303522,results/suitesparse_normalized_wrap_python_comparison.csv,
263,HB,west0132,60,132,wrap_python,0.0832,,,,,0.002,0.3271705222512515,0.3709405895979238,0.2670271914521354,0.7049116022333476,0.4671196941561693,10.865227,results/suitesparse_normalized_wrap_python_comparison.csv,
264,HB,west0156,61,156,wrap_python,0.1139,,,,,0.0026,0.3196376686313488,0.3589333105163557,0.2566597621774799,0.4634579549425343,0.2644939849986654,8.696964,results/suitesparse_normalized_wrap_python_comparison.csv,
265,HB,west0167,62,167,wrap_python,0.1319,,,,,0.0029,0.2743586825642576,0.318155318160153,0.2201234913947228,0.6756661009701483,0.4336306728802097,8.744301,results/suitesparse_normalized_wrap_python_comparison.csv,
266,HB,west0381,63,381,wrap_python,0.7412,,,,,0.0149,0.380329560453661,0.4098801925889852,0.3073460221895822,0.125977802379621,0.2411318834647165,6.338105,results/suitesparse_normalized_wrap_python_comparison.csv,
273,HB,will199,64,199,wrap_python,0.1892,,,,,0.0041,0.3585721786762673,0.3996453059489251,0.2912183272925631,0.2791622312306978,0.2314573555441949,7.248354,results/suitesparse_normalized_wrap_python_comparison.csv,
292,Bai,bfwa398,65,398,wrap_python,0.793,,,,,0.0141,0.2061945113215872,0.2132418171430134,0.1550399090630517,0.8924006260872624,0.7289817535666112,16.481286,results/suitesparse_normalized_wrap_python_comparison.csv,
295,Bai,bfwb398,66,209,wrap_python,0.2064,,,,,0.0038,0.1333738746226965,0.1798896027101338,0.1048106054099468,0.9667506276463728,0.6307973222369725,16.169609,results/suitesparse_normalized_wrap_python_comparison.csv,
298,Bai,bwm200,67,200,wrap_python,0.1776,,,,,0.0012,0.1349228354385236,0.0884306306123027,0.0790770985069952,0.9921710908794352,1.0,106.180246,results/suitesparse_normalized_wrap_python_comparison.csv,
307,Bai,ck400,68,200,wrap_python,0.1898,,,,,0.0018,0.2304141744990672,0.1940567692755405,0.1660208186098157,0.9154887258667088,0.9887777777777776,58.286978,results/suitesparse_normalized_wrap_python_comparison.csv,
313,Bai,lop163,69,163,wrap_python,0.1274,,,,,0.0021,0.1261697911421729,0.2103846521382136,0.0914527180848383,0.9782785653973004,0.5405413336704425,22.296848,results/suitesparse_normalized_wrap_python_comparison.csv,
314,Bai,mhda416,70,409,wrap_python,1.0438,,,,,0.018,0.1444028891997793,0.1600519933477576,0.0968319539576933,0.9917959506019944,0.948460514978956,27.512391,results/suitesparse_normalized_wrap_python_comparison.csv,
315,Bai,mhdb416,71,102,wrap_python,0.0504,,,,,0.0009,0.1928110524050647,0.1690687704092893,0.1461929380989714,0.9753489498302432,0.9754468864468864,28.980294,results/suitesparse_normalized_wrap_python_comparison.csv,
316,Bai,odepa400,72,400,wrap_python,0.6756,,,,,0.0033,0.6619071380477104,0.5429799859350805,0.5461675441622148,-0.0044651754174784,0.4951690821256038,295.831809,results/suitesparse_normalized_wrap_python_comparison.csv,
318,Bai,olm100,73,100,wrap_python,0.0452,,,,,0.0008,0.1519507691108061,0.1036248624477796,0.0916355173393985,0.9907101863213084,1.0,53.691436,results/suitesparse_normalized_wrap_python_comparison.csv,
323,Bai,pde225,74,225,wrap_python,0.2291,,,,,0.003,0.1091986413706748,0.1349315678783319,0.0877270432371224,0.9765849548200648,1.0,30.869277,results/suitesparse_normalized_wrap_python_comparison.csv,
327,Bai,qc324,75,324,wrap_python,1.0477,,,,,0.125,0.3827195064043781,0.3720962455758799,0.2852444419813996,0.5624663720932825,0.6501772603831221,5.479979,results/suitesparse_normalized_wrap_python_comparison.csv,
334,Bai,rw136,76,136,wrap_python,0.0868,,,,,0.0016,0.3088228232290192,0.2711793359473476,0.2214083469751689,0.8215953017251996,0.5815684670409534,18.283751,results/suitesparse_normalized_wrap_python_comparison.csv,
337,Bai,tub100,77,100,wrap_python,0.0442,,,,,0.0006,0.1628437856574343,0.115549900994935,0.1046542820033157,0.9870868403463328,1.0,54.721007,results/suitesparse_normalized_wrap_python_comparison.csv,
380,DRIVCAV,cavity01,78,290,wrap_python,0.4929,,,,,0.0103,0.293414246287162,0.2686279171061732,0.2122145054822302,0.7180591873047889,0.709606801852731,8.928498,results/suitesparse_normalized_wrap_python_comparison.csv,
381,DRIVCAV,cavity02,79,162,wrap_python,0.1546,,,,,0.0041,0.2909834716098597,0.2683192748002223,0.2098158510015709,0.7224657701329956,0.7480899759639411,6.796391,results/suitesparse_normalized_wrap_python_comparison.csv,
382,DRIVCAV,cavity03,80,290,wrap_python,0.4955,,,,,0.0102,0.3119156665808887,0.2759052636886267,0.2219052405296932,0.6836275762418365,0.6921387550845288,8.93371,results/suitesparse_normalized_wrap_python_comparison.csv,
383,DRIVCAV,cavity04,81,162,wrap_python,0.1548,,,,,0.0039,0.2909834716098597,0.2683192748002223,0.2098158510015709,0.7224657701329956,0.7480899759639411,6.796391,results/suitesparse_normalized_wrap_python_comparison.csv,
406,FIDAP,ex1,82,216,wrap_python,0.2636,,,,,0.0061,0.2910075952075328,0.2757742868222586,0.2092932690676845,0.7852667331156246,0.8219992967200738,7.833138,results/suitesparse_normalized_wrap_python_comparison.csv,
416,FIDAP,ex2,83,441,wrap_python,1.7374,,,,,0.0404,0.2366980249099311,0.2486456296089296,0.1798076037907089,0.8676157812204719,0.8410884712775464,7.696555,results/suitesparse_normalized_wrap_python_comparison.csv,
824,TOKAMAK,utm300,84,300,wrap_python,0.4781,,,,,0.0106,0.2280377120485169,0.2394559305218896,0.1709542514062767,0.8354541259910417,0.6435174987166659,10.421189,results/suitesparse_normalized_wrap_python_comparison.csv,
861,MathWorks,pivtol,85,102,wrap_python,0.0458,,,,,0.0005,0.6258487177856195,0.6642310376687989,0.530494724262375,-0.0289574803508468,0.3209999999999995,87.950645,results/suitesparse_normalized_wrap_python_comparison.csv,
875,Pothen,mesh2e1,86,306,wrap_python,0.4456,,,,,0.0078,0.296245912203582,0.2420242643434922,0.1999384953295747,0.681461964803191,0.780647747314414,20.470147,results/suitesparse_normalized_wrap_python_comparison.csv,
876,Pothen,mesh2em5,87,306,wrap_python,0.4425,,,,,0.0079,0.296245912203582,0.2420242643434922,0.1999384953295747,0.681461964803191,0.780647747314414,20.470147,results/suitesparse_normalized_wrap_python_comparison.csv,
877,Pothen,mesh3e1,88,289,wrap_python,0.3786,,,,,0.0049,0.1099147886602894,0.1328223264355134,0.0881289768574534,0.9767397728668984,1.0,35.158874,results/suitesparse_normalized_wrap_python_comparison.csv,
878,Pothen,mesh3em5,89,289,wrap_python,0.3795,,,,,0.0053,0.1099147886602894,0.1328223264355134,0.0881289768574534,0.9767397728668984,1.0,35.158874,results/suitesparse_normalized_wrap_python_comparison.csv,
884,Pothen,sphere3,90,258,wrap_python,0.317,,,,,0.0045,0.1540606259795395,0.2642504035294575,0.1179106501213348,0.9111834910051154,0.8048297258297257,18.2998,results/suitesparse_normalized_wrap_python_comparison.csv,
908,vanHeukelum,cage7,91,340,wrap_python,0.5708,,,,,0.0111,0.293306074998297,0.3164700607599781,0.2268011251979275,0.7406584908401996,0.3666457086806966,13.540697,results/suitesparse_normalized_wrap_python_comparison.csv,
926,FEMLAB,poisson2D,92,367,wrap_python,0.6442,,,,,0.012,0.1994484387822439,0.1557525787153553,0.1360480391910383,0.8931618001592154,0.9567301587301584,26.312601,results/suitesparse_normalized_wrap_python_comparison.csv,
929,FEMLAB,problem1,93,415,wrap_python,0.8352,,,,,0.0141,0.1909880846324693,0.1398169094257213,0.1152708953788014,0.9137979452973028,0.990249433106576,27.890129,results/suitesparse_normalized_wrap_python_comparison.csv,
1112,Sandia,oscil_dcop_01,94,426,wrap_python,0.8368,,,,,0.0082,0.2221011694247658,0.2419262951709378,0.1801873513867711,0.8748822071229763,0.6062717770034846,59.770641,results/suitesparse_normalized_wrap_python_comparison.csv,
1113,Sandia,oscil_dcop_02,95,426,wrap_python,0.8346,,,,,0.0084,0.2221011694247658,0.2419262951709378,0.1801873513867711,0.8748822071229763,0.6062717770034846,59.770641,results/suitesparse_normalized_wrap_python_comparison.csv,
1114,Sandia,oscil_dcop_03,96,426,wrap_python,0.8344,,,,,0.0084,0.2221011694247658,0.2419262951709378,0.1801873513867711,0.8748822071229763,0.6062717770034846,59.770641,results/suitesparse_normalized_wrap_python_comparison.csv,
1115,Sandia,oscil_dcop_04,97,426,wrap_python,0.8346,,,,,0.0079,0.2221011694247658,0.2419262951709378,0.1801873513867711,0.8748822071229763,0.6062717770034846,59.770641,results/suitesparse_normalized_wrap_python_comparison.csv,
1116,Sandia,oscil_dcop_05,98,426,wrap_python,0.8352,,,,,0.008,0.2221011694247658,0.2419262951709378,0.1801873513867711,0.8748822071229763,0.6062717770034846,59.770641,results/suitesparse_normalized_wrap_python_comparison.csv,
1117,Sandia,oscil_dcop_06,99,426,wrap_python,0.8374,,,,,0.008,0.2221011694247658,0.2419262951709378,0.1801873513867711,0.8748822071229763,0.6062717770034846,59.770641,results/suitesparse_normalized_wrap_python_comparison.csv,
1118,Sandia,oscil_dcop_07,100,426,wrap_python,0.8348,,,,,0.008,0.2221011694247658,0.2419262951709378,0.1801873513867711,0.8748822071229763,0.6062717770034846,59.770641,results/suitesparse_normalized_wrap_python_comparison.csv,
1119,Sandia,oscil_dcop_08,101,426,wrap_python,0.8342,,,,,0.0081,0.2221011694247658,0.2419262951709378,0.1801873513867711,0.8748822071229763,0.6062717770034846,59.770641,results/suitesparse_normalized_wrap_python_comparison.csv,
1120,Sandia,oscil_dcop_09,102,426,wrap_python,0.8359,,,,,0.0082,0.2221011694247658,0.2419262951709378,0.1801873513867711,0.8748822071229763,0.6062717770034846,59.770641,results/suitesparse_normalized_wrap_python_comparison.csv,
1121,Sandia,oscil_dcop_10,103,426,wrap_python,0.8352,,,,,0.008,0.2221011694247658,0.2419262951709378,0.1801873513867711,0.8748822071229763,0.6062717770034846,59.770641,results/suitesparse_normalized_wrap_python_comparison.csv,
1122,Sandia,oscil_dcop_11,104,426,wrap_python,0.8357,,,,,0.0081,0.2221011694247658,0.2419262951709378,0.1801873513867711,0.8748822071229763,0.6062717770034846,59.770641,results/suitesparse_normalized_wrap_python_comparison.csv,
1123,Sandia,oscil_dcop_12,105,426,wrap_python,0.8399,,,,,0.0081,0.2221011694247658,0.2419262951709378,0.1801873513867711,0.8748822071229763,0.6062717770034846,59.770641,results/suitesparse_normalized_wrap_python_comparison.csv,
1124,Sandia,oscil_dcop_13,106,426,wrap_python,0.8373,,,,,0.0082,0.2221011694247658,0.2419262951709378,0.1801873513867711,0.8748822071229763,0.6062717770034846,59.770641,results/suitesparse_normalized_wrap_python_comparison.csv,
1125,Sandia,oscil_dcop_14,107,426,wrap_python,0.8233,,,,,0.0081,0.2221011694247658,0.2419262951709378,0.1801873513867711,0.8748822071229763,0.6062717770034846,59.770641,results/suitesparse_normalized_wrap_python_comparison.csv,
1126,Sandia,oscil_dcop_15,108,426,wrap_python,0.824,,,,,0.008,0.2221011694247658,0.2419262951709378,0.1801873513867711,0.8748822071229763,0.6062717770034846,59.770641,results/suitesparse_normalized_wrap_python_comparison.csv,
1127,Sandia,oscil_dcop_16,109,426,wrap_python,0.8227,,,,,0.008,0.2221011694247658,0.2419262951709378,0.1801873513867711,0.8748822071229763,0.6062717770034846,59.770641,results/suitesparse_normalized_wrap_python_comparison.csv,
1128,Sandia,oscil_dcop_17,110,426,wrap_python,0.8255,,,,,0.0081,0.2221011694247658,0.2419262951709378,0.1801873513867711,0.8748822071229763,0.6062717770034846,59.770641,results/suitesparse_normalized_wrap_python_comparison.csv,
1129,Sandia,oscil_dcop_18,111,426,wrap_python,0.8279,,,,,0.008,0.2221011694247658,0.2419262951709378,0.1801873513867711,0.8748822071229763,0.6062717770034846,59.770641,results/suitesparse_normalized_wrap_python_comparison.csv,
1130,Sandia,oscil_dcop_19,112,426,wrap_python,0.8287,,,,,0.0082,0.2221011694247658,0.2419262951709378,0.1801873513867711,0.8748822071229763,0.6062717770034846,59.770641,results/suitesparse_normalized_wrap_python_comparison.csv,
1131,Sandia,oscil_dcop_20,113,426,wrap_python,0.8292,,,,,0.0081,0.2221011694247658,0.2419262951709378,0.1801873513867711,0.8748822071229763,0.6062717770034846,59.770641,results/suitesparse_normalized_wrap_python_comparison.csv,
1132,Sandia,oscil_dcop_21,114,426,wrap_python,0.8275,,,,,0.0082,0.2221011694247658,0.2419262951709378,0.1801873513867711,0.8748822071229763,0.6062717770034846,59.770641,results/suitesparse_normalized_wrap_python_comparison.csv,
1133,Sandia,oscil_dcop_22,115,426,wrap_python,0.826,,,,,0.0081,0.2221011694247658,0.2419262951709378,0.1801873513867711,0.8748822071229763,0.6062717770034846,59.770641,results/suitesparse_normalized_wrap_python_comparison.csv,
1134,Sandia,oscil_dcop_23,116,426,wrap_python,0.8232,,,,,0.008,0.2221011694247658,0.2419262951709378,0.1801873513867711,0.8748822071229763,0.6062717770034846,59.770641,results/suitesparse_normalized_wrap_python_comparison.csv,
1135,Sandia,oscil_dcop_24,117,426,wrap_python,0.8238,,,,,0.008,0.2221011694247658,0.2419262951709378,0.1801873513867711,0.8748822071229763,0.6062717770034846,59.770641,results/suitesparse_normalized_wrap_python_comparison.csv,
1136,Sandia,oscil_dcop_25,118,426,wrap_python,0.832,,,,,0.008,0.2221011694247658,0.2419262951709378,0.1801873513867711,0.8748822071229763,0.6062717770034846,59.770641,results/suitesparse_normalized_wrap_python_comparison.csv,
1137,Sandia,oscil_dcop_26,119,426,wrap_python,0.8323,,,,,0.0079,0.2221011694247658,0.2419262951709378,0.1801873513867711,0.8748822071229763,0.6062717770034846,59.770641,results/suitesparse_normalized_wrap_python_comparison.csv,
1138,Sandia,oscil_dcop_27,120,426,wrap_python,0.8243,,,,,0.008,0.2221011694247658,0.2419262951709378,0.1801873513867711,0.8748822071229763,0.6062717770034846,59.770641,results/suitesparse_normalized_wrap_python_comparison.csv,
1139,Sandia,oscil_dcop_28,121,426,wrap_python,0.8222,,,,,0.008,0.2221011694247658,0.2419262951709378,0.1801873513867711,0.8748822071229763,0.6062717770034846,59.770641,results/suitesparse_normalized_wrap_python_comparison.csv,
1140,Sandia,oscil_dcop_29,122,426,wrap_python,0.8279,,,,,0.008,0.2221011694247658,0.2419262951709378,0.1801873513867711,0.8748822071229763,0.6062717770034846,59.770641,results/suitesparse_normalized_wrap_python_comparison.csv,
1141,Sandia,oscil_dcop_30,123,426,wrap_python,0.826,,,,,0.008,0.2221011694247658,0.2419262951709378,0.1801873513867711,0.8748822071229763,0.6062717770034846,59.770641,results/suitesparse_normalized_wrap_python_comparison.csv,
1142,Sandia,oscil_dcop_31,124,426,wrap_python,0.8289,,,,,0.008,0.2221011694247658,0.2419262951709378,0.1801873513867711,0.8748822071229763,0.6062717770034846,59.770641,results/suitesparse_normalized_wrap_python_comparison.csv,
1143,Sandia,oscil_dcop_32,125,426,wrap_python,0.8308,,,,,0.008,0.2221011694247658,0.2419262951709378,0.1801873513867711,0.8748822071229763,0.6062717770034846,59.770641,results/suitesparse_normalized_wrap_python_comparison.csv,
1144,Sandia,oscil_dcop_33,126,426,wrap_python,0.83,,,,,0.0081,0.2221011694247658,0.2419262951709378,0.1801873513867711,0.8748822071229763,0.6062717770034846,59.770641,results/suitesparse_normalized_wrap_python_comparison.csv,
1145,Sandia,oscil_dcop_34,127,426,wrap_python,0.8313,,,,,0.0082,0.2221011694247658,0.2419262951709378,0.1801873513867711,0.8748822071229763,0.6062717770034846,59.770641,results/suitesparse_normalized_wrap_python_comparison.csv,
1146,Sandia,oscil_dcop_35,128,426,wrap_python,0.8293,,,,,0.008,0.2221011694247658,0.2419262951709378,0.1801873513867711,0.8748822071229763,0.6062717770034846,59.770641,results/suitesparse_normalized_wrap_python_comparison.csv,
1147,Sandia,oscil_dcop_36,129,426,wrap_python,0.824,,,,,0.0081,0.2221011694247658,0.2419262951709378,0.1801873513867711,0.8748822071229763,0.6062717770034846,59.770641,results/suitesparse_normalized_wrap_python_comparison.csv,
1148,Sandia,oscil_dcop_37,130,426,wrap_python,0.8295,,,,,0.008,0.2221011694247658,0.2419262951709378,0.1801873513867711,0.8748822071229763,0.6062717770034846,59.770641,results/suitesparse_normalized_wrap_python_comparison.csv,
1149,Sandia,oscil_dcop_38,131,426,wrap_python,0.8287,,,,,0.0081,0.2221011694247658,0.2419262951709378,0.1801873513867711,0.8748822071229763,0.6062717770034846,59.770641,results/suitesparse_normalized_wrap_python_comparison.csv,
1150,Sandia,oscil_dcop_39,132,426,wrap_python,0.8288,,,,,0.0081,0.2221011694247658,0.2419262951709378,0.1801873513867711,0.8748822071229763,0.6062717770034846,59.770641,results/suitesparse_normalized_wrap_python_comparison.csv,
1151,Sandia,oscil_dcop_40,133,426,wrap_python,0.8301,,,,,0.0082,0.2221011694247658,0.2419262951709378,0.1801873513867711,0.8748822071229763,0.6062717770034846,59.770641,results/suitesparse_normalized_wrap_python_comparison.csv,
1152,Sandia,oscil_dcop_41,134,426,wrap_python,0.8304,,,,,0.0081,0.2221011694247658,0.2419262951709378,0.1801873513867711,0.8748822071229763,0.6062717770034846,59.770641,results/suitesparse_normalized_wrap_python_comparison.csv,
1153,Sandia,oscil_dcop_42,135,426,wrap_python,0.8331,,,,,0.008,0.2221011694247658,0.2419262951709378,0.1801873513867711,0.8748822071229763,0.6062717770034846,59.770641,results/suitesparse_normalized_wrap_python_comparison.csv,
1154,Sandia,oscil_dcop_43,136,426,wrap_python,0.8314,,,,,0.0082,0.2221011694247658,0.2419262951709378,0.1801873513867711,0.8748822071229763,0.6062717770034846,59.770641,results/suitesparse_normalized_wrap_python_comparison.csv,
1155,Sandia,oscil_dcop_44,137,426,wrap_python,0.8318,,,,,0.0081,0.2221011694247658,0.2419262951709378,0.1801873513867711,0.8748822071229763,0.6062717770034846,59.770641,results/suitesparse_normalized_wrap_python_comparison.csv,
1156,Sandia,oscil_dcop_45,138,426,wrap_python,0.8447,,,,,0.0081,0.2221011694247658,0.2419262951709378,0.1801873513867711,0.8748822071229763,0.6062717770034846,59.770641,results/suitesparse_normalized_wrap_python_comparison.csv,
1157,Sandia,oscil_dcop_46,139,426,wrap_python,0.828,,,,,0.0081,0.2221011694247658,0.2419262951709378,0.1801873513867711,0.8748822071229763,0.6062717770034846,59.770641,results/suitesparse_normalized_wrap_python_comparison.csv,
1158,Sandia,oscil_dcop_47,140,426,wrap_python,0.8292,,,,,0.0081,0.2221011694247658,0.2419262951709378,0.1801873513867711,0.8748822071229763,0.6062717770034846,59.770641,results/suitesparse_normalized_wrap_python_comparison.csv,
1159,Sandia,oscil_dcop_48,141,426,wrap_python,0.8319,,,,,0.0081,0.2221011694247658,0.2419262951709378,0.1801873513867711,0.8748822071229763,0.6062717770034846,59.770641,results/suitesparse_normalized_wrap_python_comparison.csv,
1160,Sandia,oscil_dcop_49,142,426,wrap_python,0.8312,,,,,0.008,0.2221011694247658,0.2419262951709378,0.1801873513867711,0.8748822071229763,0.6062717770034846,59.770641,results/suitesparse_normalized_wrap_python_comparison.csv,
1161,Sandia,oscil_dcop_50,143,426,wrap_python,0.8269,,,,,0.0086,0.2221011694247658,0.2419262951709378,0.1801873513867711,0.8748822071229763,0.6062717770034846,59.770641,results/suitesparse_normalized_wrap_python_comparison.csv,
1162,Sandia,oscil_dcop_51,144,426,wrap_python,0.8244,,,,,0.0085,0.2221011694247658,0.2419262951709378,0.1801873513867711,0.8748822071229763,0.6062717770034846,59.770641,results/suitesparse_normalized_wrap_python_comparison.csv,
1163,Sandia,oscil_dcop_52,145,426,wrap_python,0.8252,,,,,0.0082,0.2221011694247658,0.2419262951709378,0.1801873513867711,0.8748822071229763,0.6062717770034846,59.770641,results/suitesparse_normalized_wrap_python_comparison.csv,
1164,Sandia,oscil_dcop_53,146,426,wrap_python,0.8303,,,,,0.008,0.2221011694247658,0.2419262951709378,0.1801873513867711,0.8748822071229763,0.6062717770034846,59.770641,results/suitesparse_normalized_wrap_python_comparison.csv,
1165,Sandia,oscil_dcop_54,147,426,wrap_python,0.8287,,,,,0.0085,0.2221011694247658,0.2419262951709378,0.1801873513867711,0.8748822071229763,0.6062717770034846,59.770641,results/suitesparse_normalized_wrap_python_comparison.csv,
1166,Sandia,oscil_dcop_55,148,426,wrap_python,0.8283,,,,,0.0081,0.2221011694247658,0.2419262951709378,0.1801873513867711,0.8748822071229763,0.6062717770034846,59.770641,results/suitesparse_normalized_wrap_python_comparison.csv,
1167,Sandia,oscil_dcop_56,149,426,wrap_python,0.8265,,,,,0.0081,0.2221011694247658,0.2419262951709378,0.1801873513867711,0.8748822071229763,0.6062717770034846,59.770641,results/suitesparse_normalized_wrap_python_comparison.csv,
1168,Sandia,oscil_dcop_57,150,426,wrap_python,0.8282,,,,,0.008,0.2221011694247658,0.2419262951709378,0.1801873513867711,0.8748822071229763,0.6062717770034846,59.770641,results/suitesparse_normalized_wrap_python_comparison.csv,
1169,Sandia,oscil_trans_01,151,430,wrap_python,0.8493,,,,,0.0082,0.2299750496743657,0.2524634043745618,0.1831959391600313,0.8693099098043994,0.6130194399857324,60.430071,results/suitesparse_normalized_wrap_python_comparison.csv,
1189,Rajat,rajat05,152,301,wrap_python,0.4121,,,,,0.0074,0.2571283766418474,0.2749728268607165,0.1986854571042366,0.7416471804880896,0.3798394096667754,14.720921,results/suitesparse_normalized_wrap_python_comparison.csv,
1195,Rajat,rajat11,153,135,wrap_python,0.0847,,,,,0.0017,0.3320034322315202,0.281557658046473,0.228753012039494,0.6401748823671234,0.6475346916709543,14.94643,results/suitesparse_normalized_wrap_python_comparison.csv,
1198,Rajat,rajat14,154,180,wrap_python,0.1497,,,,,0.003,0.3517677217593871,0.3455210073496768,0.2660843540513262,0.150968812562028,0.8646959418987672,4.984238,results/suitesparse_normalized_wrap_python_comparison.csv,
1325,Morandini,robot,155,111,wrap_python,0.0637,,,,,0.0015,0.191698980112259,0.2393401702453299,0.1549626148019734,0.9316225110182856,0.8698316083018112,9.450012,results/suitesparse_normalized_wrap_python_comparison.csv,
1477,Pajek,GD01_a,156,249,wrap_python,0.2844,,,,,0.0059,0.2900194899465752,0.3198277571799466,0.231304664085224,0.740483727615498,0.3148406579152505,12.289445,results/suitesparse_normalized_wrap_python_comparison.csv,
1484,Pajek,GD06_theory,157,101,wrap_python,0.0483,,,,,0.0009,0.3940454607990039,0.4740954520027433,0.33074134880732,0.2203382848924573,0.3124310030980071,7.357751,results/suitesparse_normalized_wrap_python_comparison.csv,
1489,Pajek,GD96_b,158,111,wrap_python,0.0555,,,,,0.001,0.1736718959516628,0.252913946072057,0.1456267708000843,0.9569140180359588,0.8643724177646803,19.711711,results/suitesparse_normalized_wrap_python_comparison.csv,
1491,Pajek,GD96_d,159,180,wrap_python,0.1457,,,,,0.0022,0.3588170368772396,0.3588358983644805,0.2802497905174537,0.4461284965419289,0.3907099115689858,10.667203,results/suitesparse_normalized_wrap_python_comparison.csv,
1496,Pajek,GD98_b,160,121,wrap_python,0.0655,,,,,0.0009,0.2986880879303797,0.280081046783904,0.2255854916463205,0.6800223944309741,0.4654676815608972,15.112108,results/suitesparse_normalized_wrap_python_comparison.csv,
1497,Pajek,GD98_c,161,112,wrap_python,0.057,,,,,0.0012,0.3454908250070488,0.3676770297741981,0.2766232139814534,0.303119097389466,0.2017816056492525,10.662651,results/suitesparse_normalized_wrap_python_comparison.csv,
1499,Pajek,GD99_c,162,105,wrap_python,0.0491,,,,,0.0015,0.2751192093543258,0.2541304060332206,0.2069105333603234,0.7801017630175041,0.6154768564768566,21.34013,results/suitesparse_normalized_wrap_python_comparison.csv,
1506,Pajek,Journals,163,124,wrap_python,0.1676,,,,,0.0074,0.4389943147790252,0.4610423965850607,0.3646009521949572,0.398978398478392,1.0,4.718638,results/suitesparse_normalized_wrap_python_comparison.csv,
1523,Pajek,SmallW,164,233,wrap_python,0.2605,,,,,0.0055,0.365083422771882,0.3678356265487747,0.2881559467614056,0.3071275697569652,0.6131988778418378,5.619946,results/suitesparse_normalized_wrap_python_comparison.csv,
1529,Pajek,USAir97,165,332,wrap_python,0.5812,,,,,0.0118,0.3421280723149433,0.3427135403809103,0.2660515522592453,0.5808194286208942,0.5114155758385921,7.401985,results/suitesparse_normalized_wrap_python_comparison.csv,
1630,Bai,rdb200,166,200,wrap_python,0.1833,,,,,0.0024,0.1327742842738087,0.179846637548107,0.1088233139186454,0.9560798590043316,0.6576535686535686,21.429024,results/suitesparse_normalized_wrap_python_comparison.csv,
1631,Bai,rdb200l,167,200,wrap_python,0.1838,,,,,0.0025,0.1327742842738087,0.179846637548107,0.1088233139186454,0.9560798590043316,0.6576535686535686,21.429024,results/suitesparse_normalized_wrap_python_comparison.csv,
1864,Muite,Chebyshev1,168,261,wrap_python,0.331,,,,,0.0051,0.3444498025809242,0.3447182820522522,0.2716426434298991,0.1495033559502101,1.0,4.575697,results/suitesparse_normalized_wrap_python_comparison.csv,
1942,JGD_CAG,CAG_mat364,169,364,wrap_python,1.2455,,,,,0.0315,0.3104062320718684,0.324847911998027,0.2404827025017816,0.7684320137008751,0.8421706123409635,8.115303,results/suitesparse_normalized_wrap_python_comparison.csv,
2097,JGD_Homology,n3c6-b1,170,105,wrap_python,0.0518,,,,,0.0009,0.387034819792806,0.4390224415623682,0.3235268372755934,0.1830628507031543,0.2726125028355534,7.174026,results/suitesparse_normalized_wrap_python_comparison.csv,
2205,JGD_Trefethen,Trefethen_150,171,150,wrap_python,0.1179,,,,,0.0027,0.3273271398904624,0.3973601760119793,0.2718435371351819,0.4758522164194858,0.4572127027929209,6.347907,results/suitesparse_normalized_wrap_python_comparison.csv,
2206,JGD_Trefethen,Trefethen_200b,172,199,wrap_python,0.2083,,,,,0.0043,0.2811591896769798,0.3493715156596055,0.2317884393349283,0.6046116004970267,0.5027376826226364,6.70812,results/suitesparse_normalized_wrap_python_comparison.csv,
2207,JGD_Trefethen,Trefethen_200,173,200,wrap_python,0.21,,,,,0.0047,0.2959916765450197,0.3572303244809861,0.2425504001375005,0.5651357492325909,0.4716571893377339,6.677492,results/suitesparse_normalized_wrap_python_comparison.csv,
2208,JGD_Trefethen,Trefethen_300,174,300,wrap_python,0.4836,,,,,0.0096,0.3299945197161288,0.3905996071420131,0.2705182301040571,0.4431874491590384,0.3510784364644019,7.143163,results/suitesparse_normalized_wrap_python_comparison.csv,
2389,Newman,adjnoun,175,112,wrap_python,0.0619,,,,,0.0016,0.3525938056766282,0.376381969311458,0.2821172647421058,0.4674598308783159,0.5030853015289394,6.52372,results/suitesparse_normalized_wrap_python_comparison.csv,
2392,Newman,celegansneural,176,297,wrap_python,0.4708,,,,,0.0104,0.3254339781304329,0.3603747578818689,0.2619252434736147,0.5624910095798374,0.6571052770834211,6.196234,results/suitesparse_normalized_wrap_python_comparison.csv,
2397,Newman,football,177,115,wrap_python,0.069,,,,,0.0019,0.3133044981328628,0.3379915761081758,0.2488528928564481,0.4745807381753938,0.4856306916529742,6.056603,results/suitesparse_normalized_wrap_python_comparison.csv,
2403,Newman,polbooks,178,105,wrap_python,0.0544,,,,,0.0015,0.2361615842215031,0.2742409957701483,0.1919324880554518,0.8486491288335574,0.7300830743084349,8.497356,results/suitesparse_normalized_wrap_python_comparison.csv,
2406,Arenas,jazz,179,198,wrap_python,0.246,,,,,0.0071,0.2810673421267694,0.320325125226411,0.2308883528799893,0.7599994123400483,0.7976606869067889,7.149852,results/suitesparse_normalized_wrap_python_comparison.csv,
2416,AG-Monien,grid1,180,252,wrap_python,0.2921,,,,,0.0045,0.1226924660465481,0.1508021415086895,0.0888848990819597,0.9658210686304118,0.8608492063492064,28.262654,results/suitesparse_normalized_wrap_python_comparison.csv,
2417,AG-Monien,grid1_dual,181,224,wrap_python,0.2291,,,,,0.0037,0.3012356763870216,0.2882484817822316,0.2177630405235548,0.7493703229780279,0.5677829947829951,27.221544,results/suitesparse_normalized_wrap_python_comparison.csv,
2436,AG-Monien,cage,182,366,wrap_python,0.6904,,,,,0.0128,0.4016817328911934,0.4418737552408619,0.3306709897633264,0.031923834549589,0.3793928289166573,5.586908,results/suitesparse_normalized_wrap_python_comparison.csv,
2559,CPM,cz148,183,148,wrap_python,0.1179,,,,,0.0029,0.2489294044378214,0.2521407869471191,0.1905705646462857,0.8260459103140593,0.9226959058654614,10.348631,results/suitesparse_normalized_wrap_python_comparison.csv,
2560,CPM,cz308,184,308,wrap_python,0.5074,,,,,0.01,0.4303406153546086,0.3633848979561287,0.3255106695517897,0.5205941307607871,0.8393637168368488,20.523096,results/suitesparse_normalized_wrap_python_comparison.csv,
2691,VDOL,hangGlider_1,185,360,wrap_python,0.6404,,,,,0.0082,0.3739340012023016,0.382612684498906,0.2878453519281914,0.1710300378688403,0.7736829754270599,5.125347,results/suitesparse_normalized_wrap_python_comparison.csv,
2718,VDOL,orbitRaising_1,186,440,wrap_python,0.9327,,,,,0.0138,0.1804493460807654,0.2036846763188031,0.1295988840828098,0.9688548473438432,0.5497380418218967,25.155519,results/suitesparse_normalized_wrap_python_comparison.csv,
2735,VDOL,spaceStation_2,187,325,wrap_python,0.589,,,,,0.011,0.3515124075364957,0.3628607859515275,0.2719493633464603,0.579128716895905,0.5762476512304221,7.299323,results/suitesparse_normalized_wrap_python_comparison.csv,
2748,VDOL,tumorAntiAngiogenesis_1,188,205,wrap_python,0.2033,,,,,0.0031,0.3482621182389299,0.360890044096781,0.2606722066822098,0.1499545596590515,0.9242142974028088,4.790877,results/suitesparse_normalized_wrap_python_comparison.csv,
2749,VDOL,tumorAntiAngiogenesis_2,189,305,wrap_python,0.4546,,,,,0.0059,0.3431761849851992,0.3439810260990675,0.2562503000344596,0.1007983880453045,0.9600304564229524,4.837677,results/suitesparse_normalized_wrap_python_comparison.csv,
2750,VDOL,tumorAntiAngiogenesis_3,190,410,wrap_python,0.8349,,,,,0.0118,0.3509667494379529,0.367025093074474,0.2675844796792146,0.1136162117282958,1.0,4.62633,results/suitesparse_normalized_wrap_python_comparison.csv,
2764,Mycielski,mycielskian8,191,191,wrap_python,0.2092,,,,,0.005,0.3529827224359156,0.3771180596193141,0.2760255219463166,0.1936851926291935,1.0,4.382785,results/suitesparse_normalized_wrap_python_comparison.csv,
2765,Mycielski,mycielskian9,192,383,wrap_python,1.0426,,,,,0.0229,0.3577737092707764,0.3910425844557097,0.2822571330577709,0.1362587486162383,1.0,4.385156,results/suitesparse_normalized_wrap_python_comparison.csv,
2858,ML_Graph,breasttissue_10NN,193,106,wrap_python,0.059,,,,,0.0019,0.2787452955425968,0.3201535573028448,0.2279578280228928,0.5993548304856896,0.6540920673588385,5.604972,results/suitesparse_normalized_wrap_python_comparison.csv,
2866,ML_Graph,dermatology_5NN,194,366,wrap_python,0.6468,,,,,0.012,0.266267731735475,0.2200498769219026,0.1844297495636645,0.8326890073979686,0.8400699855699856,27.334044,results/suitesparse_normalized_wrap_python_comparison.csv,
2867,ML_Graph,Ecoli_10NN,195,336,wrap_python,0.6049,,,,,0.0133,0.2343491939589257,0.2571154342042452,0.1848375313131203,0.7964358807920915,0.7115812213663405,10.997566,results/suitesparse_normalized_wrap_python_comparison.csv,
2869,ML_Graph,Glass_10NN,196,214,wrap_python,0.2428,,,,,0.0057,0.2285955368836175,0.2632204012381142,0.1802879231519954,0.7684062432273776,0.6813770403047156,8.821745,results/suitesparse_normalized_wrap_python_comparison.csv,
2872,ML_Graph,iris_dataset_30NN,197,150,wrap_python,0.1533,,,,,0.0046,0.1591865554173517,0.2359191031120093,0.1403839847518304,0.9587143137034853,0.9519004597227296,8.476721,results/suitesparse_normalized_wrap_python_comparison.csv,
2879,ML_Graph,Olivetti_norm_10NN,198,400,wrap_python,0.872,,,,,0.0188,0.2689636868007856,0.3165354878031634,0.2170403662642484,0.7110158593640985,0.5297617882642885,8.184706,results/suitesparse_normalized_wrap_python_comparison.csv,
2890,ML_Graph,YaleA_10NN,199,165,wrap_python,0.1467,,,,,0.0037,0.3156015467685222,0.3482589356625526,0.2541483092753143,0.5077929406642371,0.4871065040891114,6.728505,results/suitesparse_normalized_wrap_python_comparison.csv,
6,HB,arc130,0,130,TorusMDS_random_1x_scale2,12.2004,0.999060233987108,1.0009406500037958,10000.0,max_iters,0.0022,0.3427229408944163,0.3522734742838463,0.259418383130804,0.2412853554845875,0.9426723472894304,4.787928,results/suitesparse_normalized_TorusMDS_random_1x_scale2_comparison.csv,
8,HB,ash292,1,292,TorusMDS_random_1x_scale2,8.1233,1.0278440274872809,0.9729102599785012,10000.0,max_iters,0.0068,0.0551315059370678,0.0973565211323616,0.050099855703617,0.9928750071099918,0.9298263958263956,40.079768,results/suitesparse_normalized_TorusMDS_random_1x_scale2_comparison.csv,
15,HB,bcspwr03,2,118,TorusMDS_random_1x_scale2,7.9496,1.3211155831083694,0.7569360416195857,10000.0,max_iters,0.0013,0.1629474957224897,0.2084227234916906,0.1369408830495747,0.9284893677764862,0.5858379844269941,19.850725,results/suitesparse_normalized_TorusMDS_random_1x_scale2_comparison.csv,
16,HB,bcspwr04,3,274,TorusMDS_random_1x_scale2,5.8378,1.0197193831174227,0.9806619512741458,10000.0,max_iters,0.0062,0.1602825057346696,0.2155338864545928,0.1342019317830177,0.9459810212308872,0.532075655682467,57.405345,results/suitesparse_normalized_TorusMDS_random_1x_scale2_comparison.csv,
26,HB,bcsstk04,4,132,TorusMDS_random_1x_scale2,5.897,0.9985402303736104,1.0014619036689625,10000.0,max_iters,0.0034,0.2379028308124997,0.3177731841378546,0.189058107146144,0.8223324328519259,0.9366893734951616,40.814331,results/suitesparse_normalized_TorusMDS_random_1x_scale2_comparison.csv,
27,HB,bcsstk05,5,153,TorusMDS_random_1x_scale2,5.5356,0.9997417836474564,1.0002582830454496,10000.0,max_iters,0.0027,0.1148925512872875,0.2448905431973124,0.0961801340161604,0.959437902079742,0.7780282411045711,52.297252,results/suitesparse_normalized_TorusMDS_random_1x_scale2_comparison.csv,
28,HB,bcsstk06,6,420,TorusMDS_random_1x_scale2,5.8619,0.6717630592658256,1.4886201112233035,10000.0,max_iters,0.0197,0.1663320800324725,0.2331690666113567,0.1422911449027283,0.9279474643593556,0.727389512149507,18.096833,results/suitesparse_normalized_TorusMDS_random_1x_scale2_comparison.csv,
29,HB,bcsstk07,7,420,TorusMDS_random_1x_scale2,5.8156,0.6717630592658256,1.4886201112233035,10000.0,max_iters,0.0199,0.1663320800324725,0.2331690666113567,0.1422911449027283,0.9279474643593556,0.727389512149507,18.096833,results/suitesparse_normalized_TorusMDS_random_1x_scale2_comparison.csv,
44,HB,bcsstk22,8,110,TorusMDS_random_1x_scale2,6.0415,1.1296305697859887,0.885245164876737,10000.0,max_iters,0.0011,0.1394101037622684,0.1603810962007396,0.1091571965320565,0.9561201299380532,0.8031775789569906,18.765392,results/suitesparse_normalized_TorusMDS_random_1x_scale2_comparison.csv,
62,HB,bcsstm07,9,420,TorusMDS_random_1x_scale2,5.968,1.0211438392871732,0.9792939657728014,10000.0,max_iters,0.019,0.1181536286123453,0.1952575672627212,0.1048451410081067,0.964263301964505,0.7334437776981997,71.656376,results/suitesparse_normalized_TorusMDS_random_1x_scale2_comparison.csv,
93,HB,can_144,10,144,TorusMDS_random_1x_scale2,5.587,1.0898086697190632,0.9175922598026176,10000.0,max_iters,0.0015,0.0512648606777692,0.116260046944478,0.0467527220473356,0.9943288451288264,0.9009267347719356,23.236398,results/suitesparse_normalized_TorusMDS_random_1x_scale2_comparison.csv,
94,HB,can_161,11,161,TorusMDS_random_1x_scale2,5.6788,0.8156051569356229,1.226083468816188,10000.0,max_iters,0.0022,0.144363737088651,0.1781995922747187,0.1195186291825653,0.9268328158200548,0.8377890153362287,15.674999,results/suitesparse_normalized_TorusMDS_random_1x_scale2_comparison.csv,
95,HB,can_187,12,187,TorusMDS_random_1x_scale2,5.6445,0.9985622399236224,1.0014398302067655,10000.0,max_iters,0.0027,0.0377676581381112,0.0837631831790979,0.033038585590252,0.9964493909051456,0.9031323790588494,30.974504,results/suitesparse_normalized_TorusMDS_random_1x_scale2_comparison.csv,
96,HB,can_229,13,229,TorusMDS_random_1x_scale2,5.7954,1.0029890614102204,0.9970198464517472,10000.0,max_iters,0.0045,0.1736169694367113,0.2437224480869868,0.1348933312287304,0.9126563749668076,0.6415678863620043,15.111068,results/suitesparse_normalized_TorusMDS_random_1x_scale2_comparison.csv,
98,HB,can_256,14,256,TorusMDS_random_1x_scale2,5.7152,1.0374751508100328,0.9638785075663996,10000.0,max_iters,0.0071,0.2261770505803546,0.2686789796517468,0.1838862899453425,0.8148128777112777,0.7274911033352481,8.280321,results/suitesparse_normalized_TorusMDS_random_1x_scale2_comparison.csv,
99,HB,can_268,15,268,TorusMDS_random_1x_scale2,5.7872,0.935662499582001,1.0687614395647376,10000.0,max_iters,0.0074,0.1999887912694633,0.2528140381669496,0.1636035044181871,0.8319964691521681,0.7053461517000288,8.482444,results/suitesparse_normalized_TorusMDS_random_1x_scale2_comparison.csv,
100,HB,can_292,16,292,TorusMDS_random_1x_scale2,5.6666,0.9983751271203224,1.0016275173885436,10000.0,max_iters,0.0079,0.1584795478306505,0.2297963133948588,0.1321064361162759,0.9421344835230642,0.6143819731501055,61.99869,results/suitesparse_normalized_TorusMDS_random_1x_scale2_comparison.csv,
113,HB,dwt_162,17,162,TorusMDS_random_1x_scale2,5.612,1.0885153816747644,0.9186824704869336,10000.0,max_iters,0.002,0.0603050604595816,0.0970530543401352,0.0504915018980253,0.9927403608850176,0.8684204047586398,30.234941,results/suitesparse_normalized_TorusMDS_random_1x_scale2_comparison.csv,
114,HB,dwt_193,18,193,TorusMDS_random_1x_scale2,5.5877,0.9971451839376142,1.0028629893704268,10000.0,max_iters,0.0047,0.1822765904018714,0.2492690721998476,0.1414486012619498,0.9043783887744866,0.6858594551051662,51.41708,results/suitesparse_normalized_TorusMDS_random_1x_scale2_comparison.csv,
116,HB,dwt_209,19,209,TorusMDS_random_1x_scale2,5.6898,0.6532136268592922,1.53089274148809,10000.0,max_iters,0.0044,0.1729085539173055,0.2438346172701211,0.1461238236259879,0.9213504039758597,0.5526036542427272,14.274013,results/suitesparse_normalized_TorusMDS_random_1x_scale2_comparison.csv,
117,HB,dwt_221,20,221,TorusMDS_random_1x_scale2,5.6639,0.5365050366058594,1.863915400172925,10000.0,max_iters,0.0038,0.0795492277764381,0.132240336261316,0.0696411889027184,0.9878590549209822,0.8322255783432253,26.348872,results/suitesparse_normalized_TorusMDS_random_1x_scale2_comparison.csv,
118,HB,dwt_234,21,117,TorusMDS_random_1x_scale2,6.1287,0.6467335278177296,1.5462318822008438,10000.0,max_iters,0.0012,0.1634581245427837,0.2262803201336945,0.1304065413068771,0.9214959640267668,0.4668174507810729,15.805446,results/suitesparse_normalized_TorusMDS_random_1x_scale2_comparison.csv,
119,HB,dwt_245,22,245,TorusMDS_random_1x_scale2,5.6,0.97399900362618,1.0266950954539162,10000.0,max_iters,0.0049,0.186466654217223,0.2309042273117419,0.1509469425202417,0.9162197385778972,0.5314155474086051,59.796815,results/suitesparse_normalized_TorusMDS_random_1x_scale2_comparison.csv,
121,HB,dwt_307,23,307,TorusMDS_random_1x_scale2,5.7298,0.9788427360199492,1.0216145691248402,10000.0,max_iters,0.0078,0.1426091638049315,0.1862859288819219,0.1175123399571668,0.9290333107893192,0.7476494044675861,18.227126,results/suitesparse_normalized_TorusMDS_random_1x_scale2_comparison.csv,
122,HB,dwt_310,24,310,TorusMDS_random_1x_scale2,7.1928,1.001137450189333,0.998863842133647,10000.0,max_iters,0.0057,0.0338756969077942,0.0815398549122832,0.0312412304451448,0.9972056662868533,0.9196724386724382,57.186421,results/suitesparse_normalized_TorusMDS_random_1x_scale2_comparison.csv,
123,HB,dwt_346,25,340,TorusMDS_random_1x_scale2,5.8826,0.9989068844332312,1.0010943117760065,10000.0,max_iters,0.0105,0.1314148383280393,0.2144196445901629,0.1134303823236922,0.9549189957453884,0.5278247058365199,64.407079,results/suitesparse_normalized_TorusMDS_random_1x_scale2_comparison.csv,
124,HB,dwt_361,26,361,TorusMDS_random_1x_scale2,5.6353,1.1046242727760964,0.9052851948353816,10000.0,max_iters,0.0083,0.0739383504044825,0.1280598106604997,0.0655313077047915,0.9854991096352562,0.8631818181818179,82.54915,results/suitesparse_normalized_TorusMDS_random_1x_scale2_comparison.csv,
125,HB,dwt_419,27,419,TorusMDS_random_1x_scale2,5.917,0.9993358278097392,1.0006646136081367,10000.0,max_iters,0.0157,0.2920186477127628,0.3488714055626543,0.2385206459956832,0.7618816090635849,0.7407826062826065,24.000306,results/suitesparse_normalized_TorusMDS_random_1x_scale2_comparison.csv,
141,HB,fs_183_1,28,183,TorusMDS_random_1x_scale2,5.5496,0.9855685444065556,1.0146427721088989,10000.0,max_iters,0.0033,0.324867014017888,0.3687064661797407,0.2683674177581728,0.6568385692293067,0.7540239896834557,48.252706,results/suitesparse_normalized_TorusMDS_random_1x_scale2_comparison.csv,
142,HB,fs_183_3,29,183,TorusMDS_random_1x_scale2,5.5597,1.0965455583794523,0.911954813330206,10000.0,max_iters,0.0038,0.3078332747154541,0.3472128512833765,0.2506963109932735,0.690005436789036,0.7815556333669633,6.959733,results/suitesparse_normalized_TorusMDS_random_1x_scale2_comparison.csv,
143,HB,fs_183_4,30,183,TorusMDS_random_1x_scale2,5.5946,1.0965455583794523,0.911954813330206,10000.0,max_iters,0.0034,0.3078332747154541,0.3472128512833765,0.2506963109932735,0.690005436789036,0.7815556333669633,6.959733,results/suitesparse_normalized_TorusMDS_random_1x_scale2_comparison.csv,
144,HB,fs_183_6,31,183,TorusMDS_random_1x_scale2,5.7301,0.886609805938048,1.127891879045916,10000.0,max_iters,0.0032,0.3003764348069483,0.3423891370048162,0.2421998438090328,0.7192003843781442,0.7881487821828989,7.238112,results/suitesparse_normalized_TorusMDS_random_1x_scale2_comparison.csv,
158,HB,gent113,32,104,TorusMDS_random_1x_scale2,5.9748,0.7970475289897555,1.2546303245773602,10000.0,max_iters,0.0014,0.2771723853027752,0.320022271028593,0.2259860648055768,0.7313122051729561,0.5952536455929028,8.874814,results/suitesparse_normalized_TorusMDS_random_1x_scale2_comparison.csv,
161,HB,gre_115,33,115,TorusMDS_random_1x_scale2,5.9156,0.8424777912410262,1.186974909483291,10000.0,max_iters,0.0015,0.2679152469497268,0.3237928418966087,0.2183582106628384,0.7212229518291204,0.3872672289868339,12.776362,results/suitesparse_normalized_TorusMDS_random_1x_scale2_comparison.csv,
162,HB,gre_185,34,185,TorusMDS_random_1x_scale2,5.5697,1.0001258310829682,0.9998741847485012,10000.0,max_iters,0.0031,0.1255730802505737,0.2022599492895528,0.1109854593401499,0.9576730609152526,0.7167108697489973,62.601318,results/suitesparse_normalized_TorusMDS_random_1x_scale2_comparison.csv,
163,HB,gre_216a,35,216,TorusMDS_random_1x_scale2,5.6335,0.9950692424024744,1.004955190440437,10000.0,max_iters,0.0038,0.1757753493409806,0.2635009564735401,0.1371136869491376,0.9023478130316068,0.4588494593469827,80.966942,results/suitesparse_normalized_TorusMDS_random_1x_scale2_comparison.csv,
164,HB,gre_216b,36,216,TorusMDS_random_1x_scale2,5.6773,0.9950692424024744,1.004955190440437,10000.0,max_iters,0.0039,0.1757753493409806,0.2635009564735401,0.1371136869491376,0.9023478130316068,0.4588494593469827,80.966942,results/suitesparse_normalized_TorusMDS_random_1x_scale2_comparison.csv,
165,HB,gre_343,37,343,TorusMDS_random_1x_scale2,6.3145,0.5378190131754585,1.8593615612353944,10000.0,max_iters,0.0095,0.1936078016460028,0.2703317964530287,0.1559090528027792,0.8667236142144089,0.4658698969589063,22.373274,results/suitesparse_normalized_TorusMDS_random_1x_scale2_comparison.csv,
167,HB,hor_131,38,434,TorusMDS_random_1x_scale2,5.9434,0.9000983900112696,1.1109896552392229,10000.0,max_iters,0.0189,0.1862906511336124,0.2527378111417296,0.1503141932931072,0.8773652016596578,0.5829141407611999,14.127018,results/suitesparse_normalized_TorusMDS_random_1x_scale2_comparison.csv,
171,HB,impcol_a,39,206,TorusMDS_random_1x_scale2,5.942,1.3035153477322166,0.7671562914389495,10000.0,max_iters,0.0041,0.2135305253883478,0.2815604243724829,0.1784764518178307,0.8775931633176804,0.4094905745015705,13.744849,results/suitesparse_normalized_TorusMDS_random_1x_scale2_comparison.csv,
173,HB,impcol_c,40,137,TorusMDS_random_1x_scale2,5.8713,1.046019426176306,0.9560051897463044,10000.0,max_iters,0.0019,0.2536428557770523,0.3083383556657731,0.2072413585080171,0.7572750479735627,0.4491510670551163,9.470623,results/suitesparse_normalized_TorusMDS_random_1x_scale2_comparison.csv,
174,HB,impcol_d,41,425,TorusMDS_random_1x_scale2,6.2393,1.0119731194537205,0.9881685400298146,10000.0,max_iters,0.0157,0.1242070452790664,0.203770393062427,0.1030018812353678,0.9623513658218062,0.4258698551104031,18.321256,results/suitesparse_normalized_TorusMDS_random_1x_scale2_comparison.csv,
175,HB,impcol_e,42,225,TorusMDS_random_1x_scale2,5.6515,0.987977281767152,1.0121690229671512,10000.0,max_iters,0.0053,0.2270270554593465,0.3076261052053596,0.1935898714629841,0.8685702552870341,0.5577236423229606,54.409641,results/suitesparse_normalized_TorusMDS_random_1x_scale2_comparison.csv,
188,HB,lns_131,43,102,TorusMDS_random_1x_scale2,6.0904,1.0167109997777528,0.9835636677665476,10000.0,max_iters,0.0015,0.1702978826142882,0.2200222247684388,0.1321489079781044,0.9084822914128812,0.5875551408591106,12.790973,results/suitesparse_normalized_TorusMDS_random_1x_scale2_comparison.csv,
192,HB,lnsp_131,44,102,TorusMDS_random_1x_scale2,6.083,0.9798654524563224,1.0205482778203931,10000.0,max_iters,0.0011,0.1722055801342057,0.2236897310212984,0.1336922668006503,0.9064979978051454,0.57428974378555,12.792849,results/suitesparse_normalized_TorusMDS_random_1x_scale2_comparison.csv,
202,HB,lshp_265,45,265,TorusMDS_random_1x_scale2,5.5774,0.9978617598474658,1.0021428220206183,10000.0,max_iters,0.0056,0.0700520544163138,0.0989070620153153,0.0589407996058856,0.9888267872743376,0.9089350649350648,87.211327,results/suitesparse_normalized_TorusMDS_random_1x_scale2_comparison.csv,
203,HB,lshp_406,46,406,TorusMDS_random_1x_scale2,7.0392,1.5414293298262736,0.648748522329405,10000.0,max_iters,0.0124,0.1449327920165335,0.1852991522634585,0.1007603555974489,0.943830422429783,0.8474537037037035,33.405964,results/suitesparse_normalized_TorusMDS_random_1x_scale2_comparison.csv,
206,HB,lund_a,47,147,TorusMDS_random_1x_scale2,5.4401,0.9990032077720212,1.0009977868141202,10000.0,max_iters,0.0025,0.0696096661278198,0.1381759500410768,0.0612946088980102,0.9860674688568104,0.9769203088651128,50.182885,results/suitesparse_normalized_TorusMDS_random_1x_scale2_comparison.csv,
207,HB,lund_b,48,147,TorusMDS_random_1x_scale2,5.5056,0.9999727791235796,1.0000272216174166,10000.0,max_iters,0.0025,0.0706990027365479,0.1412107029100259,0.0618793036678768,0.9853789865929148,0.9765881865644036,50.09043,results/suitesparse_normalized_TorusMDS_random_1x_scale2_comparison.csv,
212,HB,mcca,49,168,TorusMDS_random_1x_scale2,5.5465,0.9981419600375604,1.0018614987014167,10000.0,max_iters,0.0039,0.1850054184106977,0.2542681989554117,0.1544454701277482,0.9032372554718716,0.7054018066870519,33.438421,results/suitesparse_normalized_TorusMDS_random_1x_scale2_comparison.csv,
215,HB,nnc261,50,261,TorusMDS_random_1x_scale2,5.5432,0.9637196887992462,1.0376461243060808,10000.0,max_iters,0.0049,0.1356099169316684,0.2068337855131039,0.117568021066321,0.9499341426684402,0.6430657616377431,72.433968,results/suitesparse_normalized_TorusMDS_random_1x_scale2_comparison.csv,
217,HB,nos1,51,158,TorusMDS_random_1x_scale2,6.6669,1.0003033959491174,0.9996966960720656,10000.0,max_iters,0.001,0.0043541167116912,0.0597467982570132,0.0024874277204008,0.9997665950775688,1.0,106.31407,results/suitesparse_normalized_TorusMDS_random_1x_scale2_comparison.csv,
220,HB,nos4,52,100,TorusMDS_random_1x_scale2,5.9325,0.9975800518939288,1.0024258184608612,10000.0,max_iters,0.0015,0.1108608363845033,0.1701816672073391,0.097826203421142,0.9763394241359992,0.7711092050605624,49.075623,results/suitesparse_normalized_TorusMDS_random_1x_scale2_comparison.csv,
229,HB,plat362,53,362,TorusMDS_random_1x_scale2,5.7826,0.9715579363991046,1.0292746963771513,10000.0,max_iters,0.0139,0.0944704208460042,0.1286874128005391,0.0824690262832061,0.9780755866156294,0.920361577620865,26.808125,results/suitesparse_normalized_TorusMDS_random_1x_scale2_comparison.csv,
239,HB,saylr1,54,238,TorusMDS_random_1x_scale2,6.8829,0.9895501858292568,1.010560165942454,10000.0,max_iters,0.0036,0.0982687885179308,0.1265006898489936,0.0852737138023808,0.978011930580083,0.9975,39.719888,results/suitesparse_normalized_TorusMDS_random_1x_scale2_comparison.csv,
251,HB,steam1,55,240,TorusMDS_random_1x_scale2,5.6262,1.0454053979840292,0.9565667079282456,10000.0,max_iters,0.0059,0.2640202729646145,0.3662287300084568,0.2235697383320165,0.7945298480169933,0.492236893970007,74.175661,results/suitesparse_normalized_TorusMDS_random_1x_scale2_comparison.csv,
254,HB,str_0,56,363,TorusMDS_random_1x_scale2,5.7733,0.9986570523942826,1.0013447535392632,10000.0,max_iters,0.0152,0.317369757442829,0.3425588290446264,0.2511355141691075,0.5071625769317462,0.3229340649696283,7.720802,results/suitesparse_normalized_TorusMDS_random_1x_scale2_comparison.csv,
255,HB,str_200,57,363,TorusMDS_random_1x_scale2,5.7924,0.988693393981727,1.0114359073167651,10000.0,max_iters,0.017,0.3263747228825774,0.353727736663887,0.2620388851145319,0.4975983792744558,0.379433061567014,7.147985,results/suitesparse_normalized_TorusMDS_random_1x_scale2_comparison.csv,
256,HB,str_400,58,363,TorusMDS_random_1x_scale2,5.7592,1.030438812254491,0.97046033991296,10000.0,max_iters,0.0168,0.3307100206819695,0.3560619680501636,0.2643087095961632,0.4846239166809435,0.3709912004956161,7.072686,results/suitesparse_normalized_TorusMDS_random_1x_scale2_comparison.csv,
257,HB,str_600,59,363,TorusMDS_random_1x_scale2,5.775,1.0167898881636055,0.9834873572612636,10000.0,max_iters,0.0168,0.3322169252236159,0.358206980639315,0.2660955615293507,0.4598407799189926,0.3848872770801717,6.864865,results/suitesparse_normalized_TorusMDS_random_1x_scale2_comparison.csv,
263,HB,west0132,60,132,TorusMDS_random_1x_scale2,5.7781,0.9817001743109588,1.0186409518587338,10000.0,max_iters,0.0019,0.2461360873877435,0.3506886858768272,0.2122495163873619,0.8452103262012278,0.4592345896954435,58.183662,results/suitesparse_normalized_TorusMDS_random_1x_scale2_comparison.csv,
264,HB,west0156,61,156,TorusMDS_random_1x_scale2,5.6168,0.9601653955685088,1.0414872319033175,10000.0,max_iters,0.0025,0.3057311606071823,0.3506375697498801,0.2480533205062292,0.5180779272969739,0.2879944917028359,8.787533,results/suitesparse_normalized_TorusMDS_random_1x_scale2_comparison.csv,
265,HB,west0167,62,167,TorusMDS_random_1x_scale2,5.7258,0.8522903952677177,1.1733090101125505,10000.0,max_iters,0.0029,0.2481791554204569,0.293946303889067,0.2007715294504258,0.7870176656393213,0.4192533889962439,9.052347,results/suitesparse_normalized_TorusMDS_random_1x_scale2_comparison.csv,
266,HB,west0381,63,381,TorusMDS_random_1x_scale2,5.8345,0.9889347966857964,1.011189012006945,10000.0,max_iters,0.0146,0.327687158155197,0.3696196085184194,0.2621125958602734,0.3908962526227288,0.3801499592399733,6.466028,results/suitesparse_normalized_TorusMDS_random_1x_scale2_comparison.csv,
273,HB,will199,64,199,TorusMDS_random_1x_scale2,5.6453,0.9854651877108772,1.014749188982399,10000.0,max_iters,0.0042,0.3117724005640352,0.3595355947215861,0.2546297722166699,0.4686384207917606,0.3250045222881328,7.359017,results/suitesparse_normalized_TorusMDS_random_1x_scale2_comparison.csv,
292,Bai,bfwa398,65,398,TorusMDS_random_1x_scale2,5.9547,1.0494943621161217,0.9528398018105356,10000.0,max_iters,0.0142,0.1751097984391094,0.2074307525380318,0.137375128889194,0.9231546503541284,0.7213197599397054,21.743298,results/suitesparse_normalized_TorusMDS_random_1x_scale2_comparison.csv,
295,Bai,bfwb398,66,209,TorusMDS_random_1x_scale2,5.6079,0.9969867797684544,1.0030223271689174,10000.0,max_iters,0.0037,0.1105680539407163,0.1829439669259676,0.0917100878972625,0.9698438559514244,0.6307636275145565,27.43986,results/suitesparse_normalized_TorusMDS_random_1x_scale2_comparison.csv,
298,Bai,bwm200,67,200,TorusMDS_random_1x_scale2,6.7321,1.0051976857306122,0.9948291905120789,10000.0,max_iters,0.0012,0.0146463405718485,0.0516538009682641,0.0150797605861209,0.9996328721440568,0.9916666666666668,135.219233,results/suitesparse_normalized_TorusMDS_random_1x_scale2_comparison.csv,
307,Bai,ck400,68,200,TorusMDS_random_1x_scale2,6.6719,1.051470045202482,0.9510494422191834,10000.0,max_iters,0.0017,0.1003921975112546,0.1096324276816,0.0770264603859696,0.9835517443669752,0.9937777777777776,84.491289,results/suitesparse_normalized_TorusMDS_random_1x_scale2_comparison.csv,
313,Bai,lop163,69,163,TorusMDS_random_1x_scale2,5.7163,0.9995119005802192,1.0004883377771665,10000.0,max_iters,0.0022,0.088927357273582,0.2487902314552638,0.0735875993614315,0.975178433462674,0.5175457527298919,69.449267,results/suitesparse_normalized_TorusMDS_random_1x_scale2_comparison.csv,
314,Bai,mhda416,70,409,TorusMDS_random_1x_scale2,5.7304,1.0105634633143774,0.989546957021648,10000.0,max_iters,0.0177,0.0426908203920701,0.1657307859170765,0.0395092250300449,0.9955731380794068,0.9222092195214484,57.650131,results/suitesparse_normalized_TorusMDS_random_1x_scale2_comparison.csv,
315,Bai,mhdb416,71,102,TorusMDS_random_1x_scale2,6.0379,1.0107136241940209,0.9893999408560816,10000.0,max_iters,0.0009,0.0355076317610019,0.1050392825801445,0.0341972853287357,0.9976126860730596,0.9826080586080584,36.274189,results/suitesparse_normalized_TorusMDS_random_1x_scale2_comparison.csv,
316,Bai,odepa400,72,400,TorusMDS_random_1x_scale2,6.7347,2.784614506630692,0.3591161353281797,10000.0,max_iters,0.0032,0.0152598233420923,0.0405814550895496,0.0136520987826489,0.9999778935506576,1.0,141.749569,results/suitesparse_normalized_TorusMDS_random_1x_scale2_comparison.csv,
318,Bai,olm100,73,100,TorusMDS_random_1x_scale2,6.6724,1.001902798503578,0.998100815262299,10000.0,max_iters,0.0007,0.0054143738683909,0.031851337526478,0.0035271381981725,0.9995710445891388,1.0,67.555103,results/suitesparse_normalized_TorusMDS_random_1x_scale2_comparison.csv,
323,Bai,pde225,74,225,TorusMDS_random_1x_scale2,6.9577,1.000177336262604,0.9998226951799702,10000.0,max_iters,0.003,0.0976207529776591,0.1257476357890714,0.0853528457305007,0.9779411736400204,1.0,35.313844,results/suitesparse_normalized_TorusMDS_random_1x_scale2_comparison.csv,
327,Bai,qc324,75,324,TorusMDS_random_1x_scale2,5.9989,1.000333255432793,0.9996668555893916,10000.0,max_iters,0.1043,0.173744398229091,0.2797290868890892,0.1537217450157115,0.930022907787069,0.9292180341271146,6.240426,results/suitesparse_normalized_TorusMDS_random_1x_scale2_comparison.csv,
334,Bai,rw136,76,136,TorusMDS_random_1x_scale2,5.9164,0.6293282585094346,1.5889958642068642,10000.0,max_iters,0.0016,0.1019074510996687,0.1462594640790585,0.0860819542860079,0.9698362107614252,0.8732949142360903,18.208216,results/suitesparse_normalized_TorusMDS_random_1x_scale2_comparison.csv,
337,Bai,tub100,77,100,TorusMDS_random_1x_scale2,6.7648,0.9980790439882372,1.0019246531858708,10000.0,max_iters,0.0006,0.0253138245402494,0.0664747575350249,0.026626642104128,0.9989762736876354,1.0,68.150163,results/suitesparse_normalized_TorusMDS_random_1x_scale2_comparison.csv,
380,DRIVCAV,cavity01,78,290,TorusMDS_random_1x_scale2,5.7448,1.0009555099763932,0.9990454021513748,10000.0,max_iters,0.0104,0.1396303208936249,0.1959447847930845,0.1120910743917345,0.9465137842831844,0.7842192997921145,11.176642,results/suitesparse_normalized_TorusMDS_random_1x_scale2_comparison.csv,
381,DRIVCAV,cavity02,79,162,TorusMDS_random_1x_scale2,5.5509,0.999998117563558,1.0000018824399857,10000.0,max_iters,0.0041,0.1480041806823751,0.2079615284516947,0.1274417775242164,0.9421457488672716,0.9119935784130362,9.767492,results/suitesparse_normalized_TorusMDS_random_1x_scale2_comparison.csv,
382,DRIVCAV,cavity03,80,290,TorusMDS_random_1x_scale2,5.6508,0.9993297536295388,1.0006706959019551,10000.0,max_iters,0.0103,0.1386617960158769,0.1949869428990903,0.1109917574350511,0.9470635951074056,0.7835846725315324,11.176053,results/suitesparse_normalized_TorusMDS_random_1x_scale2_comparison.csv,
383,DRIVCAV,cavity04,81,162,TorusMDS_random_1x_scale2,5.5835,0.999998117563558,1.0000018824399857,10000.0,max_iters,0.0038,0.1480041806823751,0.2079615284516947,0.1274417775242164,0.9421457488672716,0.9119935784130362,9.767492,results/suitesparse_normalized_TorusMDS_random_1x_scale2_comparison.csv,
406,FIDAP,ex1,82,216,TorusMDS_random_1x_scale2,5.6118,1.0093325400070254,0.9907537509818511,10000.0,max_iters,0.0061,0.1650955578322653,0.2375958140821312,0.1355142895208013,0.931818663309454,0.8871603386357798,37.64553,results/suitesparse_normalized_TorusMDS_random_1x_scale2_comparison.csv,
416,FIDAP,ex2,83,441,TorusMDS_random_1x_scale2,5.9432,0.9967212445681206,1.003289541032408,10000.0,max_iters,0.0389,0.1900913118084599,0.2619039734280378,0.153954666655141,0.8934871057677719,0.8027810306737144,47.010063,results/suitesparse_normalized_TorusMDS_random_1x_scale2_comparison.csv,
824,TOKAMAK,utm300,84,300,TorusMDS_random_1x_scale2,5.6374,1.0060660967217294,0.993970478936229,10000.0,max_iters,0.0105,0.1931360692077257,0.2305902319033643,0.1461763340428843,0.8950092012128865,0.6470129243417143,12.574188,results/suitesparse_normalized_TorusMDS_random_1x_scale2_comparison.csv,
861,MathWorks,pivtol,85,102,TorusMDS_random_1x_scale2,6.6808,0.9820884227664922,1.018238253112741,10000.0,max_iters,0.0006,0.0017147322860494,0.0034989335474668,0.001005254554849,0.9998001179605358,1.0,99.07855,results/suitesparse_normalized_TorusMDS_random_1x_scale2_comparison.csv,
875,Pothen,mesh2e1,86,306,TorusMDS_random_1x_scale2,5.8457,1.002585478406901,0.9974211890531176,10000.0,max_iters,0.0081,0.1187916444294648,0.1563039519087594,0.1010136223290553,0.9606183763384294,0.8028058361391693,63.449753,results/suitesparse_normalized_TorusMDS_random_1x_scale2_comparison.csv,
876,Pothen,mesh2em5,87,306,TorusMDS_random_1x_scale2,5.7901,1.002585478406901,0.9974211890531176,10000.0,max_iters,0.008,0.1187916444294648,0.1563039519087594,0.1010136223290553,0.9606183763384294,0.8028058361391693,63.449753,results/suitesparse_normalized_TorusMDS_random_1x_scale2_comparison.csv,
877,Pothen,mesh3e1,88,289,TorusMDS_random_1x_scale2,6.9205,0.9999778351310702,1.000022165360222,10000.0,max_iters,0.0051,0.0975866331754825,0.1227383152820163,0.0850997415933385,0.9782917179533334,1.0,40.255014,results/suitesparse_normalized_TorusMDS_random_1x_scale2_comparison.csv,
878,Pothen,mesh3em5,89,289,TorusMDS_random_1x_scale2,6.9046,0.9999778351310702,1.000022165360222,10000.0,max_iters,0.0053,0.0975866331754825,0.1227383152820163,0.0850997415933385,0.9782917179533334,1.0,40.255014,results/suitesparse_normalized_TorusMDS_random_1x_scale2_comparison.csv,
884,Pothen,sphere3,90,258,TorusMDS_random_1x_scale2,5.6541,1.009275409116552,0.9908098334381584,10000.0,max_iters,0.0045,0.1497102154759897,0.2889193992949057,0.1129853279726162,0.918450933483582,0.8080714285714287,18.376252,results/suitesparse_normalized_TorusMDS_random_1x_scale2_comparison.csv,
908,vanHeukelum,cage7,91,340,TorusMDS_random_1x_scale2,5.7993,1.1645237804213693,0.8587201195995857,10000.0,max_iters,0.0111,0.2505964165837668,0.2983386283143537,0.2038836663427003,0.7929219909173215,0.410070446964033,13.939386,results/suitesparse_normalized_TorusMDS_random_1x_scale2_comparison.csv,
926,FEMLAB,poisson2D,92,367,TorusMDS_random_1x_scale2,5.9458,0.9987409007759704,1.0012606865534908,10000.0,max_iters,0.0121,0.0505841751347414,0.0717693103146098,0.0437993539337797,0.993385299857832,0.950063492063492,46.687088,results/suitesparse_normalized_TorusMDS_random_1x_scale2_comparison.csv,
929,FEMLAB,problem1,93,415,TorusMDS_random_1x_scale2,7.0233,1.2604485591586512,0.7933683550461587,10000.0,max_iters,0.0142,0.1575598298618004,0.1847384806583831,0.1228920121886797,0.9282357314845,0.8136297376093296,29.42093,results/suitesparse_normalized_TorusMDS_random_1x_scale2_comparison.csv,
1112,Sandia,oscil_dcop_01,94,426,TorusMDS_random_1x_scale2,6.9901,1.0050444730876316,0.9949808459001476,10000.0,max_iters,0.0081,0.0839158225625797,0.1735536792949365,0.0759823663314672,0.98013720357402,0.5822880371660862,81.198416,results/suitesparse_normalized_TorusMDS_random_1x_scale2_comparison.csv,
1113,Sandia,oscil_dcop_02,95,426,TorusMDS_random_1x_scale2,6.9693,1.0050444730876316,0.9949808459001476,10000.0,max_iters,0.0081,0.0839158225625797,0.1735536792949365,0.0759823663314672,0.98013720357402,0.5822880371660862,81.198416,results/suitesparse_normalized_TorusMDS_random_1x_scale2_comparison.csv,
1114,Sandia,oscil_dcop_03,96,426,TorusMDS_random_1x_scale2,6.9466,1.0050444730876316,0.9949808459001476,10000.0,max_iters,0.0081,0.0839158225625797,0.1735536792949365,0.0759823663314672,0.98013720357402,0.5822880371660862,81.198416,results/suitesparse_normalized_TorusMDS_random_1x_scale2_comparison.csv,
1115,Sandia,oscil_dcop_04,97,426,TorusMDS_random_1x_scale2,6.9427,1.0050444730876316,0.9949808459001476,10000.0,max_iters,0.0081,0.0839158225625797,0.1735536792949365,0.0759823663314672,0.98013720357402,0.5822880371660862,81.198416,results/suitesparse_normalized_TorusMDS_random_1x_scale2_comparison.csv,
1116,Sandia,oscil_dcop_05,98,426,TorusMDS_random_1x_scale2,6.9433,1.0050444730876316,0.9949808459001476,10000.0,max_iters,0.0079,0.0839158225625797,0.1735536792949365,0.0759823663314672,0.98013720357402,0.5822880371660862,81.198416,results/suitesparse_normalized_TorusMDS_random_1x_scale2_comparison.csv,
1117,Sandia,oscil_dcop_06,99,426,TorusMDS_random_1x_scale2,6.912,1.0050444730876316,0.9949808459001476,10000.0,max_iters,0.0081,0.0839158225625797,0.1735536792949365,0.0759823663314672,0.98013720357402,0.5822880371660862,81.198416,results/suitesparse_normalized_TorusMDS_random_1x_scale2_comparison.csv,
1118,Sandia,oscil_dcop_07,100,426,TorusMDS_random_1x_scale2,6.9541,1.0050444730876316,0.9949808459001476,10000.0,max_iters,0.0079,0.0839158225625797,0.1735536792949365,0.0759823663314672,0.98013720357402,0.5822880371660862,81.198416,results/suitesparse_normalized_TorusMDS_random_1x_scale2_comparison.csv,
1119,Sandia,oscil_dcop_08,101,426,TorusMDS_random_1x_scale2,6.9327,1.0050444730876316,0.9949808459001476,10000.0,max_iters,0.008,0.0839158225625797,0.1735536792949365,0.0759823663314672,0.98013720357402,0.5822880371660862,81.198416,results/suitesparse_normalized_TorusMDS_random_1x_scale2_comparison.csv,
1120,Sandia,oscil_dcop_09,102,426,TorusMDS_random_1x_scale2,6.9366,1.0050444730876316,0.9949808459001476,10000.0,max_iters,0.008,0.0839158225625797,0.1735536792949365,0.0759823663314672,0.98013720357402,0.5822880371660862,81.198416,results/suitesparse_normalized_TorusMDS_random_1x_scale2_comparison.csv,
1121,Sandia,oscil_dcop_10,103,426,TorusMDS_random_1x_scale2,6.9296,1.0050444730876316,0.9949808459001476,10000.0,max_iters,0.0081,0.0839158225625797,0.1735536792949365,0.0759823663314672,0.98013720357402,0.5822880371660862,81.198416,results/suitesparse_normalized_TorusMDS_random_1x_scale2_comparison.csv,
1122,Sandia,oscil_dcop_11,104,426,TorusMDS_random_1x_scale2,6.9463,1.0050444730876316,0.9949808459001476,10000.0,max_iters,0.008,0.0839158225625797,0.1735536792949365,0.0759823663314672,0.98013720357402,0.5822880371660862,81.198416,results/suitesparse_normalized_TorusMDS_random_1x_scale2_comparison.csv,
1123,Sandia,oscil_dcop_12,105,426,TorusMDS_random_1x_scale2,6.9374,1.0050444730876316,0.9949808459001476,10000.0,max_iters,0.0079,0.0839158225625797,0.1735536792949365,0.0759823663314672,0.98013720357402,0.5822880371660862,81.198416,results/suitesparse_normalized_TorusMDS_random_1x_scale2_comparison.csv,
1124,Sandia,oscil_dcop_13,106,426,TorusMDS_random_1x_scale2,6.9491,1.0050444730876316,0.9949808459001476,10000.0,max_iters,0.0082,0.0839158225625797,0.1735536792949365,0.0759823663314672,0.98013720357402,0.5822880371660862,81.198416,results/suitesparse_normalized_TorusMDS_random_1x_scale2_comparison.csv,
1125,Sandia,oscil_dcop_14,107,426,TorusMDS_random_1x_scale2,6.9282,1.0050444730876316,0.9949808459001476,10000.0,max_iters,0.0082,0.0839158225625797,0.1735536792949365,0.0759823663314672,0.98013720357402,0.5822880371660862,81.198416,results/suitesparse_normalized_TorusMDS_random_1x_scale2_comparison.csv,
1126,Sandia,oscil_dcop_15,108,426,TorusMDS_random_1x_scale2,6.9525,1.0050444730876316,0.9949808459001476,10000.0,max_iters,0.008,0.0839158225625797,0.1735536792949365,0.0759823663314672,0.98013720357402,0.5822880371660862,81.198416,results/suitesparse_normalized_TorusMDS_random_1x_scale2_comparison.csv,
1127,Sandia,oscil_dcop_16,109,426,TorusMDS_random_1x_scale2,6.957,1.0050444730876316,0.9949808459001476,10000.0,max_iters,0.0081,0.0839158225625797,0.1735536792949365,0.0759823663314672,0.98013720357402,0.5822880371660862,81.198416,results/suitesparse_normalized_TorusMDS_random_1x_scale2_comparison.csv,
1128,Sandia,oscil_dcop_17,110,426,TorusMDS_random_1x_scale2,6.9595,1.0050444730876316,0.9949808459001476,10000.0,max_iters,0.0083,0.0839158225625797,0.1735536792949365,0.0759823663314672,0.98013720357402,0.5822880371660862,81.198416,results/suitesparse_normalized_TorusMDS_random_1x_scale2_comparison.csv,
1129,Sandia,oscil_dcop_18,111,426,TorusMDS_random_1x_scale2,6.9555,1.0050444730876316,0.9949808459001476,10000.0,max_iters,0.0081,0.0839158225625797,0.1735536792949365,0.0759823663314672,0.98013720357402,0.5822880371660862,81.198416,results/suitesparse_normalized_TorusMDS_random_1x_scale2_comparison.csv,
1130,Sandia,oscil_dcop_19,112,426,TorusMDS_random_1x_scale2,6.9249,1.0050444730876316,0.9949808459001476,10000.0,max_iters,0.0081,0.0839158225625797,0.1735536792949365,0.0759823663314672,0.98013720357402,0.5822880371660862,81.198416,results/suitesparse_normalized_TorusMDS_random_1x_scale2_comparison.csv,
1131,Sandia,oscil_dcop_20,113,426,TorusMDS_random_1x_scale2,6.936,1.0050444730876316,0.9949808459001476,10000.0,max_iters,0.0081,0.0839158225625797,0.1735536792949365,0.0759823663314672,0.98013720357402,0.5822880371660862,81.198416,results/suitesparse_normalized_TorusMDS_random_1x_scale2_comparison.csv,
1132,Sandia,oscil_dcop_21,114,426,TorusMDS_random_1x_scale2,6.9406,1.0050444730876316,0.9949808459001476,10000.0,max_iters,0.0083,0.0839158225625797,0.1735536792949365,0.0759823663314672,0.98013720357402,0.5822880371660862,81.198416,results/suitesparse_normalized_TorusMDS_random_1x_scale2_comparison.csv,
1133,Sandia,oscil_dcop_22,115,426,TorusMDS_random_1x_scale2,6.9468,1.0050444730876316,0.9949808459001476,10000.0,max_iters,0.0081,0.0839158225625797,0.1735536792949365,0.0759823663314672,0.98013720357402,0.5822880371660862,81.198416,results/suitesparse_normalized_TorusMDS_random_1x_scale2_comparison.csv,
1134,Sandia,oscil_dcop_23,116,426,TorusMDS_random_1x_scale2,6.8602,1.0050444730876316,0.9949808459001476,10000.0,max_iters,0.0083,0.0839158225625797,0.1735536792949365,0.0759823663314672,0.98013720357402,0.5822880371660862,81.198416,results/suitesparse_normalized_TorusMDS_random_1x_scale2_comparison.csv,
1135,Sandia,oscil_dcop_24,117,426,TorusMDS_random_1x_scale2,6.8936,1.0050444730876316,0.9949808459001476,10000.0,max_iters,0.0083,0.0839158225625797,0.1735536792949365,0.0759823663314672,0.98013720357402,0.5822880371660862,81.198416,results/suitesparse_normalized_TorusMDS_random_1x_scale2_comparison.csv,
1136,Sandia,oscil_dcop_25,118,426,TorusMDS_random_1x_scale2,6.9116,1.0050444730876316,0.9949808459001476,10000.0,max_iters,0.0081,0.0839158225625797,0.1735536792949365,0.0759823663314672,0.98013720357402,0.5822880371660862,81.198416,results/suitesparse_normalized_TorusMDS_random_1x_scale2_comparison.csv,
1137,Sandia,oscil_dcop_26,119,426,TorusMDS_random_1x_scale2,6.9081,1.0050444730876316,0.9949808459001476,10000.0,max_iters,0.0084,0.0839158225625797,0.1735536792949365,0.0759823663314672,0.98013720357402,0.5822880371660862,81.198416,results/suitesparse_normalized_TorusMDS_random_1x_scale2_comparison.csv,
1138,Sandia,oscil_dcop_27,120,426,TorusMDS_random_1x_scale2,6.9267,1.0050444730876316,0.9949808459001476,10000.0,max_iters,0.0081,0.0839158225625797,0.1735536792949365,0.0759823663314672,0.98013720357402,0.5822880371660862,81.198416,results/suitesparse_normalized_TorusMDS_random_1x_scale2_comparison.csv,
1139,Sandia,oscil_dcop_28,121,426,TorusMDS_random_1x_scale2,6.8956,1.0050444730876316,0.9949808459001476,10000.0,max_iters,0.0081,0.0839158225625797,0.1735536792949365,0.0759823663314672,0.98013720357402,0.5822880371660862,81.198416,results/suitesparse_normalized_TorusMDS_random_1x_scale2_comparison.csv,
1140,Sandia,oscil_dcop_29,122,426,TorusMDS_random_1x_scale2,6.9066,1.0050444730876316,0.9949808459001476,10000.0,max_iters,0.0081,0.0839158225625797,0.1735536792949365,0.0759823663314672,0.98013720357402,0.5822880371660862,81.198416,results/suitesparse_normalized_TorusMDS_random_1x_scale2_comparison.csv,
1141,Sandia,oscil_dcop_30,123,426,TorusMDS_random_1x_scale2,6.9371,1.0050444730876316,0.9949808459001476,10000.0,max_iters,0.0079,0.0839158225625797,0.1735536792949365,0.0759823663314672,0.98013720357402,0.5822880371660862,81.198416,results/suitesparse_normalized_TorusMDS_random_1x_scale2_comparison.csv,
1142,Sandia,oscil_dcop_31,124,426,TorusMDS_random_1x_scale2,6.9092,1.0050444730876316,0.9949808459001476,10000.0,max_iters,0.0079,0.0839158225625797,0.1735536792949365,0.0759823663314672,0.98013720357402,0.5822880371660862,81.198416,results/suitesparse_normalized_TorusMDS_random_1x_scale2_comparison.csv,
1143,Sandia,oscil_dcop_32,125,426,TorusMDS_random_1x_scale2,6.8987,1.0050444730876316,0.9949808459001476,10000.0,max_iters,0.008,0.0839158225625797,0.1735536792949365,0.0759823663314672,0.98013720357402,0.5822880371660862,81.198416,results/suitesparse_normalized_TorusMDS_random_1x_scale2_comparison.csv,
1144,Sandia,oscil_dcop_33,126,426,TorusMDS_random_1x_scale2,6.9093,1.0050444730876316,0.9949808459001476,10000.0,max_iters,0.0082,0.0839158225625797,0.1735536792949365,0.0759823663314672,0.98013720357402,0.5822880371660862,81.198416,results/suitesparse_normalized_TorusMDS_random_1x_scale2_comparison.csv,
1145,Sandia,oscil_dcop_34,127,426,TorusMDS_random_1x_scale2,6.9263,1.0050444730876316,0.9949808459001476,10000.0,max_iters,0.008,0.0839158225625797,0.1735536792949365,0.0759823663314672,0.98013720357402,0.5822880371660862,81.198416,results/suitesparse_normalized_TorusMDS_random_1x_scale2_comparison.csv,
1146,Sandia,oscil_dcop_35,128,426,TorusMDS_random_1x_scale2,6.923,1.0050444730876316,0.9949808459001476,10000.0,max_iters,0.0079,0.0839158225625797,0.1735536792949365,0.0759823663314672,0.98013720357402,0.5822880371660862,81.198416,results/suitesparse_normalized_TorusMDS_random_1x_scale2_comparison.csv,
1147,Sandia,oscil_dcop_36,129,426,TorusMDS_random_1x_scale2,6.9144,1.0050444730876316,0.9949808459001476,10000.0,max_iters,0.0081,0.0839158225625797,0.1735536792949365,0.0759823663314672,0.98013720357402,0.5822880371660862,81.198416,results/suitesparse_normalized_TorusMDS_random_1x_scale2_comparison.csv,
1148,Sandia,oscil_dcop_37,130,426,TorusMDS_random_1x_scale2,6.8977,1.0050444730876316,0.9949808459001476,10000.0,max_iters,0.0081,0.0839158225625797,0.1735536792949365,0.0759823663314672,0.98013720357402,0.5822880371660862,81.198416,results/suitesparse_normalized_TorusMDS_random_1x_scale2_comparison.csv,
1149,Sandia,oscil_dcop_38,131,426,TorusMDS_random_1x_scale2,6.8895,1.0050444730876316,0.9949808459001476,10000.0,max_iters,0.0083,0.0839158225625797,0.1735536792949365,0.0759823663314672,0.98013720357402,0.5822880371660862,81.198416,results/suitesparse_normalized_TorusMDS_random_1x_scale2_comparison.csv,
1150,Sandia,oscil_dcop_39,132,426,TorusMDS_random_1x_scale2,6.8456,1.0050444730876316,0.9949808459001476,10000.0,max_iters,0.0082,0.0839158225625797,0.1735536792949365,0.0759823663314672,0.98013720357402,0.5822880371660862,81.198416,results/suitesparse_normalized_TorusMDS_random_1x_scale2_comparison.csv,
1151,Sandia,oscil_dcop_40,133,426,TorusMDS_random_1x_scale2,6.8867,1.0050444730876316,0.9949808459001476,10000.0,max_iters,0.0082,0.0839158225625797,0.1735536792949365,0.0759823663314672,0.98013720357402,0.5822880371660862,81.198416,results/suitesparse_normalized_TorusMDS_random_1x_scale2_comparison.csv,
1152,Sandia,oscil_dcop_41,134,426,TorusMDS_random_1x_scale2,6.9057,1.0050444730876316,0.9949808459001476,10000.0,max_iters,0.0081,0.0839158225625797,0.1735536792949365,0.0759823663314672,0.98013720357402,0.5822880371660862,81.198416,results/suitesparse_normalized_TorusMDS_random_1x_scale2_comparison.csv,
1153,Sandia,oscil_dcop_42,135,426,TorusMDS_random_1x_scale2,6.9032,1.0050444730876316,0.9949808459001476,10000.0,max_iters,0.0081,0.0839158225625797,0.1735536792949365,0.0759823663314672,0.98013720357402,0.5822880371660862,81.198416,results/suitesparse_normalized_TorusMDS_random_1x_scale2_comparison.csv,
1154,Sandia,oscil_dcop_43,136,426,TorusMDS_random_1x_scale2,6.8773,1.0050444730876316,0.9949808459001476,10000.0,max_iters,0.0087,0.0839158225625797,0.1735536792949365,0.0759823663314672,0.98013720357402,0.5822880371660862,81.198416,results/suitesparse_normalized_TorusMDS_random_1x_scale2_comparison.csv,
1155,Sandia,oscil_dcop_44,137,426,TorusMDS_random_1x_scale2,6.8425,1.0050444730876316,0.9949808459001476,10000.0,max_iters,0.0081,0.0839158225625797,0.1735536792949365,0.0759823663314672,0.98013720357402,0.5822880371660862,81.198416,results/suitesparse_normalized_TorusMDS_random_1x_scale2_comparison.csv,
1156,Sandia,oscil_dcop_45,138,426,TorusMDS_random_1x_scale2,6.8301,1.0050444730876316,0.9949808459001476,10000.0,max_iters,0.0078,0.0839158225625797,0.1735536792949365,0.0759823663314672,0.98013720357402,0.5822880371660862,81.198416,results/suitesparse_normalized_TorusMDS_random_1x_scale2_comparison.csv,
1157,Sandia,oscil_dcop_46,139,426,TorusMDS_random_1x_scale2,6.8512,1.0050444730876316,0.9949808459001476,10000.0,max_iters,0.008,0.0839158225625797,0.1735536792949365,0.0759823663314672,0.98013720357402,0.5822880371660862,81.198416,results/suitesparse_normalized_TorusMDS_random_1x_scale2_comparison.csv,
1158,Sandia,oscil_dcop_47,140,426,TorusMDS_random_1x_scale2,6.8421,1.0050444730876316,0.9949808459001476,10000.0,max_iters,0.0079,0.0839158225625797,0.1735536792949365,0.0759823663314672,0.98013720357402,0.5822880371660862,81.198416,results/suitesparse_normalized_TorusMDS_random_1x_scale2_comparison.csv,
1159,Sandia,oscil_dcop_48,141,426,TorusMDS_random_1x_scale2,6.882,1.0050444730876316,0.9949808459001476,10000.0,max_iters,0.0079,0.0839158225625797,0.1735536792949365,0.0759823663314672,0.98013720357402,0.5822880371660862,81.198416,results/suitesparse_normalized_TorusMDS_random_1x_scale2_comparison.csv,
1160,Sandia,oscil_dcop_49,142,426,TorusMDS_random_1x_scale2,6.9205,1.0050444730876316,0.9949808459001476,10000.0,max_iters,0.0079,0.0839158225625797,0.1735536792949365,0.0759823663314672,0.98013720357402,0.5822880371660862,81.198416,results/suitesparse_normalized_TorusMDS_random_1x_scale2_comparison.csv,
1161,Sandia,oscil_dcop_50,143,426,TorusMDS_random_1x_scale2,6.9144,1.0050444730876316,0.9949808459001476,10000.0,max_iters,0.0079,0.0839158225625797,0.1735536792949365,0.0759823663314672,0.98013720357402,0.5822880371660862,81.198416,results/suitesparse_normalized_TorusMDS_random_1x_scale2_comparison.csv,
1162,Sandia,oscil_dcop_51,144,426,TorusMDS_random_1x_scale2,6.9594,1.0050444730876316,0.9949808459001476,10000.0,max_iters,0.0084,0.0839158225625797,0.1735536792949365,0.0759823663314672,0.98013720357402,0.5822880371660862,81.198416,results/suitesparse_normalized_TorusMDS_random_1x_scale2_comparison.csv,
1163,Sandia,oscil_dcop_52,145,426,TorusMDS_random_1x_scale2,6.9361,1.0050444730876316,0.9949808459001476,10000.0,max_iters,0.0082,0.0839158225625797,0.1735536792949365,0.0759823663314672,0.98013720357402,0.5822880371660862,81.198416,results/suitesparse_normalized_TorusMDS_random_1x_scale2_comparison.csv,
1164,Sandia,oscil_dcop_53,146,426,TorusMDS_random_1x_scale2,6.9248,1.0050444730876316,0.9949808459001476,10000.0,max_iters,0.0079,0.0839158225625797,0.1735536792949365,0.0759823663314672,0.98013720357402,0.5822880371660862,81.198416,results/suitesparse_normalized_TorusMDS_random_1x_scale2_comparison.csv,
1165,Sandia,oscil_dcop_54,147,426,TorusMDS_random_1x_scale2,6.9566,1.0050444730876316,0.9949808459001476,10000.0,max_iters,0.0078,0.0839158225625797,0.1735536792949365,0.0759823663314672,0.98013720357402,0.5822880371660862,81.198416,results/suitesparse_normalized_TorusMDS_random_1x_scale2_comparison.csv,
1166,Sandia,oscil_dcop_55,148,426,TorusMDS_random_1x_scale2,6.883,1.0050444730876316,0.9949808459001476,10000.0,max_iters,0.0078,0.0839158225625797,0.1735536792949365,0.0759823663314672,0.98013720357402,0.5822880371660862,81.198416,results/suitesparse_normalized_TorusMDS_random_1x_scale2_comparison.csv,
1167,Sandia,oscil_dcop_56,149,426,TorusMDS_random_1x_scale2,6.9474,1.0050444730876316,0.9949808459001476,10000.0,max_iters,0.008,0.0839158225625797,0.1735536792949365,0.0759823663314672,0.98013720357402,0.5822880371660862,81.198416,results/suitesparse_normalized_TorusMDS_random_1x_scale2_comparison.csv,
1168,Sandia,oscil_dcop_57,150,426,TorusMDS_random_1x_scale2,6.9416,1.0050444730876316,0.9949808459001476,10000.0,max_iters,0.0091,0.0839158225625797,0.1735536792949365,0.0759823663314672,0.98013720357402,0.5822880371660862,81.198416,results/suitesparse_normalized_TorusMDS_random_1x_scale2_comparison.csv,
1169,Sandia,oscil_trans_01,151,430,TorusMDS_random_1x_scale2,6.9097,0.9987597962085368,1.0012417438068404,10000.0,max_iters,0.0081,0.0876461669159548,0.1716733786331868,0.0788456193890716,0.9794347280046848,0.5646513286962727,105.781268,results/suitesparse_normalized_TorusMDS_random_1x_scale2_comparison.csv,
1189,Rajat,rajat05,152,301,TorusMDS_random_1x_scale2,5.8064,1.0359694067404612,0.9652794701210008,10000.0,max_iters,0.0074,0.2655082547046306,0.2922667800072879,0.213609601022715,0.6894468107164162,0.3797103259059783,14.337147,results/suitesparse_normalized_TorusMDS_random_1x_scale2_comparison.csv,
1195,Rajat,rajat11,153,135,TorusMDS_random_1x_scale2,6.1273,0.8148174501563803,1.2272687579384551,10000.0,max_iters,0.0016,0.1970065230785631,0.2347566396576626,0.1588484051701093,0.8734900830443428,0.6798737031556373,18.452845,results/suitesparse_normalized_TorusMDS_random_1x_scale2_comparison.csv,
1198,Rajat,rajat14,154,180,TorusMDS_random_1x_scale2,5.7186,1.0076668830136186,0.992391450842674,10000.0,max_iters,0.0029,0.3370233241875561,0.3379119112300586,0.2581910902855404,0.2809685222028924,0.8877110221138536,4.983629,results/suitesparse_normalized_TorusMDS_random_1x_scale2_comparison.csv,
1325,Morandini,robot,155,111,TorusMDS_random_1x_scale2,5.8934,0.9961925780016514,1.003821973865722,10000.0,max_iters,0.0015,0.1535836067880552,0.2370645839060084,0.1307817031588934,0.9457251308209652,0.8535507611667772,33.272718,results/suitesparse_normalized_TorusMDS_random_1x_scale2_comparison.csv,
1477,Pajek,GD01_a,156,249,TorusMDS_random_1x_scale2,5.7839,1.0175572795253285,0.9827456597494753,10000.0,max_iters,0.0058,0.2819326860477993,0.3144686700541754,0.2266395432641007,0.7478297563665028,0.3326718651051451,11.97494,results/suitesparse_normalized_TorusMDS_random_1x_scale2_comparison.csv,
1484,Pajek,GD06_theory,157,101,TorusMDS_random_1x_scale2,6.1938,1.000125914769094,0.999874101083439,10000.0,max_iters,0.0009,0.3100542099587666,0.3696438512584001,0.2577332924480154,0.5316337999611626,0.5117495460991998,7.565714,results/suitesparse_normalized_TorusMDS_random_1x_scale2_comparison.csv,
1489,Pajek,GD96_b,158,111,TorusMDS_random_1x_scale2,5.8814,1.0105144453539254,0.9895949578927168,10000.0,max_iters,0.001,0.1299251078840128,0.2495311552524957,0.121624607855758,0.9595089521916744,0.8594555699041523,45.87141,results/suitesparse_normalized_TorusMDS_random_1x_scale2_comparison.csv,
1491,Pajek,GD96_d,159,180,TorusMDS_random_1x_scale2,5.551,0.9914462224618336,1.0086275759031356,10000.0,max_iters,0.0022,0.2471902347565741,0.2986598310881387,0.2037945538405224,0.8257771447170512,0.3572780876342178,60.444226,results/suitesparse_normalized_TorusMDS_random_1x_scale2_comparison.csv,
1496,Pajek,GD98_b,160,121,TorusMDS_random_1x_scale2,6.0122,1.06162116715231,0.941955596724204,10000.0,max_iters,0.0009,0.2005087337476448,0.2354518724201779,0.1655351063602,0.8924618372033188,0.4970031832968636,19.064583,results/suitesparse_normalized_TorusMDS_random_1x_scale2_comparison.csv,
1497,Pajek,GD98_c,161,112,TorusMDS_random_1x_scale2,6.0054,0.9982525574284824,1.0017505014723118,10000.0,max_iters,0.0012,0.3144610984417933,0.3483620309165467,0.2525745986323028,0.4255126043097763,0.2244972249972248,10.771573,results/suitesparse_normalized_TorusMDS_random_1x_scale2_comparison.csv,
1499,Pajek,GD99_c,162,105,TorusMDS_random_1x_scale2,5.8711,1.0047302871218775,0.9952919831495992,10000.0,max_iters,0.0009,0.1792709672034941,0.2136731641131383,0.1428475888228979,0.9160764581075274,0.6049067239949594,62.48213,results/suitesparse_normalized_TorusMDS_random_1x_scale2_comparison.csv,
1506,Pajek,Journals,163,124,TorusMDS_random_1x_scale2,5.9598,1.002280396202971,0.9977247921723204,10000.0,max_iters,0.0072,0.4189833645546348,0.3946077287722075,0.3337057590792657,0.2014132341357482,1.0,2.914804,results/suitesparse_normalized_TorusMDS_random_1x_scale2_comparison.csv,
1523,Pajek,SmallW,164,233,TorusMDS_random_1x_scale2,5.7947,1.2690775556110172,0.7879739071727058,10000.0,max_iters,0.0054,0.2728283274141563,0.3164812719302826,0.2184858873082488,0.7550436195880409,0.8458967800832947,6.317547,results/suitesparse_normalized_TorusMDS_random_1x_scale2_comparison.csv,
1529,Pajek,USAir97,165,332,TorusMDS_random_1x_scale2,5.8419,0.9715278100870298,1.02930661337468,10000.0,max_iters,0.0116,0.3011609867870385,0.3243002645120585,0.2416668662279495,0.7020721368335674,0.5672357027011837,7.617383,results/suitesparse_normalized_TorusMDS_random_1x_scale2_comparison.csv,
1630,Bai,rdb200,166,200,TorusMDS_random_1x_scale2,5.6777,1.000355261633608,0.9996448645323984,10000.0,max_iters,0.0023,0.1300859467225763,0.2031901921443095,0.1141207877037833,0.953269132942116,0.6236319791319792,77.616282,results/suitesparse_normalized_TorusMDS_random_1x_scale2_comparison.csv,
1631,Bai,rdb200l,167,200,TorusMDS_random_1x_scale2,5.6362,1.000355261633608,0.9996448645323984,10000.0,max_iters,0.0025,0.1300859467225763,0.2031901921443095,0.1141207877037833,0.953269132942116,0.6236319791319792,77.616282,results/suitesparse_normalized_TorusMDS_random_1x_scale2_comparison.csv,
1864,Muite,Chebyshev1,168,261,TorusMDS_random_1x_scale2,5.6845,1.0000120163472783,0.9999879837971124,10000.0,max_iters,0.0053,0.3327307706862522,0.3347926308818151,0.2511860334562782,0.181114225672445,1.0,4.71574,results/suitesparse_normalized_TorusMDS_random_1x_scale2_comparison.csv,
1942,JGD_CAG,CAG_mat364,169,364,TorusMDS_random_1x_scale2,6.1695,0.6909278504410606,1.4473291232386134,10000.0,max_iters,0.0299,0.2420409718084575,0.3022924239090076,0.2032568818077932,0.799981155882432,0.8600421705369893,7.809319,results/suitesparse_normalized_TorusMDS_random_1x_scale2_comparison.csv,
2097,JGD_Homology,n3c6-b1,170,105,TorusMDS_random_1x_scale2,6.0683,1.0041031704506878,0.9959135967583428,10000.0,max_iters,0.0011,0.2916650118591976,0.3526400287537353,0.2420065213721288,0.5790571829642506,0.4478587014058783,7.478444,results/suitesparse_normalized_TorusMDS_random_1x_scale2_comparison.csv,
2205,JGD_Trefethen,Trefethen_150,171,150,TorusMDS_random_1x_scale2,5.6467,0.9806522720249158,1.0197294479674572,10000.0,max_iters,0.0028,0.2819617508726933,0.3627536356144571,0.2348190540330058,0.6249693805888501,0.5357118020417624,6.429276,results/suitesparse_normalized_TorusMDS_random_1x_scale2_comparison.csv,
2206,JGD_Trefethen,Trefethen_200b,172,199,TorusMDS_random_1x_scale2,5.7073,0.9449166908847296,1.0582943550967396,10000.0,max_iters,0.0044,0.2742660469216199,0.3463568480590089,0.226538854545771,0.6381559175997671,0.5016447087793853,6.671758,results/suitesparse_normalized_TorusMDS_random_1x_scale2_comparison.csv,
2207,JGD_Trefethen,Trefethen_200,173,200,TorusMDS_random_1x_scale2,5.5953,0.989283580851685,1.0108325048102882,10000.0,max_iters,0.0045,0.2695658686754838,0.3493379669951314,0.2270548114648319,0.6392371746095892,0.5107073983663113,6.751339,results/suitesparse_normalized_TorusMDS_random_1x_scale2_comparison.csv,
2208,JGD_Trefethen,Trefethen_300,174,300,TorusMDS_random_1x_scale2,5.7183,1.020826278126884,0.9795986069587688,10000.0,max_iters,0.0095,0.2839626892132064,0.3555612614837877,0.2353687456141948,0.6112173894785777,0.4209977122638952,7.231171,results/suitesparse_normalized_TorusMDS_random_1x_scale2_comparison.csv,
2389,Newman,adjnoun,175,112,TorusMDS_random_1x_scale2,5.9733,1.0145696200794732,0.9856396054138384,10000.0,max_iters,0.0015,0.332658934048938,0.366339257158879,0.2685092576037491,0.5180667683065481,0.5188648525787614,6.559403,results/suitesparse_normalized_TorusMDS_random_1x_scale2_comparison.csv,
2392,Newman,celegansneural,176,297,TorusMDS_random_1x_scale2,5.731,1.0595096354607747,0.9438328510954084,10000.0,max_iters,0.0104,0.3091904287496534,0.3467932620958657,0.2533941086088289,0.617022640191497,0.68440613251447,6.324365,results/suitesparse_normalized_TorusMDS_random_1x_scale2_comparison.csv,
2397,Newman,football,177,115,TorusMDS_random_1x_scale2,6.3344,1.0229380023071977,0.9775763513962116,10000.0,max_iters,0.0018,0.2644577103163542,0.3089937689483069,0.2158079560991957,0.6408784745174706,0.6036102214983146,6.126152,results/suitesparse_normalized_TorusMDS_random_1x_scale2_comparison.csv,
2403,Newman,polbooks,178,105,TorusMDS_random_1x_scale2,6.4731,0.9976901318754456,1.0023152159681206,10000.0,max_iters,0.0014,0.2012842234823605,0.2607589480542592,0.1680873257730981,0.8974005965098528,0.7429731760571688,9.9243,results/suitesparse_normalized_TorusMDS_random_1x_scale2_comparison.csv,
2406,Arenas,jazz,179,198,TorusMDS_random_1x_scale2,5.5772,0.7424848357407714,1.3468288534166597,10000.0,max_iters,0.0068,0.2631991248566882,0.3053048744424018,0.2149312639215428,0.7675833605348791,0.7961893896878932,6.680656,results/suitesparse_normalized_TorusMDS_random_1x_scale2_comparison.csv,
2416,AG-Monien,grid1,180,252,TorusMDS_random_1x_scale2,7.1417,0.9548277231216988,1.0473093478377604,10000.0,max_iters,0.0046,0.0902122001613623,0.1209337031646063,0.0785916284419734,0.975214219947302,0.9783095238095236,31.205253,results/suitesparse_normalized_TorusMDS_random_1x_scale2_comparison.csv,
2417,AG-Monien,grid1_dual,181,224,TorusMDS_random_1x_scale2,6.8649,1.025420166861658,0.9752099990977772,10000.0,max_iters,0.0036,0.0904072828056346,0.120813577076077,0.0782954249340814,0.9757823250202636,0.9518650793650794,30.159213,results/suitesparse_normalized_TorusMDS_random_1x_scale2_comparison.csv,
2436,AG-Monien,cage,182,366,TorusMDS_random_1x_scale2,5.8026,0.9967915646666976,1.0032187625247162,10000.0,max_iters,0.0138,0.3859710218008545,0.4285740270691655,0.3103142752294796,0.1077888895249501,0.4117759731515722,5.638265,results/suitesparse_normalized_TorusMDS_random_1x_scale2_comparison.csv,
2559,CPM,cz148,183,148,TorusMDS_random_1x_scale2,5.547,1.0036689682197166,0.9963444438994418,10000.0,max_iters,0.0029,0.123025821198567,0.1862472539104159,0.1008907475021438,0.9655483135957464,0.9320028888514034,10.068024,results/suitesparse_normalized_TorusMDS_random_1x_scale2_comparison.csv,
2560,CPM,cz308,184,308,TorusMDS_random_1x_scale2,5.7023,0.9555176329830553,1.04655316184807,10000.0,max_iters,0.01,0.0585631676790642,0.1431896142442691,0.0523180327824828,0.9931457209970468,0.8944171219553838,25.202542,results/suitesparse_normalized_TorusMDS_random_1x_scale2_comparison.csv,
2691,VDOL,hangGlider_1,185,360,TorusMDS_random_1x_scale2,5.7944,1.0062340304165367,0.9938045919457168,10000.0,max_iters,0.0083,0.3594500526601232,0.3655887050177988,0.2770691693699751,0.260346513989063,0.7773237701473693,5.14918,results/suitesparse_normalized_TorusMDS_random_1x_scale2_comparison.csv,
2718,VDOL,orbitRaising_1,186,440,TorusMDS_random_1x_scale2,5.8199,0.9724661387036276,1.0283134396155706,10000.0,max_iters,0.0137,0.0981785229310534,0.2064414482340137,0.0884110771635357,0.9798446535909132,0.4513066109066043,69.699513,results/suitesparse_normalized_TorusMDS_random_1x_scale2_comparison.csv,
2735,VDOL,spaceStation_2,187,325,TorusMDS_random_1x_scale2,5.6001,0.9500236505238464,1.052605374033159,10000.0,max_iters,0.011,0.3106743540440447,0.3500708576553299,0.2460375162937249,0.6749535869727096,0.5948988649562843,7.260901,results/suitesparse_normalized_TorusMDS_random_1x_scale2_comparison.csv,
2748,VDOL,tumorAntiAngiogenesis_1,188,205,TorusMDS_random_1x_scale2,5.6314,1.0064926117177202,0.9935492703650952,10000.0,max_iters,0.003,0.3425604135071234,0.3527331463021584,0.2618062622846018,0.1898769851387868,0.9249129321489042,4.787251,results/suitesparse_normalized_TorusMDS_random_1x_scale2_comparison.csv,
2749,VDOL,tumorAntiAngiogenesis_2,189,305,TorusMDS_random_1x_scale2,5.6767,1.0007007721543868,0.9992997185833302,10000.0,max_iters,0.0059,0.3385690096660607,0.3356720348945115,0.253663818451064,0.1263598988698025,0.958966702689646,4.781714,results/suitesparse_normalized_TorusMDS_random_1x_scale2_comparison.csv,
2750,VDOL,tumorAntiAngiogenesis_3,190,410,TorusMDS_random_1x_scale2,5.8326,1.0034163873376296,0.9965952446255196,10000.0,max_iters,0.0114,0.3418818579071958,0.3571668351940022,0.2546327196022193,0.124445359814298,1.0,4.683328,results/suitesparse_normalized_TorusMDS_random_1x_scale2_comparison.csv,
2764,Mycielski,mycielskian8,191,191,TorusMDS_random_1x_scale2,5.6199,1.0034520668121614,0.9965598089571652,10000.0,max_iters,0.0049,0.3538634371991271,0.376144136016046,0.2782108128751833,0.1944314236179423,1.0,4.380825,results/suitesparse_normalized_TorusMDS_random_1x_scale2_comparison.csv,
2765,Mycielski,mycielskian9,192,383,TorusMDS_random_1x_scale2,5.812,1.0016577438687666,0.9983449996978372,10000.0,max_iters,0.0226,0.3593035154042164,0.3878659912147212,0.2811091745105064,0.1471674895762716,1.0,4.409078,results/suitesparse_normalized_TorusMDS_random_1x_scale2_comparison.csv,
2858,ML_Graph,breasttissue_10NN,193,106,TorusMDS_random_1x_scale2,5.9319,0.9656584052718132,1.0355628807668484,10000.0,max_iters,0.0018,0.2555898090084717,0.3088369026507523,0.2110404348565624,0.6749693449990559,0.7040385470776872,5.63543,results/suitesparse_normalized_TorusMDS_random_1x_scale2_comparison.csv,
2866,ML_Graph,dermatology_5NN,194,366,TorusMDS_random_1x_scale2,5.7483,1.0085012862366285,0.991570376406408,10000.0,max_iters,0.0121,0.119841614326115,0.1626399432659326,0.0957437124570618,0.9667892247478026,0.787919191919192,33.031593,results/suitesparse_normalized_TorusMDS_random_1x_scale2_comparison.csv,
2867,ML_Graph,Ecoli_10NN,195,336,TorusMDS_random_1x_scale2,5.788,1.11754729960194,0.8948167118798379,10000.0,max_iters,0.0133,0.1838455101641251,0.2365548126216204,0.1514319116967696,0.90154042382127,0.654809630680064,11.975883,results/suitesparse_normalized_TorusMDS_random_1x_scale2_comparison.csv,
2869,ML_Graph,Glass_10NN,196,214,TorusMDS_random_1x_scale2,5.7217,0.9431232097628764,1.0603068503121915,10000.0,max_iters,0.0057,0.2165013536798842,0.2726292686559023,0.1768840760522356,0.8076852922616256,0.6757513511660944,8.976327,results/suitesparse_normalized_TorusMDS_random_1x_scale2_comparison.csv,
2872,ML_Graph,iris_dataset_30NN,197,150,TorusMDS_random_1x_scale2,5.5337,0.973776932987974,1.0269292341230165,10000.0,max_iters,0.0046,0.1269644698521256,0.2277116048206263,0.1170502477929807,0.9675899793651932,0.9493327381228448,12.971066,results/suitesparse_normalized_TorusMDS_random_1x_scale2_comparison.csv,
2879,ML_Graph,Olivetti_norm_10NN,198,400,TorusMDS_random_1x_scale2,5.8471,0.9172600058350094,1.0902034250252413,10000.0,max_iters,0.0191,0.2610581725231986,0.3086599849971781,0.2135210179263873,0.7586941596281392,0.5353838644092523,8.587746,results/suitesparse_normalized_TorusMDS_random_1x_scale2_comparison.csv,
2890,ML_Graph,YaleA_10NN,199,165,TorusMDS_random_1x_scale2,5.5731,0.9046118882897914,1.10544644940555,10000.0,max_iters,0.0036,0.2656013212306318,0.3005493946235859,0.2168413151047253,0.7001332883647496,0.5772121789935182,7.104108,results/suitesparse_normalized_TorusMDS_random_1x_scale2_comparison.csv,
